<annotation verified="yes">
    <folder>Annotation</folder>
    <filename>23qweasrdxfgcf.jpg</filename>
    <path>rhesus-PascalVOC-export/Annotations/23qweasrdxfgcf.jpg</path>
    <source>
        <database>Unknown</database>
    </source>
    <size>
        <width>275</width>
        <height>183</height>
        <depth>3</depth>
    </size>
    <segmented>0</segmented>
    <object>
    <name>monkey</name>
    <pose>Unspecified</pose>
    <truncated>0</truncated>
    <difficult>0</difficult>
    <bndbox>
        <xmin>37.78774589300155</xmin>
        <ymin>9.241271942853928</ymin>
        <xmax>106.59998357295987</xmax>
        <ymax>140.29177272319794</ymax>
    </bndbox>
</object><object>
    <name>monkey</name>
    <pose>Unspecified</pose>
    <truncated>0</truncated>
    <difficult>0</difficult>
    <bndbox>
        <xmin>88.58827278017996</xmin>
        <ymin>26.17753645777702</ymin>
        <xmax>182.36584365367887</xmax>
        <ymax>153.3811272382736</ymax>
    </bndbox>
</object>
</annotation>
