<annotation verified="yes">
    <folder>Annotation</folder>
    <filename>5465trdgrdfhg.jpg</filename>
    <path>rhesus-PascalVOC-export/Annotations/5465trdgrdfhg.jpg</path>
    <source>
        <database>Unknown</database>
    </source>
    <size>
        <width>275</width>
        <height>183</height>
        <depth>3</depth>
    </size>
    <segmented>0</segmented>
    <object>
    <name>monkey</name>
    <pose>Unspecified</pose>
    <truncated>0</truncated>
    <difficult>0</difficult>
    <bndbox>
        <xmin>53.10678804727425</xmin>
        <ymin>4.549152147971977</ymin>
        <xmax>247.26094231569675</xmax>
        <ymax>177.62373196876652</ymax>
    </bndbox>
</object>
</annotation>
