<annotation verified="yes">
    <folder>Annotation</folder>
    <filename>54ytrdfddgh.jpg</filename>
    <path>rhesus-PascalVOC-export/Annotations/54ytrdfddgh.jpg</path>
    <source>
        <database>Unknown</database>
    </source>
    <size>
        <width>269</width>
        <height>187</height>
        <depth>3</depth>
    </size>
    <segmented>0</segmented>
    <object>
    <name>monkey</name>
    <pose>Unspecified</pose>
    <truncated>0</truncated>
    <difficult>0</difficult>
    <bndbox>
        <xmin>22.761283574731973</xmin>
        <ymin>3.539265939744852</ymin>
        <xmax>238.80686475532693</xmax>
        <ymax>160.11215011682884</ymax>
    </bndbox>
</object>
</annotation>
