<annotation verified="yes">
    <folder>Annotation</folder>
    <filename>65ythgfhegfd.jpg</filename>
    <path>rhesus-PascalVOC-export/Annotations/65ythgfhegfd.jpg</path>
    <source>
        <database>Unknown</database>
    </source>
    <size>
        <width>293</width>
        <height>172</height>
        <depth>3</depth>
    </size>
    <segmented>0</segmented>
    <object>
    <name>monkey</name>
    <pose>Unspecified</pose>
    <truncated>0</truncated>
    <difficult>0</difficult>
    <bndbox>
        <xmin>6.755203175567083</xmin>
        <ymin>4.61254161310653</ymin>
        <xmax>269.93345829428307</xmax>
        <ymax>168.58954344923126</ymax>
    </bndbox>
</object>
</annotation>
