<annotation verified="yes">
    <folder>Annotation</folder>
    <filename>87iuyjhgb.jpg</filename>
    <path>rhesus-PascalVOC-export/Annotations/87iuyjhgb.jpg</path>
    <source>
        <database>Unknown</database>
    </source>
    <size>
        <width>275</width>
        <height>183</height>
        <depth>3</depth>
    </size>
    <segmented>0</segmented>
    <object>
    <name>monkey</name>
    <pose>Unspecified</pose>
    <truncated>0</truncated>
    <difficult>0</difficult>
    <bndbox>
        <xmin>69.44137766845243</xmin>
        <ymin>34.9457619230626</ymin>
        <xmax>236.50903737634644</xmax>
        <ymax>159.63390777070643</ymax>
    </bndbox>
</object>
</annotation>
