<annotation verified="yes">
    <folder>Annotation</folder>
    <filename>8i7ujyhgn.jpg</filename>
    <path>rhesus-PascalVOC-export/Annotations/8i7ujyhgn.jpg</path>
    <source>
        <database>Unknown</database>
    </source>
    <size>
        <width>277</width>
        <height>182</height>
        <depth>3</depth>
    </size>
    <segmented>0</segmented>
    <object>
    <name>monkey</name>
    <pose>Unspecified</pose>
    <truncated>0</truncated>
    <difficult>0</difficult>
    <bndbox>
        <xmin>4.101781485789048</xmin>
        <ymin>2.008880963509161</ymin>
        <xmax>277</xmax>
        <ymax>182</ymax>
    </bndbox>
</object>
</annotation>
