<annotation verified="yes">
    <folder>Annotation</folder>
    <filename>gfhbvc.jpg</filename>
    <path>rhesus-PascalVOC-export/Annotations/gfhbvc.jpg</path>
    <source>
        <database>Unknown</database>
    </source>
    <size>
        <width>194</width>
        <height>259</height>
        <depth>3</depth>
    </size>
    <segmented>0</segmented>
    <object>
    <name>monkey</name>
    <pose>Unspecified</pose>
    <truncated>0</truncated>
    <difficult>0</difficult>
    <bndbox>
        <xmin>29.086271350788618</xmin>
        <ymin>15.218081328828456</ymin>
        <xmax>173.74438902656985</xmax>
        <ymax>247.29378531073445</ymax>
    </bndbox>
</object>
</annotation>
