<annotation verified="yes">
    <folder>Annotation</folder>
    <filename>hngbvcfgbv.jpg</filename>
    <path>rhesus-PascalVOC-export/Annotations/hngbvcfgbv.jpg</path>
    <source>
        <database>Unknown</database>
    </source>
    <size>
        <width>275</width>
        <height>183</height>
        <depth>3</depth>
    </size>
    <segmented>0</segmented>
    <object>
    <name>monkey</name>
    <pose>Unspecified</pose>
    <truncated>0</truncated>
    <difficult>0</difficult>
    <bndbox>
        <xmin>102.73084819765019</xmin>
        <ymin>83.33220181222688</ymin>
        <xmax>196.39626804151033</xmax>
        <ymax>137.09492156465174</ymax>
    </bndbox>
</object><object>
    <name>monkey</name>
    <pose>Unspecified</pose>
    <truncated>0</truncated>
    <difficult>0</difficult>
    <bndbox>
        <xmin>30.982726319391922</xmin>
        <ymin>26.261018526756153</ymin>
        <xmax>272.90002744000657</xmax>
        <ymax>165.630505319369</ymax>
    </bndbox>
</object>
</annotation>
