<annotation verified="yes">
    <folder>Annotation</folder>
    <filename>images%20-%202022-02-02T104626.387.jpg</filename>
    <path>rhesus-PascalVOC-export/Annotations/images%20-%202022-02-02T104626.387.jpg</path>
    <source>
        <database>Unknown</database>
    </source>
    <size>
        <width>192</width>
        <height>263</height>
        <depth>3</depth>
    </size>
    <segmented>0</segmented>
    <object>
    <name>monkey</name>
    <pose>Unspecified</pose>
    <truncated>0</truncated>
    <difficult>0</difficult>
    <bndbox>
        <xmin>10.263834320599614</xmin>
        <ymin>7.132205090280307</ymin>
        <xmax>160.00155645551257</xmax>
        <ymax>250.22148253015206</ymax>
    </bndbox>
</object>
</annotation>
