<annotation verified="yes">
    <folder>Annotation</folder>
    <filename>images%20(6).jpg</filename>
    <path>rhesus-PascalVOC-export/Annotations/images%20(6).jpg</path>
    <source>
        <database>Unknown</database>
    </source>
    <size>
        <width>270</width>
        <height>186</height>
        <depth>3</depth>
    </size>
    <segmented>0</segmented>
    <object>
    <name>monkey</name>
    <pose>Unspecified</pose>
    <truncated>0</truncated>
    <difficult>0</difficult>
    <bndbox>
        <xmin>23.158808311135854</xmin>
        <ymin>18.705083944029727</ymin>
        <xmax>270</xmax>
        <ymax>174.23051168150823</ymax>
    </bndbox>
</object>
</annotation>
