<annotation verified="yes">
    <folder>Annotation</folder>
    <filename>images%20-%202022-02-02T104626.394.jpg</filename>
    <path>rhesus-PascalVOC-export/Annotations/images%20-%202022-02-02T104626.394.jpg</path>
    <source>
        <database>Unknown</database>
    </source>
    <size>
        <width>177</width>
        <height>285</height>
        <depth>3</depth>
    </size>
    <segmented>0</segmented>
    <object>
    <name>monkey</name>
    <pose>Unspecified</pose>
    <truncated>0</truncated>
    <difficult>0</difficult>
    <bndbox>
        <xmin>32.28741968328303</xmin>
        <ymin>19.322033898305083</ymin>
        <xmax>177</xmax>
        <ymax>216.08474084886453</ymax>
    </bndbox>
</object>
</annotation>
