<annotation verified="yes">
    <folder>Annotation</folder>
    <filename>images%20(61).jpg</filename>
    <path>rhesus-PascalVOC-export/Annotations/images%20(61).jpg</path>
    <source>
        <database>Unknown</database>
    </source>
    <size>
        <width>295</width>
        <height>171</height>
        <depth>3</depth>
    </size>
    <segmented>0</segmented>
    <object>
    <name>monkey</name>
    <pose>Unspecified</pose>
    <truncated>0</truncated>
    <difficult>0</difficult>
    <bndbox>
        <xmin>23.168702344527954</xmin>
        <ymin>14.40218531043784</ymin>
        <xmax>116.72821330934791</xmax>
        <ymax>144.78276699029124</ymax>
    </bndbox>
</object>
</annotation>
