<annotation verified="yes">
    <folder>Annotation</folder>
    <filename>images%20(5).jpg</filename>
    <path>rhesus-PascalVOC-export/Annotations/images%20(5).jpg</path>
    <source>
        <database>Unknown</database>
    </source>
    <size>
        <width>190</width>
        <height>266</height>
        <depth>3</depth>
    </size>
    <segmented>0</segmented>
    <object>
    <name>monkey</name>
    <pose>Unspecified</pose>
    <truncated>0</truncated>
    <difficult>0</difficult>
    <bndbox>
        <xmin>38.136116600790515</xmin>
        <ymin>98.58530844133452</ymin>
        <xmax>190</xmax>
        <ymax>253.9774011299435</ymax>
    </bndbox>
</object><object>
    <name>monkey</name>
    <pose>Unspecified</pose>
    <truncated>0</truncated>
    <difficult>0</difficult>
    <bndbox>
        <xmin>1.7882836383322012</xmin>
        <ymin>0.9016954885364252</ymin>
        <xmax>190</xmax>
        <ymax>235.94350282485874</ymax>
    </bndbox>
</object>
</annotation>
