<annotation verified="yes">
    <folder>Annotation</folder>
    <filename>images%20-%202022-02-02T104626.034.jpg</filename>
    <path>rhesus-PascalVOC-export/Annotations/images%20-%202022-02-02T104626.034.jpg</path>
    <source>
        <database>Unknown</database>
    </source>
    <size>
        <width>183</width>
        <height>275</height>
        <depth>3</depth>
    </size>
    <segmented>0</segmented>
    <object>
    <name>monkey</name>
    <pose>Unspecified</pose>
    <truncated>0</truncated>
    <difficult>0</difficult>
    <bndbox>
        <xmin>16.464171974522294</xmin>
        <ymin>5.593220931662005</ymin>
        <xmax>163.79666079381468</xmax>
        <ymax>250.45197265969833</ymax>
    </bndbox>
</object>
</annotation>
