<annotation verified="yes">
    <folder>Annotation</folder>
    <filename>images%20(86).jpg</filename>
    <path>rhesus-PascalVOC-export/Annotations/images%20(86).jpg</path>
    <source>
        <database>Unknown</database>
    </source>
    <size>
        <width>259</width>
        <height>194</height>
        <depth>3</depth>
    </size>
    <segmented>0</segmented>
    <object>
    <name>monkey</name>
    <pose>Unspecified</pose>
    <truncated>0</truncated>
    <difficult>0</difficult>
    <bndbox>
        <xmin>43.20659355179704</xmin>
        <ymin>8.110734045168773</ymin>
        <xmax>203.97277025541342</xmax>
        <ymax>183.4779761362884</ymax>
    </bndbox>
</object>
</annotation>
