<annotation verified="yes">
    <folder>Annotation</folder>
    <filename>images%20(12).jpg</filename>
    <path>rhesus-PascalVOC-export/Annotations/images%20(12).jpg</path>
    <source>
        <database>Unknown</database>
    </source>
    <size>
        <width>275</width>
        <height>183</height>
        <depth>3</depth>
    </size>
    <segmented>0</segmented>
    <object>
    <name>monkey</name>
    <pose>Unspecified</pose>
    <truncated>0</truncated>
    <difficult>0</difficult>
    <bndbox>
        <xmin>69.49307255278852</xmin>
        <ymin>17.111016160350733</ymin>
        <xmax>221.25997722597043</xmax>
        <ymax>172.40254237288136</ymax>
    </bndbox>
</object>
</annotation>
