<annotation verified="yes">
    <folder>Annotation</folder>
    <filename>images%20-%202022-02-02T104626.135.jpg</filename>
    <path>rhesus-PascalVOC-export/Annotations/images%20-%202022-02-02T104626.135.jpg</path>
    <source>
        <database>Unknown</database>
    </source>
    <size>
        <width>273</width>
        <height>185</height>
        <depth>3</depth>
    </size>
    <segmented>0</segmented>
    <object>
    <name>monkey</name>
    <pose>Unspecified</pose>
    <truncated>0</truncated>
    <difficult>0</difficult>
    <bndbox>
        <xmin>46.29602551318069</xmin>
        <ymin>28.33660232006979</ymin>
        <xmax>254.49245857860652</xmax>
        <ymax>151.59759773187272</ymax>
    </bndbox>
</object>
</annotation>
