<annotation verified="yes">
    <folder>Annotation</folder>
    <filename>images%20(60).jpg</filename>
    <path>rhesus-PascalVOC-export/Annotations/images%20(60).jpg</path>
    <source>
        <database>Unknown</database>
    </source>
    <size>
        <width>300</width>
        <height>168</height>
        <depth>3</depth>
    </size>
    <segmented>0</segmented>
    <object>
    <name>monkey</name>
    <pose>Unspecified</pose>
    <truncated>0</truncated>
    <difficult>0</difficult>
    <bndbox>
        <xmin>20.412372850098116</xmin>
        <ymin>10.10317554282504</ymin>
        <xmax>220.37487941695468</xmax>
        <ymax>154.3921361814773</ymax>
    </bndbox>
</object>
</annotation>
