<annotation verified="yes">
    <folder>Annotation</folder>
    <filename>images%20(11).jpg</filename>
    <path>rhesus-PascalVOC-export/Annotations/images%20(11).jpg</path>
    <source>
        <database>Unknown</database>
    </source>
    <size>
        <width>290</width>
        <height>174</height>
        <depth>3</depth>
    </size>
    <segmented>0</segmented>
    <object>
    <name>monkey</name>
    <pose>Unspecified</pose>
    <truncated>0</truncated>
    <difficult>0</difficult>
    <bndbox>
        <xmin>98.87722254916676</xmin>
        <ymin>2.310939574241638</ymin>
        <xmax>290</xmax>
        <ymax>154.34344704151152</ymax>
    </bndbox>
</object>
</annotation>
