<annotation verified="yes">
    <folder>Annotation</folder>
    <filename>images%20(8).jpg</filename>
    <path>rhesus-PascalVOC-export/Annotations/images%20(8).jpg</path>
    <source>
        <database>Unknown</database>
    </source>
    <size>
        <width>275</width>
        <height>183</height>
        <depth>3</depth>
    </size>
    <segmented>0</segmented>
    <object>
    <name>monkey</name>
    <pose>Unspecified</pose>
    <truncated>0</truncated>
    <difficult>0</difficult>
    <bndbox>
        <xmin>8.583497337508154</xmin>
        <ymin>9.59384536743164</ymin>
        <xmax>231.42643467806442</xmax>
        <ymax>181.34071187261324</ymax>
    </bndbox>
</object>
</annotation>
