<annotation verified="yes">
    <folder>Annotation</folder>
    <filename>images%20(56).jpg</filename>
    <path>rhesus-PascalVOC-export/Annotations/images%20(56).jpg</path>
    <source>
        <database>Unknown</database>
    </source>
    <size>
        <width>225</width>
        <height>225</height>
        <depth>3</depth>
    </size>
    <segmented>0</segmented>
    <object>
    <name>monkey</name>
    <pose>Unspecified</pose>
    <truncated>0</truncated>
    <difficult>0</difficult>
    <bndbox>
        <xmin>25.519073615639897</xmin>
        <ymin>10.42372978339761</ymin>
        <xmax>204.24790463205113</xmax>
        <ymax>212.0339021844379</ymax>
    </bndbox>
</object>
</annotation>
