<annotation verified="yes">
    <folder>Annotation</folder>
    <filename>images%20(49).jpg</filename>
    <path>rhesus-PascalVOC-export/Annotations/images%20(49).jpg</path>
    <source>
        <database>Unknown</database>
    </source>
    <size>
        <width>313</width>
        <height>161</height>
        <depth>3</depth>
    </size>
    <segmented>0</segmented>
    <object>
    <name>monkey</name>
    <pose>Unspecified</pose>
    <truncated>0</truncated>
    <difficult>0</difficult>
    <bndbox>
        <xmin>6.746954076850985</xmin>
        <ymin>7.397497236185821</ymin>
        <xmax>164.21499173308268</xmax>
        <ymax>150.74322657072696</ymax>
    </bndbox>
</object>
</annotation>
