<annotation verified="yes">
    <folder>Annotation</folder>
    <filename>images%20-%202022-02-02T104626.327.jpg</filename>
    <path>rhesus-PascalVOC-export/Annotations/images%20-%202022-02-02T104626.327.jpg</path>
    <source>
        <database>Unknown</database>
    </source>
    <size>
        <width>310</width>
        <height>163</height>
        <depth>3</depth>
    </size>
    <segmented>0</segmented>
    <object>
    <name>monkey</name>
    <pose>Unspecified</pose>
    <truncated>0</truncated>
    <difficult>0</difficult>
    <bndbox>
        <xmin>33.34195207174919</xmin>
        <ymin>19.500687135865874</ymin>
        <xmax>119.3777411216296</xmax>
        <ymax>163</ymax>
    </bndbox>
</object><object>
    <name>monkey</name>
    <pose>Unspecified</pose>
    <truncated>0</truncated>
    <difficult>0</difficult>
    <bndbox>
        <xmin>144.76937993620308</xmin>
        <ymin>21.71921171538095</ymin>
        <xmax>220.4512997697409</xmax>
        <ymax>163</ymax>
    </bndbox>
</object><object>
    <name>monkey</name>
    <pose>Unspecified</pose>
    <truncated>0</truncated>
    <difficult>0</difficult>
    <bndbox>
        <xmin>213.5487077534791</xmin>
        <ymin>4.4640132276682865</ymin>
        <xmax>310</xmax>
        <ymax>163</ymax>
    </bndbox>
</object>
</annotation>
