<annotation verified="yes">
    <folder>Annotation</folder>
    <filename>images%20-%202022-02-02T104625.868.jpg</filename>
    <path>rhesus-PascalVOC-export/Annotations/images%20-%202022-02-02T104625.868.jpg</path>
    <source>
        <database>Unknown</database>
    </source>
    <size>
        <width>275</width>
        <height>183</height>
        <depth>3</depth>
    </size>
    <segmented>0</segmented>
    <object>
    <name>monkey</name>
    <pose>Unspecified</pose>
    <truncated>0</truncated>
    <difficult>0</difficult>
    <bndbox>
        <xmin>50.352886040689455</xmin>
        <ymin>73.3980219712898</ymin>
        <xmax>162.5397714421479</xmax>
        <ymax>130.20996226979724</ymax>
    </bndbox>
</object><object>
    <name>monkey</name>
    <pose>Unspecified</pose>
    <truncated>0</truncated>
    <difficult>0</difficult>
    <bndbox>
        <xmin>117.49005630523499</xmin>
        <ymin>20.956230926513673</ymin>
        <xmax>209.99504984254628</xmax>
        <ymax>140.91683127559833</ymax>
    </bndbox>
</object>
</annotation>
