<annotation verified="yes">
    <folder>Annotation</folder>
    <filename>images%20-%202022-02-02T104626.346.jpg</filename>
    <path>rhesus-PascalVOC-export/Annotations/images%20-%202022-02-02T104626.346.jpg</path>
    <source>
        <database>Unknown</database>
    </source>
    <size>
        <width>273</width>
        <height>184</height>
        <depth>3</depth>
    </size>
    <segmented>0</segmented>
    <object>
    <name>monkey</name>
    <pose>Unspecified</pose>
    <truncated>0</truncated>
    <difficult>0</difficult>
    <bndbox>
        <xmin>23.500796884950066</xmin>
        <ymin>30.673451741536457</ymin>
        <xmax>268.38667992047715</xmax>
        <ymax>167.6693186352035</ymax>
    </bndbox>
</object>
</annotation>
