<annotation verified="yes">
    <folder>Annotation</folder>
    <filename>images%20(54).jpg</filename>
    <path>rhesus-PascalVOC-export/Annotations/images%20(54).jpg</path>
    <source>
        <database>Unknown</database>
    </source>
    <size>
        <width>259</width>
        <height>194</height>
        <depth>3</depth>
    </size>
    <segmented>0</segmented>
    <object>
    <name>monkey</name>
    <pose>Unspecified</pose>
    <truncated>0</truncated>
    <difficult>0</difficult>
    <bndbox>
        <xmin>53.58301894206073</xmin>
        <ymin>15.783052519889873</ymin>
        <xmax>259</xmax>
        <ymax>179.31300104001147</ymax>
    </bndbox>
</object>
</annotation>
