<annotation verified="yes">
    <folder>Annotation</folder>
    <filename>images%20-%202022-02-02T104626.211.jpg</filename>
    <path>rhesus-PascalVOC-export/Annotations/images%20-%202022-02-02T104626.211.jpg</path>
    <source>
        <database>Unknown</database>
    </source>
    <size>
        <width>310</width>
        <height>163</height>
        <depth>3</depth>
    </size>
    <segmented>0</segmented>
    <object>
    <name>monkey</name>
    <pose>Unspecified</pose>
    <truncated>0</truncated>
    <difficult>0</difficult>
    <bndbox>
        <xmin>115.18687496602416</xmin>
        <ymin>25.416754248462237</ymin>
        <xmax>214.5347950140951</xmax>
        <ymax>163</ymax>
    </bndbox>
</object><object>
    <name>monkey</name>
    <pose>Unspecified</pose>
    <truncated>0</truncated>
    <difficult>0</difficult>
    <bndbox>
        <xmin>110.00994035785288</xmin>
        <ymin>0</ymin>
        <xmax>274.685892215069</xmax>
        <ymax>163</ymax>
    </bndbox>
</object>
</annotation>
