<annotation verified="yes">
    <folder>Annotation</folder>
    <filename>images%20-%202022-02-02T104625.736.jpg</filename>
    <path>rhesus-PascalVOC-export/Annotations/images%20-%202022-02-02T104625.736.jpg</path>
    <source>
        <database>Unknown</database>
    </source>
    <size>
        <width>275</width>
        <height>183</height>
        <depth>3</depth>
    </size>
    <segmented>0</segmented>
    <object>
    <name>monkey</name>
    <pose>Unspecified</pose>
    <truncated>0</truncated>
    <difficult>0</difficult>
    <bndbox>
        <xmin>61.943341628694625</xmin>
        <ymin>20.737722630287283</ymin>
        <xmax>144.16998679310854</xmax>
        <ymax>176.31503356250366</ymax>
    </bndbox>
</object><object>
    <name>monkey</name>
    <pose>Unspecified</pose>
    <truncated>0</truncated>
    <difficult>0</difficult>
    <bndbox>
        <xmin>112.8976143141153</xmin>
        <ymin>37.562798924232595</ymin>
        <xmax>261.38669994194987</xmax>
        <ymax>161.01951117444395</ymax>
    </bndbox>
</object>
</annotation>
