<annotation verified="yes">
    <folder>Annotation</folder>
    <filename>images%20(10).jpg</filename>
    <path>rhesus-PascalVOC-export/Annotations/images%20(10).jpg</path>
    <source>
        <database>Unknown</database>
    </source>
    <size>
        <width>205</width>
        <height>246</height>
        <depth>3</depth>
    </size>
    <segmented>0</segmented>
    <object>
    <name>monkey</name>
    <pose>Unspecified</pose>
    <truncated>0</truncated>
    <difficult>0</difficult>
    <bndbox>
        <xmin>14.072033898305085</xmin>
        <ymin>9.450849048161912</ymin>
        <xmax>202.25507626291048</xmax>
        <ymax>222.650843216201</ymax>
    </bndbox>
</object>
</annotation>
