<annotation verified="yes">
    <folder>Annotation</folder>
    <filename>images%20(79).jpg</filename>
    <path>rhesus-PascalVOC-export/Annotations/images%20(79).jpg</path>
    <source>
        <database>Unknown</database>
    </source>
    <size>
        <width>259</width>
        <height>194</height>
        <depth>3</depth>
    </size>
    <segmented>0</segmented>
    <object>
    <name>monkey</name>
    <pose>Unspecified</pose>
    <truncated>0</truncated>
    <difficult>0</difficult>
    <bndbox>
        <xmin>108.55892247528656</xmin>
        <ymin>33.31977568373168</ymin>
        <xmax>155.43080742414605</xmax>
        <ymax>145.99321699411854</ymax>
    </bndbox>
</object>
</annotation>
