<annotation verified="yes">
    <folder>Annotation</folder>
    <filename>images%20-%202022-02-02T104626.388.jpg</filename>
    <path>rhesus-PascalVOC-export/Annotations/images%20-%202022-02-02T104626.388.jpg</path>
    <source>
        <database>Unknown</database>
    </source>
    <size>
        <width>259</width>
        <height>194</height>
        <depth>3</depth>
    </size>
    <segmented>0</segmented>
    <object>
    <name>monkey</name>
    <pose>Unspecified</pose>
    <truncated>0</truncated>
    <difficult>0</difficult>
    <bndbox>
        <xmin>14.952044755157406</xmin>
        <ymin>4.603390666724598</ymin>
        <xmax>161.91948327352833</xmax>
        <ymax>175.36723163841808</ymax>
    </bndbox>
</object><object>
    <name>monkey</name>
    <pose>Unspecified</pose>
    <truncated>0</truncated>
    <difficult>0</difficult>
    <bndbox>
        <xmin>95.11610060968056</xmin>
        <ymin>39.01921154819639</ymin>
        <xmax>236.16980374035825</xmax>
        <ymax>171.20225654214113</ymax>
    </bndbox>
</object>
</annotation>
