<annotation verified="yes">
    <folder>Annotation</folder>
    <filename>images%20-%202022-02-02T104625.796.jpg</filename>
    <path>rhesus-PascalVOC-export/Annotations/images%20-%202022-02-02T104625.796.jpg</path>
    <source>
        <database>Unknown</database>
    </source>
    <size>
        <width>193</width>
        <height>260</height>
        <depth>3</depth>
    </size>
    <segmented>0</segmented>
    <object>
    <name>monkey</name>
    <pose>Unspecified</pose>
    <truncated>0</truncated>
    <difficult>0</difficult>
    <bndbox>
        <xmin>54.299591528598796</xmin>
        <ymin>17.039551384704936</ymin>
        <xmax>141.77336474516545</xmax>
        <ymax>234.14690610379148</ymax>
    </bndbox>
</object><object>
    <name>monkey</name>
    <pose>Unspecified</pose>
    <truncated>0</truncated>
    <difficult>0</difficult>
    <bndbox>
        <xmin>77.48894961977186</xmin>
        <ymin>127.50282934156515</ymin>
        <xmax>173.47525244883258</xmax>
        <ymax>157.76272531283104</ymax>
    </bndbox>
</object>
</annotation>
