<annotation verified="yes">
    <folder>Annotation</folder>
    <filename>images%20-%202022-02-02T104626.330.jpg</filename>
    <path>rhesus-PascalVOC-export/Annotations/images%20-%202022-02-02T104626.330.jpg</path>
    <source>
        <database>Unknown</database>
    </source>
    <size>
        <width>240</width>
        <height>210</height>
        <depth>3</depth>
    </size>
    <segmented>0</segmented>
    <object>
    <name>monkey</name>
    <pose>Unspecified</pose>
    <truncated>0</truncated>
    <difficult>0</difficult>
    <bndbox>
        <xmin>51.78985859761279</xmin>
        <ymin>9.966101242324052</ymin>
        <xmax>211.51298079708744</xmax>
        <ymax>182.00001086218882</ymax>
    </bndbox>
</object>
</annotation>
