<annotation verified="yes">
    <folder>Annotation</folder>
    <filename>images%20-%202022-02-02T104625.811.jpg</filename>
    <path>rhesus-PascalVOC-export/Annotations/images%20-%202022-02-02T104625.811.jpg</path>
    <source>
        <database>Unknown</database>
    </source>
    <size>
        <width>304</width>
        <height>166</height>
        <depth>3</depth>
    </size>
    <segmented>0</segmented>
    <object>
    <name>monkey</name>
    <pose>Unspecified</pose>
    <truncated>0</truncated>
    <difficult>0</difficult>
    <bndbox>
        <xmin>9.730421183834492</xmin>
        <ymin>44.87281910289418</ymin>
        <xmax>163.96661146402832</xmax>
        <ymax>135.41827364834873</ymax>
    </bndbox>
</object><object>
    <name>monkey</name>
    <pose>Unspecified</pose>
    <truncated>0</truncated>
    <difficult>0</difficult>
    <bndbox>
        <xmin>97.243733885748</xmin>
        <ymin>6.240091830166904</ymin>
        <xmax>256.31493266960734</xmax>
        <ymax>130.10628101695667</ymax>
    </bndbox>
</object>
</annotation>
