<annotation verified="yes">
    <folder>Annotation</folder>
    <filename>images%20(97).jpg</filename>
    <path>rhesus-PascalVOC-export/Annotations/images%20(97).jpg</path>
    <source>
        <database>Unknown</database>
    </source>
    <size>
        <width>186</width>
        <height>271</height>
        <depth>3</depth>
    </size>
    <segmented>0</segmented>
    <object>
    <name>monkey</name>
    <pose>Unspecified</pose>
    <truncated>0</truncated>
    <difficult>0</difficult>
    <bndbox>
        <xmin>0</xmin>
        <ymin>8.574014803784044</ymin>
        <xmax>165.11326693311148</xmax>
        <ymax>263.3446327683616</ymax>
    </bndbox>
</object>
</annotation>
