<annotation verified="yes">
    <folder>Annotation</folder>
    <filename>images%20(55).jpg</filename>
    <path>rhesus-PascalVOC-export/Annotations/images%20(55).jpg</path>
    <source>
        <database>Unknown</database>
    </source>
    <size>
        <width>275</width>
        <height>183</height>
        <depth>3</depth>
    </size>
    <segmented>0</segmented>
    <object>
    <name>monkey</name>
    <pose>Unspecified</pose>
    <truncated>0</truncated>
    <difficult>0</difficult>
    <bndbox>
        <xmin>75.23085766268852</xmin>
        <ymin>9.718645645400224</ymin>
        <xmax>184.81732382810205</xmax>
        <ymax>139.57627118644066</ymax>
    </bndbox>
</object>
</annotation>
