<annotation verified="yes">
    <folder>Annotation</folder>
    <filename>images%20-%202022-02-02T104626.200.jpg</filename>
    <path>rhesus-PascalVOC-export/Annotations/images%20-%202022-02-02T104626.200.jpg</path>
    <source>
        <database>Unknown</database>
    </source>
    <size>
        <width>180</width>
        <height>281</height>
        <depth>3</depth>
    </size>
    <segmented>0</segmented>
    <object>
    <name>monkey</name>
    <pose>Unspecified</pose>
    <truncated>0</truncated>
    <difficult>0</difficult>
    <bndbox>
        <xmin>7.280305702780836</xmin>
        <ymin>16.19322155020331</ymin>
        <xmax>180</xmax>
        <ymax>260.0440726414912</ymax>
    </bndbox>
</object>
</annotation>
