<annotation verified="yes">
    <folder>Annotation</folder>
    <filename>images%20-%202022-02-02T104626.389.jpg</filename>
    <path>rhesus-PascalVOC-export/Annotations/images%20-%202022-02-02T104626.389.jpg</path>
    <source>
        <database>Unknown</database>
    </source>
    <size>
        <width>251</width>
        <height>200</height>
        <depth>3</depth>
    </size>
    <segmented>0</segmented>
    <object>
    <name>monkey</name>
    <pose>Unspecified</pose>
    <truncated>0</truncated>
    <difficult>0</difficult>
    <bndbox>
        <xmin>29.77978237568326</xmin>
        <ymin>43.84180704752604</ymin>
        <xmax>225.38472831048094</xmax>
        <ymax>167.68362616415078</ymax>
    </bndbox>
</object>
</annotation>
