<annotation verified="yes">
    <folder>Annotation</folder>
    <filename>images%20(43).jpg</filename>
    <path>rhesus-PascalVOC-export/Annotations/images%20(43).jpg</path>
    <source>
        <database>Unknown</database>
    </source>
    <size>
        <width>275</width>
        <height>183</height>
        <depth>3</depth>
    </size>
    <segmented>0</segmented>
    <object>
    <name>monkey</name>
    <pose>Unspecified</pose>
    <truncated>0</truncated>
    <difficult>0</difficult>
    <bndbox>
        <xmin>75.43762142496897</xmin>
        <ymin>7.857627513044971</ymin>
        <xmax>238.36995856206218</xmax>
        <ymax>183</ymax>
    </bndbox>
</object>
</annotation>
