<annotation verified="yes">
    <folder>Annotation</folder>
    <filename>images%20(53).jpg</filename>
    <path>rhesus-PascalVOC-export/Annotations/images%20(53).jpg</path>
    <source>
        <database>Unknown</database>
    </source>
    <size>
        <width>275</width>
        <height>183</height>
        <depth>3</depth>
    </size>
    <segmented>0</segmented>
    <object>
    <name>monkey</name>
    <pose>Unspecified</pose>
    <truncated>0</truncated>
    <difficult>0</difficult>
    <bndbox>
        <xmin>106.24589525667348</xmin>
        <ymin>35.772883722337625</ymin>
        <xmax>264.6293507482772</xmax>
        <ymax>161.49491209903005</ymax>
    </bndbox>
</object>
</annotation>
