<annotation verified="yes">
    <folder>Annotation</folder>
    <filename>jtyhfgbg.jpg</filename>
    <path>rhesus-PascalVOC-export/Annotations/jtyhfgbg.jpg</path>
    <source>
        <database>Unknown</database>
    </source>
    <size>
        <width>225</width>
        <height>225</height>
        <depth>3</depth>
    </size>
    <segmented>0</segmented>
    <object>
    <name>monkey</name>
    <pose>Unspecified</pose>
    <truncated>0</truncated>
    <difficult>0</difficult>
    <bndbox>
        <xmin>66.10169491525423</xmin>
        <ymin>23.64407070612503</ymin>
        <xmax>224.99999999999997</xmax>
        <ymax>217.11864794714975</ymax>
    </bndbox>
</object>
</annotation>
