<annotation verified="yes">
    <folder>Annotation</folder>
    <filename>kiujyhngbfvdc.jpg</filename>
    <path>rhesus-PascalVOC-export/Annotations/kiujyhngbfvdc.jpg</path>
    <source>
        <database>Unknown</database>
    </source>
    <size>
        <width>194</width>
        <height>259</height>
        <depth>3</depth>
    </size>
    <segmented>0</segmented>
    <object>
    <name>monkey</name>
    <pose>Unspecified</pose>
    <truncated>0</truncated>
    <difficult>0</difficult>
    <bndbox>
        <xmin>11.69946772737323</xmin>
        <ymin>2.926553672316384</ymin>
        <xmax>158.70023584905658</xmax>
        <ymax>211.00451530844475</ymax>
    </bndbox>
</object><object>
    <name>monkey</name>
    <pose>Unspecified</pose>
    <truncated>0</truncated>
    <difficult>0</difficult>
    <bndbox>
        <xmin>102.40363654370577</xmin>
        <ymin>146.62033451748434</ymin>
        <xmax>171.51155660377356</xmax>
        <ymax>250.5861581920904</ymax>
    </bndbox>
</object>
</annotation>
