<annotation verified="yes">
    <folder>Annotation</folder>
    <filename>MCZwaWQ9QXBp%20(2).jpg</filename>
    <path>rhesus-PascalVOC-export/Annotations/MCZwaWQ9QXBp%20(2).jpg</path>
    <source>
        <database>Unknown</database>
    </source>
    <size>
        <width>346</width>
        <height>225</height>
        <depth>3</depth>
    </size>
    <segmented>0</segmented>
    <object>
    <name>monkey</name>
    <pose>Unspecified</pose>
    <truncated>0</truncated>
    <difficult>0</difficult>
    <bndbox>
        <xmin>73.39603225374317</xmin>
        <ymin>36.70871717120529</ymin>
        <xmax>216.19840114585924</xmax>
        <ymax>205.14908624351568</ymax>
    </bndbox>
</object>
</annotation>
