<annotation verified="yes">
    <folder>Annotation</folder>
    <filename>NCZwaWQ9QXBp%20(1).jpg</filename>
    <path>rhesus-PascalVOC-export/Annotations/NCZwaWQ9QXBp%20(1).jpg</path>
    <source>
        <database>Unknown</database>
    </source>
    <size>
        <width>169</width>
        <height>225</height>
        <depth>3</depth>
    </size>
    <segmented>0</segmented>
    <object>
    <name>monkey</name>
    <pose>Unspecified</pose>
    <truncated>0</truncated>
    <difficult>0</difficult>
    <bndbox>
        <xmin>44.95018796992481</xmin>
        <ymin>15.254237288135592</ymin>
        <xmax>168.9682214493142</xmax>
        <ymax>202.37287747657905</ymax>
    </bndbox>
</object>
</annotation>
