<annotation verified="yes">
    <folder>Annotation</folder>
    <filename>NCZwaWQ9QXBp%20(3).jpg</filename>
    <path>rhesus-PascalVOC-export/Annotations/NCZwaWQ9QXBp%20(3).jpg</path>
    <source>
        <database>Unknown</database>
    </source>
    <size>
        <width>430</width>
        <height>225</height>
        <depth>3</depth>
    </size>
    <segmented>0</segmented>
    <object>
    <name>monkey</name>
    <pose>Unspecified</pose>
    <truncated>0</truncated>
    <difficult>0</difficult>
    <bndbox>
        <xmin>99.25050223560979</xmin>
        <ymin>9.4106463878327</ymin>
        <xmax>328.01392693642833</xmax>
        <ymax>187.0152078200656</ymax>
    </bndbox>
</object><object>
    <name>monkey</name>
    <pose>Unspecified</pose>
    <truncated>0</truncated>
    <difficult>0</difficult>
    <bndbox>
        <xmin>84.54672750848425</xmin>
        <ymin>104.54373015197058</ymin>
        <xmax>184.395636677979</xmax>
        <ymax>193.17491408083376</ymax>
    </bndbox>
</object>
</annotation>
