<annotation verified="yes">
    <folder>Annotation</folder>
    <filename>NCZwaWQ9QXBp.jpg</filename>
    <path>rhesus-PascalVOC-export/Annotations/NCZwaWQ9QXBp.jpg</path>
    <source>
        <database>Unknown</database>
    </source>
    <size>
        <width>169</width>
        <height>225</height>
        <depth>3</depth>
    </size>
    <segmented>0</segmented>
    <object>
    <name>monkey</name>
    <pose>Unspecified</pose>
    <truncated>0</truncated>
    <difficult>0</difficult>
    <bndbox>
        <xmin>38.596804511278194</xmin>
        <ymin>17.542371911517645</ymin>
        <xmax>160.83589837784157</xmax>
        <ymax>220.16948764607056</ymax>
    </bndbox>
</object>
</annotation>
