<annotation verified="yes">
    <folder>Annotation</folder>
    <filename>NiZwaWQ9QXBp%20(1).jpg</filename>
    <path>rhesus-PascalVOC-export/Annotations/NiZwaWQ9QXBp%20(1).jpg</path>
    <source>
        <database>Unknown</database>
    </source>
    <size>
        <width>340</width>
        <height>225</height>
        <depth>3</depth>
    </size>
    <segmented>0</segmented>
    <object>
    <name>monkey</name>
    <pose>Unspecified</pose>
    <truncated>0</truncated>
    <difficult>0</difficult>
    <bndbox>
        <xmin>83.88469597454336</xmin>
        <ymin>14.484797297297296</ymin>
        <xmax>178.2465291260251</xmax>
        <ymax>201.241549930057</ymax>
    </bndbox>
</object><object>
    <name>monkey</name>
    <pose>Unspecified</pose>
    <truncated>0</truncated>
    <difficult>0</difficult>
    <bndbox>
        <xmin>136.87872763419483</xmin>
        <ymin>17.998313903808594</ymin>
        <xmax>299.1053677932406</xmax>
        <ymax>176.37669331318622</ymax>
    </bndbox>
</object>
</annotation>
