<annotation verified="yes">
    <folder>Annotation</folder>
    <filename>NyZwaWQ9QXBp%20(7).jpg</filename>
    <path>rhesus-PascalVOC-export/Annotations/NyZwaWQ9QXBp%20(7).jpg</path>
    <source>
        <database>Unknown</database>
    </source>
    <size>
        <width>339</width>
        <height>225</height>
        <depth>3</depth>
    </size>
    <segmented>0</segmented>
    <object>
    <name>monkey</name>
    <pose>Unspecified</pose>
    <truncated>0</truncated>
    <difficult>0</difficult>
    <bndbox>
        <xmin>162.89523685523577</xmin>
        <ymin>91.02731778950034</ymin>
        <xmax>246.46581339599123</xmax>
        <ymax>199.88960762937626</ymax>
    </bndbox>
</object><object>
    <name>monkey</name>
    <pose>Unspecified</pose>
    <truncated>0</truncated>
    <difficult>0</difficult>
    <bndbox>
        <xmin>168.28688695463933</xmin>
        <ymin>5.8776213023476975</ymin>
        <xmax>339</xmax>
        <ymax>225.00000000000003</ymax>
    </bndbox>
</object>
</annotation>
