<annotation verified="yes">
    <folder>Annotation</folder>
    <filename>NyZwaWQ9QXBp%20(10).jpg</filename>
    <path>rhesus-PascalVOC-export/Annotations/NyZwaWQ9QXBp%20(10).jpg</path>
    <source>
        <database>Unknown</database>
    </source>
    <size>
        <width>339</width>
        <height>225</height>
        <depth>3</depth>
    </size>
    <segmented>0</segmented>
    <object>
    <name>monkey</name>
    <pose>Unspecified</pose>
    <truncated>0</truncated>
    <difficult>0</difficult>
    <bndbox>
        <xmin>114.90954274353876</xmin>
        <ymin>10.72791864772043</ymin>
        <xmax>248.62246109524492</xmax>
        <ymax>212.28481309856485</ymax>
    </bndbox>
</object><object>
    <name>monkey</name>
    <pose>Unspecified</pose>
    <truncated>0</truncated>
    <difficult>0</difficult>
    <bndbox>
        <xmin>84.98588880535148</xmin>
        <ymin>94.79977699097046</ymin>
        <xmax>202.5238568588469</xmax>
        <ymax>213.90157545398097</ymax>
    </bndbox>
</object>
</annotation>
