<annotation verified="yes">
    <folder>Annotation</folder>
    <filename>NyZwaWQ9QXBp.jpg</filename>
    <path>rhesus-PascalVOC-export/Annotations/NyZwaWQ9QXBp.jpg</path>
    <source>
        <database>Unknown</database>
    </source>
    <size>
        <width>281</width>
        <height>225</height>
        <depth>3</depth>
    </size>
    <segmented>0</segmented>
    <object>
    <name>monkey</name>
    <pose>Unspecified</pose>
    <truncated>0</truncated>
    <difficult>0</difficult>
    <bndbox>
        <xmin>4.358835729538585</xmin>
        <ymin>12.966102664753542</ymin>
        <xmax>242.38237096173728</xmax>
        <ymax>215.8474615064718</ymax>
    </bndbox>
</object><object>
    <name>monkey</name>
    <pose>Unspecified</pose>
    <truncated>0</truncated>
    <difficult>0</difficult>
    <bndbox>
        <xmin>49.11539293522209</xmin>
        <ymin>92.28813365354375</ymin>
        <xmax>264.5063451016111</xmax>
        <ymax>174.15254237288133</ymax>
    </bndbox>
</object>
</annotation>
