<annotation verified="yes">
    <folder>Annotation</folder>
    <filename>OCZwaWQ9QXBp%20(2).jpg</filename>
    <path>rhesus-PascalVOC-export/Annotations/OCZwaWQ9QXBp%20(2).jpg</path>
    <source>
        <database>Unknown</database>
    </source>
    <size>
        <width>338</width>
        <height>225</height>
        <depth>3</depth>
    </size>
    <segmented>0</segmented>
    <object>
    <name>monkey</name>
    <pose>Unspecified</pose>
    <truncated>0</truncated>
    <difficult>0</difficult>
    <bndbox>
        <xmin>33.66561046319738</xmin>
        <ymin>36.81856497010189</ymin>
        <xmax>296.27079175338594</xmax>
        <ymax>207.1469221542131</ymax>
    </bndbox>
</object>
</annotation>
