<annotation verified="yes">
    <folder>Annotation</folder>
    <filename>OCZwaWQ9QXBp%20(11).jpg</filename>
    <path>rhesus-PascalVOC-export/Annotations/OCZwaWQ9QXBp%20(11).jpg</path>
    <source>
        <database>Unknown</database>
    </source>
    <size>
        <width>338</width>
        <height>225</height>
        <depth>3</depth>
    </size>
    <segmented>0</segmented>
    <object>
    <name>monkey</name>
    <pose>Unspecified</pose>
    <truncated>0</truncated>
    <difficult>0</difficult>
    <bndbox>
        <xmin>71.29582915107015</xmin>
        <ymin>7.266326164131734</ymin>
        <xmax>228.53638581110994</xmax>
        <ymax>157.98275534786396</ymax>
    </bndbox>
</object>
</annotation>
