<annotation verified="yes">
    <folder>Annotation</folder>
    <filename>OCZwaWQ9QXBp%20(9).jpg</filename>
    <path>rhesus-PascalVOC-export/Annotations/OCZwaWQ9QXBp%20(9).jpg</path>
    <source>
        <database>Unknown</database>
    </source>
    <size>
        <width>338</width>
        <height>225</height>
        <depth>3</depth>
    </size>
    <segmented>0</segmented>
    <object>
    <name>monkey</name>
    <pose>Unspecified</pose>
    <truncated>0</truncated>
    <difficult>0</difficult>
    <bndbox>
        <xmin>105.16302186878728</xmin>
        <ymin>9.415577845786935</ymin>
        <xmax>220.47276752085145</xmax>
        <ymax>194.25141206428188</ymax>
    </bndbox>
</object><object>
    <name>monkey</name>
    <pose>Unspecified</pose>
    <truncated>0</truncated>
    <difficult>0</difficult>
    <bndbox>
        <xmin>138.49264823655722</xmin>
        <ymin>119.56483670135043</ymin>
        <xmax>279.60598882292186</xmax>
        <ymax>177.86333596528468</ymax>
    </bndbox>
</object>
</annotation>
