<annotation verified="yes">
    <folder>Annotation</folder>
    <filename>QSZwaWQ9QXBp%20(5).jpg</filename>
    <path>rhesus-PascalVOC-export/Annotations/QSZwaWQ9QXBp%20(5).jpg</path>
    <source>
        <database>Unknown</database>
    </source>
    <size>
        <width>253</width>
        <height>225</height>
        <depth>3</depth>
    </size>
    <segmented>0</segmented>
    <object>
    <name>monkey</name>
    <pose>Unspecified</pose>
    <truncated>0</truncated>
    <difficult>0</difficult>
    <bndbox>
        <xmin>71.97866667934399</xmin>
        <ymin>13.728812589483745</ymin>
        <xmax>225.55855065733942</xmax>
        <ymax>205.4237365722656</ymax>
    </bndbox>
</object>
</annotation>
