<annotation verified="yes">
    <folder>Annotation</folder>
    <filename>QSZwaWQ9QXBp.jpg</filename>
    <path>rhesus-PascalVOC-export/Annotations/QSZwaWQ9QXBp.jpg</path>
    <source>
        <database>Unknown</database>
    </source>
    <size>
        <width>300</width>
        <height>225</height>
        <depth>3</depth>
    </size>
    <segmented>0</segmented>
    <object>
    <name>monkey</name>
    <pose>Unspecified</pose>
    <truncated>0</truncated>
    <difficult>0</difficult>
    <bndbox>
        <xmin>40.55084939730369</xmin>
        <ymin>3.813559322033898</ymin>
        <xmax>274.95765039476294</xmax>
        <ymax>220.42374045161878</ymax>
    </bndbox>
</object>
</annotation>
