<annotation verified="yes">
    <folder>Annotation</folder>
    <filename>QSZwaWQ9QXBp%20(1).jpg</filename>
    <path>rhesus-PascalVOC-export/Annotations/QSZwaWQ9QXBp%20(1).jpg</path>
    <source>
        <database>Unknown</database>
    </source>
    <size>
        <width>260</width>
        <height>225</height>
        <depth>3</depth>
    </size>
    <segmented>0</segmented>
    <object>
    <name>monkey</name>
    <pose>Unspecified</pose>
    <truncated>0</truncated>
    <difficult>0</difficult>
    <bndbox>
        <xmin>26.150976055117283</xmin>
        <ymin>10.169491525423728</ymin>
        <xmax>220.67422283890778</xmax>
        <ymax>222.7118605274265</ymax>
    </bndbox>
</object>
</annotation>
