<annotation verified="yes">
    <folder>Annotation</folder>
    <filename>QSZwaWQ9QXBp%20(4).jpg</filename>
    <path>rhesus-PascalVOC-export/Annotations/QSZwaWQ9QXBp%20(4).jpg</path>
    <source>
        <database>Unknown</database>
    </source>
    <size>
        <width>300</width>
        <height>225</height>
        <depth>3</depth>
    </size>
    <segmented>0</segmented>
    <object>
    <name>monkey</name>
    <pose>Unspecified</pose>
    <truncated>0</truncated>
    <difficult>0</difficult>
    <bndbox>
        <xmin>44.36440871933759</xmin>
        <ymin>23.64407070612503</ymin>
        <xmax>278.51695691124866</xmax>
        <ymax>197.54238451941538</ymax>
    </bndbox>
</object>
</annotation>
