<annotation verified="yes">
    <folder>Annotation</folder>
    <filename>QyZwaWQ9QXBp%20(1).jpg</filename>
    <path>rhesus-PascalVOC-export/Annotations/QyZwaWQ9QXBp%20(1).jpg</path>
    <source>
        <database>Unknown</database>
    </source>
    <size>
        <width>331</width>
        <height>225</height>
        <depth>3</depth>
    </size>
    <segmented>0</segmented>
    <object>
    <name>monkey</name>
    <pose>Unspecified</pose>
    <truncated>0</truncated>
    <difficult>0</difficult>
    <bndbox>
        <xmin>85.34931220780784</xmin>
        <ymin>14.185852753488643</ymin>
        <xmax>316.1938369781312</xmax>
        <ymax>207.6069104044061</ymax>
    </bndbox>
</object>
</annotation>
