<annotation verified="yes">
    <folder>Annotation</folder>
    <filename>rdgfzcx.jpg</filename>
    <path>rhesus-PascalVOC-export/Annotations/rdgfzcx.jpg</path>
    <source>
        <database>Unknown</database>
    </source>
    <size>
        <width>275</width>
        <height>183</height>
        <depth>3</depth>
    </size>
    <segmented>0</segmented>
    <object>
    <name>monkey</name>
    <pose>Unspecified</pose>
    <truncated>0</truncated>
    <difficult>0</difficult>
    <bndbox>
        <xmin>121.42644468880079</xmin>
        <ymin>8.064291461546029</ymin>
        <xmax>225.95923785897895</xmax>
        <ymax>175.87802530544906</ymax>
    </bndbox>
</object><object>
    <name>monkey</name>
    <pose>Unspecified</pose>
    <truncated>0</truncated>
    <difficult>0</difficult>
    <bndbox>
        <xmin>52.97714218230655</xmin>
        <ymin>90.44160239376238</ymin>
        <xmax>117.490056305235</xmax>
        <ymax>157.74189923414542</ymax>
    </bndbox>
</object>
</annotation>
