<annotation verified="yes">
    <folder>Annotation</folder>
    <filename>rthgfvbxv.jpg</filename>
    <path>rhesus-PascalVOC-export/Annotations/rthgfvbxv.jpg</path>
    <source>
        <database>Unknown</database>
    </source>
    <size>
        <width>275</width>
        <height>183</height>
        <depth>3</depth>
    </size>
    <segmented>0</segmented>
    <object>
    <name>monkey</name>
    <pose>Unspecified</pose>
    <truncated>0</truncated>
    <difficult>0</difficult>
    <bndbox>
        <xmin>72.659042388734</xmin>
        <ymin>13.745486324936596</ymin>
        <xmax>189.43836978131213</xmax>
        <ymax>173.47444655005611</ymax>
    </bndbox>
</object>
</annotation>
