<annotation verified="yes">
    <folder>Annotation</folder>
    <filename>RyZwaWQ9QXBp%20(1).jpg</filename>
    <path>rhesus-PascalVOC-export/Annotations/RyZwaWQ9QXBp%20(1).jpg</path>
    <source>
        <database>Unknown</database>
    </source>
    <size>
        <width>150</width>
        <height>225</height>
        <depth>3</depth>
    </size>
    <segmented>0</segmented>
    <object>
    <name>monkey</name>
    <pose>Unspecified</pose>
    <truncated>0</truncated>
    <difficult>0</difficult>
    <bndbox>
        <xmin>33.43220726918366</xmin>
        <ymin>16.27118547083968</ymin>
        <xmax>139.70340146856793</xmax>
        <ymax>206.949156421726</ymax>
    </bndbox>
</object>
</annotation>
