<annotation verified="yes">
    <folder>Annotation</folder>
    <filename>SCZwaWQ9QXBp%20(3).jpg</filename>
    <path>rhesus-PascalVOC-export/Annotations/SCZwaWQ9QXBp%20(3).jpg</path>
    <source>
        <database>Unknown</database>
    </source>
    <size>
        <width>150</width>
        <height>225</height>
        <depth>3</depth>
    </size>
    <segmented>0</segmented>
    <object>
    <name>monkey</name>
    <pose>Unspecified</pose>
    <truncated>0</truncated>
    <difficult>0</difficult>
    <bndbox>
        <xmin>19.576282824500133</xmin>
        <ymin>14.491527363405389</ymin>
        <xmax>145.93220726918366</xmax>
        <ymax>208.47457627118644</ymax>
    </bndbox>
</object>
</annotation>
