<annotation verified="yes">
    <folder>Annotation</folder>
    <filename>SCZwaWQ9QXBp%20(10).jpg</filename>
    <path>rhesus-PascalVOC-export/Annotations/SCZwaWQ9QXBp%20(10).jpg</path>
    <source>
        <database>Unknown</database>
    </source>
    <size>
        <width>326</width>
        <height>225</height>
        <depth>3</depth>
    </size>
    <segmented>0</segmented>
    <object>
    <name>monkey</name>
    <pose>Unspecified</pose>
    <truncated>0</truncated>
    <difficult>0</difficult>
    <bndbox>
        <xmin>1.8591995764388214</xmin>
        <ymin>12.359778086344402</ymin>
        <xmax>139.56775610519603</xmax>
        <ymax>214.6674645252717</ymax>
    </bndbox>
</object><object>
    <name>monkey</name>
    <pose>Unspecified</pose>
    <truncated>0</truncated>
    <difficult>0</difficult>
    <bndbox>
        <xmin>157.5185918967398</xmin>
        <ymin>25.180290906857223</ymin>
        <xmax>306.2540884552452</xmax>
        <ymax>222.61619812402972</ymax>
    </bndbox>
</object>
</annotation>
