<annotation verified="yes">
    <folder>Annotation</folder>
    <filename>sdfsdfcxz.jpg</filename>
    <path>rhesus-PascalVOC-export/Annotations/sdfsdfcxz.jpg</path>
    <source>
        <database>Unknown</database>
    </source>
    <size>
        <width>275</width>
        <height>183</height>
        <depth>3</depth>
    </size>
    <segmented>0</segmented>
    <object>
    <name>monkey</name>
    <pose>Unspecified</pose>
    <truncated>0</truncated>
    <difficult>0</difficult>
    <bndbox>
        <xmin>25.771118194040472</xmin>
        <ymin>17.685951739285898</ymin>
        <xmax>234.53341860668127</xmax>
        <ymax>157.60807810420482</ymax>
    </bndbox>
</object>
</annotation>
