<annotation verified="yes">
    <folder>Annotation</folder>
    <filename>TiZwaWQ9QXBp%20(2).jpg</filename>
    <path>rhesus-PascalVOC-export/Annotations/TiZwaWQ9QXBp%20(2).jpg</path>
    <source>
        <database>Unknown</database>
    </source>
    <size>
        <width>396</width>
        <height>225</height>
        <depth>3</depth>
    </size>
    <segmented>0</segmented>
    <object>
    <name>monkey</name>
    <pose>Unspecified</pose>
    <truncated>0</truncated>
    <difficult>0</difficult>
    <bndbox>
        <xmin>91.25894147052279</xmin>
        <ymin>29.589639815492202</ymin>
        <xmax>385.0302743967952</xmax>
        <ymax>225.00000000000003</ymax>
    </bndbox>
</object>
</annotation>
