<annotation verified="yes">
    <folder>Annotation</folder>
    <filename>TiZwaWQ9QXBp.jpg</filename>
    <path>rhesus-PascalVOC-export/Annotations/TiZwaWQ9QXBp.jpg</path>
    <source>
        <database>Unknown</database>
    </source>
    <size>
        <width>269</width>
        <height>225</height>
        <depth>3</depth>
    </size>
    <segmented>0</segmented>
    <object>
    <name>monkey</name>
    <pose>Unspecified</pose>
    <truncated>0</truncated>
    <difficult>0</difficult>
    <bndbox>
        <xmin>33.08048361920296</xmin>
        <ymin>10.42372978339761</ymin>
        <xmax>205.80009954646408</xmax>
        <ymax>225</ymax>
    </bndbox>
</object>
</annotation>
