<annotation verified="yes">
    <folder>Annotation</folder>
    <filename>trsbfgbgbfgv.jpg</filename>
    <path>rhesus-PascalVOC-export/Annotations/trsbfgbgbfgv.jpg</path>
    <source>
        <database>Unknown</database>
    </source>
    <size>
        <width>259</width>
        <height>194</height>
        <depth>3</depth>
    </size>
    <segmented>0</segmented>
    <object>
    <name>monkey</name>
    <pose>Unspecified</pose>
    <truncated>0</truncated>
    <difficult>0</difficult>
    <bndbox>
        <xmin>61.93345013027715</xmin>
        <ymin>21.701694079038113</ymin>
        <xmax>192.03576234329577</xmax>
        <ymax>179.09379534532792</ymax>
    </bndbox>
</object>
</annotation>
