<annotation verified="yes">
    <folder>Annotation</folder>
    <filename>tygfdvc.jpg</filename>
    <path>rhesus-PascalVOC-export/Annotations/tygfdvc.jpg</path>
    <source>
        <database>Unknown</database>
    </source>
    <size>
        <width>275</width>
        <height>183</height>
        <depth>3</depth>
    </size>
    <segmented>0</segmented>
    <object>
    <name>monkey</name>
    <pose>Unspecified</pose>
    <truncated>0</truncated>
    <difficult>0</difficult>
    <bndbox>
        <xmin>65.96758679463025</xmin>
        <ymin>19.197457811473743</ymin>
        <xmax>193.90471183012414</xmax>
        <ymax>181.576216402307</ymax>
    </bndbox>
</object>
</annotation>
