<annotation verified="yes">
    <folder>Annotation</folder>
    <filename>ViZwaWQ9QXBp.jpg</filename>
    <path>rhesus-PascalVOC-export/Annotations/ViZwaWQ9QXBp.jpg</path>
    <source>
        <database>Unknown</database>
    </source>
    <size>
        <width>179</width>
        <height>225</height>
        <depth>3</depth>
    </size>
    <segmented>0</segmented>
    <object>
    <name>monkey</name>
    <pose>Unspecified</pose>
    <truncated>0</truncated>
    <difficult>0</difficult>
    <bndbox>
        <xmin>11.966446220980655</xmin>
        <ymin>50.08474770238844</ymin>
        <xmax>132.020454311879</xmax>
        <ymax>220.42374045161876</ymax>
    </bndbox>
</object><object>
    <name>monkey</name>
    <pose>Unspecified</pose>
    <truncated>0</truncated>
    <difficult>0</difficult>
    <bndbox>
        <xmin>85.4740877574968</xmin>
        <ymin>2.796611139329813</ymin>
        <xmax>164.83180646066342</xmax>
        <ymax>164.7457704705707</ymax>
    </bndbox>
</object>
</annotation>
