<annotation verified="yes">
    <folder>Annotation</folder>
    <filename>VSZwaWQ9QXBp%20(1).jpg</filename>
    <path>rhesus-PascalVOC-export/Annotations/VSZwaWQ9QXBp%20(1).jpg</path>
    <source>
        <database>Unknown</database>
    </source>
    <size>
        <width>179</width>
        <height>225</height>
        <depth>3</depth>
    </size>
    <segmented>0</segmented>
    <object>
    <name>monkey</name>
    <pose>Unspecified</pose>
    <truncated>0</truncated>
    <difficult>0</difficult>
    <bndbox>
        <xmin>56.47799151405348</xmin>
        <ymin>25.677967071533203</ymin>
        <xmax>147.79025116779874</xmax>
        <ymax>165.25423728813558</ymax>
    </bndbox>
</object>
</annotation>
