{
    "asset": {
        "format": "jpg",
        "id": "00461f8b8f0e85d634928ff0f0f211b9",
        "name": "images%20-%202022-02-02T104626.349.jpg",
        "path": "file:C:/Users/ragha/Downloads/rhesusmacaque/images%20-%202022-02-02T104626.349.jpg",
        "size": {
            "width": 223,
            "height": 226
        },
        "state": 2,
        "type": 1
    },
    "regions": [
        {
            "id": "419iei6aG",
            "type": "RECTANGLE",
            "tags": [
                "monkey"
            ],
            "boundingBox": {
                "height": 97.80565751070357,
                "width": 82.55471609383395,
                "left": 117.0949716649971,
                "top": 49.79661016949152
            },
            "points": [
                {
                    "x": 117.0949716649971,
                    "y": 49.79661016949152
                },
                {
                    "x": 199.64968775883105,
                    "y": 49.79661016949152
                },
                {
                    "x": 199.64968775883105,
                    "y": 147.6022676801951
                },
                {
                    "x": 117.0949716649971,
                    "y": 147.6022676801951
                }
            ]
        },
        {
            "id": "MexNs8_DF",
            "type": "RECTANGLE",
            "tags": [
                "monkey"
            ],
            "boundingBox": {
                "height": 181.82148061633782,
                "width": 80.51002865329514,
                "left": 88.46919149928927,
                "top": 6.3841807909604515
            },
            "points": [
                {
                    "x": 88.46919149928927,
                    "y": 6.3841807909604515
                },
                {
                    "x": 168.97922015258442,
                    "y": 6.3841807909604515
                },
                {
                    "x": 168.97922015258442,
                    "y": 188.2056614072983
                },
                {
                    "x": 88.46919149928927,
                    "y": 188.2056614072983
                }
            ]
        },
        {
            "id": "zuabmTiOW",
            "type": "RECTANGLE",
            "tags": [
                "monkey"
            ],
            "boundingBox": {
                "height": 217.82824907464496,
                "width": 113.22521294973642,
                "left": 23.038813156521424,
                "top": 8.171750925355038
            },
            "points": [
                {
                    "x": 23.038813156521424,
                    "y": 8.171750925355038
                },
                {
                    "x": 136.26402610625786,
                    "y": 8.171750925355038
                },
                {
                    "x": 136.26402610625786,
                    "y": 226
                },
                {
                    "x": 23.038813156521424,
                    "y": 226
                }
            ]
        }
    ],
    "version": "2.2.0"
}