{
    "asset": {
        "format": "jpg",
        "id": "00f4f057303597559ac6b7b8224755fc",
        "name": "yth456ytfgd.jpg",
        "path": "file:C:/Users/ragha/Downloads/rhesusmacaque/yth456ytfgd.jpg",
        "size": {
            "width": 186,
            "height": 272
        },
        "state": 2,
        "type": 1
    },
    "regions": [
        {
            "id": "1byv3TcDB",
            "type": "RECTANGLE",
            "tags": [
                "monkey"
            ],
            "boundingBox": {
                "height": 232.35254940744176,
                "width": 136.1950272489185,
                "left": 18.62883638744512,
                "top": 14.445200084966455
            },
            "points": [
                {
                    "x": 18.62883638744512,
                    "y": 14.445200084966455
                },
                {
                    "x": 154.82386363636363,
                    "y": 14.445200084966455
                },
                {
                    "x": 154.82386363636363,
                    "y": 246.7977494924082
                },
                {
                    "x": 18.62883638744512,
                    "y": 246.7977494924082
                }
            ]
        }
    ],
    "version": "2.2.0"
}