{
    "asset": {
        "format": "jpg",
        "id": "01f85d59ff2e4a72a4a1c4adc3b27eca",
        "name": "images%20-%202022-02-02T104626.242.jpg",
        "path": "file:C:/Users/ragha/Downloads/rhesusmacaque/images%20-%202022-02-02T104626.242.jpg",
        "size": {
            "width": 236,
            "height": 213
        },
        "state": 2,
        "type": 1
    },
    "regions": [
        {
            "id": "qMjy0LV99",
            "type": "RECTANGLE",
            "tags": [
                "monkey"
            ],
            "boundingBox": {
                "height": 57.522037570759394,
                "width": 85.38089171974522,
                "left": 72.82553773138933,
                "top": 129.72542740126786
            },
            "points": [
                {
                    "x": 72.82553773138933,
                    "y": 129.72542740126786
                },
                {
                    "x": 158.20642945113454,
                    "y": 129.72542740126786
                },
                {
                    "x": 158.20642945113454,
                    "y": 187.24746497202727
                },
                {
                    "x": 72.82553773138933,
                    "y": 187.24746497202727
                }
            ]
        }
    ],
    "version": "2.2.0"
}