{
    "asset": {
        "format": "jpg",
        "id": "027b1005ce644cda376a11fd87c8664b",
        "name": "images%20(66).jpg",
        "path": "file:C:/Users/ragha/Downloads/rhesusmacaque/images%20(66).jpg",
        "size": {
            "width": 275,
            "height": 183
        },
        "state": 2,
        "type": 1
    },
    "regions": [
        {
            "id": "s_8rCAl-D",
            "type": "RECTANGLE",
            "tags": [
                "monkey"
            ],
            "boundingBox": {
                "height": 119.10508947857355,
                "width": 59.75563436522519,
                "left": 73.99025142640996,
                "top": 29.362713442010392
            },
            "points": [
                {
                    "x": 73.99025142640996,
                    "y": 29.362713442010392
                },
                {
                    "x": 133.74588579163515,
                    "y": 29.362713442010392
                },
                {
                    "x": 133.74588579163515,
                    "y": 148.46780292058395
                },
                {
                    "x": 73.99025142640996,
                    "y": 148.46780292058395
                }
            ]
        },
        {
            "id": "r3kA088mq",
            "type": "RECTANGLE",
            "tags": [
                "monkey"
            ],
            "boundingBox": {
                "height": 149.08813638202213,
                "width": 58.13381976651069,
                "left": 216.86618023348927,
                "top": 9.925426095218981
            },
            "points": [
                {
                    "x": 216.86618023348927,
                    "y": 9.925426095218981
                },
                {
                    "x": 275,
                    "y": 9.925426095218981
                },
                {
                    "x": 275,
                    "y": 159.01356247724112
                },
                {
                    "x": 216.86618023348927,
                    "y": 159.01356247724112
                }
            ]
        },
        {
            "id": "N8QU33jib",
            "type": "RECTANGLE",
            "tags": [
                "monkey"
            ],
            "boundingBox": {
                "height": 118.69152069091795,
                "width": 104.00376570852178,
                "left": 96.32107691657274,
                "top": 38.6677981877731
            },
            "points": [
                {
                    "x": 96.32107691657274,
                    "y": 38.6677981877731
                },
                {
                    "x": 200.32484262509453,
                    "y": 38.6677981877731
                },
                {
                    "x": 200.32484262509453,
                    "y": 157.35931887869106
                },
                {
                    "x": 96.32107691657274,
                    "y": 157.35931887869106
                }
            ]
        }
    ],
    "version": "2.2.0"
}