{
    "asset": {
        "format": "jpg",
        "id": "02e01081af451a2b3dc71aef087ea589",
        "name": "UyZwaWQ9QXBp.jpg",
        "path": "file:C:/Users/ragha/Downloads/rhesusmacaque/UyZwaWQ9QXBp.jpg",
        "size": {
            "width": 316,
            "height": 225
        },
        "state": 2,
        "type": 1
    },
    "regions": [
        {
            "id": "y7nlw88I2",
            "type": "RECTANGLE",
            "tags": [
                "monkey"
            ],
            "boundingBox": {
                "height": 193.72882034819003,
                "width": 243.89858572823658,
                "left": 67.26126178457463,
                "top": 15.508475546109473
            },
            "points": [
                {
                    "x": 67.26126178457463,
                    "y": 15.508475546109473
                },
                {
                    "x": 311.1598475128112,
                    "y": 15.508475546109473
                },
                {
                    "x": 311.1598475128112,
                    "y": 209.2372958942995
                },
                {
                    "x": 67.26126178457463,
                    "y": 209.2372958942995
                }
            ]
        }
    ],
    "version": "2.2.0"
}