{
    "asset": {
        "format": "jpg",
        "id": "0307454cfd231b34a79d79df2c18c0e1",
        "name": "6ythgfbn.jpg",
        "path": "file:C:/Users/karan/Pictures/rhesusmacaque/6ythgfbn.jpg",
        "size": {
            "width": 244,
            "height": 206
        },
        "state": 2,
        "type": 1,
        "predicted": true
    },
    "regions": [
        {
            "id": "81Scbga3NM",
            "type": "RECTANGLE",
            "tags": [
                "Monkey"
            ],
            "boundingBox": {
                "left": 57.20664292573929,
                "top": 61.31003278493881,
                "width": 64.677270591259,
                "height": 127.77799874544144
            },
            "points": [
                {
                    "x": 57.20664292573929,
                    "y": 61.31003278493881
                },
                {
                    "x": 121.88391351699829,
                    "y": 61.31003278493881
                },
                {
                    "x": 121.88391351699829,
                    "y": 189.08803153038025
                },
                {
                    "x": 57.20664292573929,
                    "y": 189.08803153038025
                }
            ]
        },
        {
            "id": "RyjsypmAUZ",
            "type": "RECTANGLE",
            "tags": [
                "Monkey"
            ],
            "boundingBox": {
                "left": 109.99316430091858,
                "top": 52.44224417209625,
                "width": 114.64047765731812,
                "height": 146.73283052444458
            },
            "points": [
                {
                    "x": 109.99316430091858,
                    "y": 52.44224417209625
                },
                {
                    "x": 224.6336419582367,
                    "y": 52.44224417209625
                },
                {
                    "x": 224.6336419582367,
                    "y": 199.17507469654083
                },
                {
                    "x": 109.99316430091858,
                    "y": 199.17507469654083
                }
            ]
        }
    ],
    "version": "2.2.0"
}