{
    "asset": {
        "format": "jpg",
        "id": "03404edc3d324893f50d7c03d1fd8583",
        "name": "images%20(98).jpg",
        "path": "file:C:/Users/ragha/Downloads/rhesusmacaque/images%20(98).jpg",
        "size": {
            "width": 246,
            "height": 205
        },
        "state": 2,
        "type": 1
    },
    "regions": [
        {
            "id": "Ki63OEtZe",
            "type": "RECTANGLE",
            "tags": [
                "monkey"
            ],
            "boundingBox": {
                "height": 149.17513594115522,
                "width": 153.04095530790443,
                "left": 48.968474121093756,
                "top": 30.57627295370156
            },
            "points": [
                {
                    "x": 48.968474121093756,
                    "y": 30.57627295370156
                },
                {
                    "x": 202.00942942899817,
                    "y": 30.57627295370156
                },
                {
                    "x": 202.00942942899817,
                    "y": 179.75140889485678
                },
                {
                    "x": 48.968474121093756,
                    "y": 179.75140889485678
                }
            ]
        }
    ],
    "version": "2.2.0"
}