{
    "asset": {
        "format": "jpg",
        "id": "036fe09a37378691b9889fe75cd3efc5",
        "name": "images%20-%202022-02-02T104625.868.jpg",
        "path": "file:C:/Users/ragha/Downloads/rhesusmacaque/images%20-%202022-02-02T104625.868.jpg",
        "size": {
            "width": 275,
            "height": 183
        },
        "state": 2,
        "type": 1
    },
    "regions": [
        {
            "id": "t1tadbS8O",
            "type": "RECTANGLE",
            "tags": [
                "monkey"
            ],
            "boundingBox": {
                "height": 56.81194029850746,
                "width": 112.18688540145844,
                "left": 50.352886040689455,
                "top": 73.3980219712898
            },
            "points": [
                {
                    "x": 50.352886040689455,
                    "y": 73.3980219712898
                },
                {
                    "x": 162.5397714421479,
                    "y": 73.3980219712898
                },
                {
                    "x": 162.5397714421479,
                    "y": 130.20996226979724
                },
                {
                    "x": 50.352886040689455,
                    "y": 130.20996226979724
                }
            ]
        },
        {
            "id": "XARPk--9jJ",
            "type": "RECTANGLE",
            "tags": [
                "monkey"
            ],
            "boundingBox": {
                "height": 119.96060034908464,
                "width": 92.5049935373113,
                "left": 117.49005630523499,
                "top": 20.956230926513673
            },
            "points": [
                {
                    "x": 117.49005630523499,
                    "y": 20.956230926513673
                },
                {
                    "x": 209.99504984254628,
                    "y": 20.956230926513673
                },
                {
                    "x": 209.99504984254628,
                    "y": 140.91683127559833
                },
                {
                    "x": 117.49005630523499,
                    "y": 140.91683127559833
                }
            ]
        }
    ],
    "version": "2.2.0"
}