{
    "asset": {
        "format": "png",
        "id": "049a9901f1930f1a79ebfb880c68c1c4",
        "name": "images.png",
        "path": "file:C:/Users/ragha/Downloads/rhesusmacaque/images.png",
        "size": {
            "width": 195,
            "height": 259
        },
        "state": 2,
        "type": 1
    },
    "regions": [
        {
            "id": "JWdNGQPoG",
            "type": "RECTANGLE",
            "tags": [
                "monkey"
            ],
            "boundingBox": {
                "height": 233.5389780270851,
                "width": 155.70730814119665,
                "left": 13.952748368426066,
                "top": 5.2677971683653055
            },
            "points": [
                {
                    "x": 13.952748368426066,
                    "y": 5.2677971683653055
                },
                {
                    "x": 169.6600565096227,
                    "y": 5.2677971683653055
                },
                {
                    "x": 169.6600565096227,
                    "y": 238.80677519545043
                },
                {
                    "x": 13.952748368426066,
                    "y": 238.80677519545043
                }
            ]
        }
    ],
    "version": "2.2.0"
}