{
    "asset": {
        "format": "jpg",
        "id": "04c8fc3e0e493238d231e9c87c29daf3",
        "name": "65etfdgh.jpg",
        "path": "file:C:/Users/ragha/Downloads/rhesusmacaque/65etfdgh.jpg",
        "size": {
            "width": 300,
            "height": 168
        },
        "state": 2,
        "type": 1
    },
    "regions": [
        {
            "id": "aDx3SbdNw",
            "type": "RECTANGLE",
            "tags": [
                "monkey"
            ],
            "boundingBox": {
                "height": 153.95318583102528,
                "width": 219.98125414146705,
                "left": 37.28210106003251,
                "top": 1.787459051329954
            },
            "points": [
                {
                    "x": 37.28210106003251,
                    "y": 1.787459051329954
                },
                {
                    "x": 257.26335520149956,
                    "y": 1.787459051329954
                },
                {
                    "x": 257.26335520149956,
                    "y": 155.74064488235524
                },
                {
                    "x": 37.28210106003251,
                    "y": 155.74064488235524
                }
            ]
        }
    ],
    "version": "2.2.0"
}