{
    "asset": {
        "format": "jpg",
        "id": "056f1c567f25be9045bf40fa95f40a39",
        "name": "images%20(87).jpg",
        "path": "file:C:/Users/ragha/Downloads/rhesusmacaque/images%20(87).jpg",
        "size": {
            "width": 300,
            "height": 168
        },
        "state": 2,
        "type": 1
    },
    "regions": [
        {
            "id": "aXtgPioNI",
            "type": "RECTANGLE",
            "tags": [
                "monkey"
            ],
            "boundingBox": {
                "height": 66.84191829484902,
                "width": 47.236578696764724,
                "left": 52.3061612017349,
                "top": 85.60764129801287
            },
            "points": [
                {
                    "x": 52.3061612017349,
                    "y": 85.60764129801287
                },
                {
                    "x": 99.54273989849962,
                    "y": 85.60764129801287
                },
                {
                    "x": 99.54273989849962,
                    "y": 152.4495595928619
                },
                {
                    "x": 52.3061612017349,
                    "y": 152.4495595928619
                }
            ]
        },
        {
            "id": "felRrziKA",
            "type": "RECTANGLE",
            "tags": [
                "monkey"
            ],
            "boundingBox": {
                "height": 94.05613152891873,
                "width": 63.459240892535405,
                "left": 97.87276705975086,
                "top": 68.89716172430062
            },
            "points": [
                {
                    "x": 97.87276705975086,
                    "y": 68.89716172430062
                },
                {
                    "x": 161.33200795228626,
                    "y": 68.89716172430062
                },
                {
                    "x": 161.33200795228626,
                    "y": 162.95329325321936
                },
                {
                    "x": 97.87276705975086,
                    "y": 162.95329325321936
                }
            ]
        },
        {
            "id": "1_CmLWYV6",
            "type": "RECTANGLE",
            "tags": [
                "monkey"
            ],
            "boundingBox": {
                "height": 147.05221660607236,
                "width": 163.65804804959305,
                "left": 127.69384061839897,
                "top": 5.874777975133214
            },
            "points": [
                {
                    "x": 127.69384061839897,
                    "y": 5.874777975133214
                },
                {
                    "x": 291.351888667992,
                    "y": 5.874777975133214
                },
                {
                    "x": 291.351888667992,
                    "y": 152.92699458120558
                },
                {
                    "x": 127.69384061839897,
                    "y": 152.92699458120558
                }
            ]
        }
    ],
    "version": "2.2.0"
}