{
    "asset": {
        "format": "jpg",
        "id": "0571b107d4bdbccad679fa3468b5d4ba",
        "name": "images%20-%202022-02-02T104626.375.jpg",
        "path": "file:C:/Users/ragha/Downloads/rhesusmacaque/images%20-%202022-02-02T104626.375.jpg",
        "size": {
            "width": 276,
            "height": 183
        },
        "state": 2,
        "type": 1
    },
    "regions": [
        {
            "id": "_FgGUdWrL",
            "type": "RECTANGLE",
            "tags": [
                "monkey"
            ],
            "boundingBox": {
                "height": 102.80031440426028,
                "width": 73.74631871854808,
                "left": 9.053677932405567,
                "top": 80.19968559573974
            },
            "points": [
                {
                    "x": 9.053677932405567,
                    "y": 80.19968559573974
                },
                {
                    "x": 82.79999665095366,
                    "y": 80.19968559573974
                },
                {
                    "x": 82.79999665095366,
                    "y": 183
                },
                {
                    "x": 9.053677932405567,
                    "y": 183
                }
            ]
        },
        {
            "id": "B80q9i_qT",
            "type": "RECTANGLE",
            "tags": [
                "monkey"
            ],
            "boundingBox": {
                "height": 175.2321026986507,
                "width": 138.27435387673955,
                "left": 28.587677305308773,
                "top": 7.7678973013493255
            },
            "points": [
                {
                    "x": 28.587677305308773,
                    "y": 7.7678973013493255
                },
                {
                    "x": 166.86203118204833,
                    "y": 7.7678973013493255
                },
                {
                    "x": 166.86203118204833,
                    "y": 183
                },
                {
                    "x": 28.587677305308773,
                    "y": 183
                }
            ]
        },
        {
            "id": "jdKdbXw1K",
            "type": "RECTANGLE",
            "tags": [
                "monkey"
            ],
            "boundingBox": {
                "height": 148.81438694257608,
                "width": 149.02902919397675,
                "left": 122.30695490145068,
                "top": 16.986489680574753
            },
            "points": [
                {
                    "x": 122.30695490145068,
                    "y": 16.986489680574753
                },
                {
                    "x": 271.3359840954274,
                    "y": 16.986489680574753
                },
                {
                    "x": 271.3359840954274,
                    "y": 165.80087662315083
                },
                {
                    "x": 122.30695490145068,
                    "y": 165.80087662315083
                }
            ]
        }
    ],
    "version": "2.2.0"
}