{
    "asset": {
        "format": "jpg",
        "id": "06069e1fe8b3700e3dfd9709e6ccaac0",
        "name": "images%20-%202022-02-02T104626.366.jpg",
        "path": "file:C:/Users/ragha/Downloads/rhesusmacaque/images%20-%202022-02-02T104626.366.jpg",
        "size": {
            "width": 275,
            "height": 183
        },
        "state": 2,
        "type": 1
    },
    "regions": [
        {
            "id": "UzUINxFQh",
            "type": "RECTANGLE",
            "tags": [
                "monkey"
            ],
            "boundingBox": {
                "height": 166.93970065899748,
                "width": 132.08749517057808,
                "left": 86.65506958250496,
                "top": 3.694142207814686
            },
            "points": [
                {
                    "x": 86.65506958250496,
                    "y": 3.694142207814686
                },
                {
                    "x": 218.74256475308306,
                    "y": 3.694142207814686
                },
                {
                    "x": 218.74256475308306,
                    "y": 170.63384286681216
                },
                {
                    "x": 86.65506958250496,
                    "y": 170.63384286681216
                }
            ]
        },
        {
            "id": "Cw7wTZKEx",
            "type": "RECTANGLE",
            "tags": [
                "monkey"
            ],
            "boundingBox": {
                "height": 46.10507129270639,
                "width": 157.89265414592523,
                "left": 79.87574886375108,
                "top": 80.82727903679235
            },
            "points": [
                {
                    "x": 79.87574886375108,
                    "y": 80.82727903679235
                },
                {
                    "x": 237.76840300967632,
                    "y": 80.82727903679235
                },
                {
                    "x": 237.76840300967632,
                    "y": 126.93235032949875
                },
                {
                    "x": 79.87574886375108,
                    "y": 126.93235032949875
                }
            ]
        }
    ],
    "version": "2.2.0"
}