{
    "asset": {
        "format": "jpg",
        "id": "0654ab340d9fcba46e0c82f9142ff26a",
        "name": "trdhterthfgdb.jpg",
        "path": "file:C:/Users/ragha/Downloads/rhesusmacaque/trdhterthfgdb.jpg",
        "size": {
            "width": 275,
            "height": 183
        },
        "state": 2,
        "type": 1
    },
    "regions": [
        {
            "id": "7k2mZZRQZF",
            "type": "RECTANGLE",
            "tags": [
                "monkey"
            ],
            "boundingBox": {
                "height": 90.90619139544731,
                "width": 74.3418500559269,
                "left": 70.28978718755755,
                "top": 66.05409250850171
            },
            "points": [
                {
                    "x": 70.28978718755755,
                    "y": 66.05409250850171
                },
                {
                    "x": 144.63163724348445,
                    "y": 66.05409250850171
                },
                {
                    "x": 144.63163724348445,
                    "y": 156.960283903949
                },
                {
                    "x": 70.28978718755755,
                    "y": 156.960283903949
                }
            ]
        },
        {
            "id": "SwtlZtp-X",
            "type": "RECTANGLE",
            "tags": [
                "monkey"
            ],
            "boundingBox": {
                "height": 55.27787487063787,
                "width": 49.056976108513545,
                "left": 41.763262945448716,
                "top": 3.2186955139700286
            },
            "points": [
                {
                    "x": 41.763262945448716,
                    "y": 3.2186955139700286
                },
                {
                    "x": 90.82023905396227,
                    "y": 3.2186955139700286
                },
                {
                    "x": 90.82023905396227,
                    "y": 58.4965703846079
                },
                {
                    "x": 41.763262945448716,
                    "y": 58.4965703846079
                }
            ]
        },
        {
            "id": "aQKepwF_P",
            "type": "RECTANGLE",
            "tags": [
                "monkey"
            ],
            "boundingBox": {
                "height": 85.07610537098572,
                "width": 70.88407655127624,
                "left": 100.32908321597955,
                "top": 6.241705599084364
            },
            "points": [
                {
                    "x": 100.32908321597955,
                    "y": 6.241705599084364
                },
                {
                    "x": 171.21315976725577,
                    "y": 6.241705599084364
                },
                {
                    "x": 171.21315976725577,
                    "y": 91.31781097007008
                },
                {
                    "x": 100.32908321597955,
                    "y": 91.31781097007008
                }
            ]
        },
        {
            "id": "6qgVdGP4x",
            "type": "RECTANGLE",
            "tags": [
                "monkey"
            ],
            "boundingBox": {
                "height": 117.2495558747148,
                "width": 115.61884402291948,
                "left": 143.33498042318345,
                "top": 11.424005660335574
            },
            "points": [
                {
                    "x": 143.33498042318345,
                    "y": 11.424005660335574
                },
                {
                    "x": 258.95382444610294,
                    "y": 11.424005660335574
                },
                {
                    "x": 258.95382444610294,
                    "y": 128.67356153505037
                },
                {
                    "x": 143.33498042318345,
                    "y": 128.67356153505037
                }
            ]
        }
    ],
    "version": "2.2.0"
}