{
    "asset": {
        "format": "jpg",
        "id": "06bb02f8eae55ec75792f3bccbc5f39e",
        "name": "NCZwaWQ9QXBp%20(1).jpg",
        "path": "file:C:/Users/ragha/Downloads/rhesusmacaque/NCZwaWQ9QXBp%20(1).jpg",
        "size": {
            "width": 169,
            "height": 225
        },
        "state": 2,
        "type": 1
    },
    "regions": [
        {
            "id": "3GlhV1rfe",
            "type": "RECTANGLE",
            "tags": [
                "monkey"
            ],
            "boundingBox": {
                "height": 187.11864018844346,
                "width": 124.01803347938939,
                "left": 44.95018796992481,
                "top": 15.254237288135592
            },
            "points": [
                {
                    "x": 44.95018796992481,
                    "y": 15.254237288135592
                },
                {
                    "x": 168.9682214493142,
                    "y": 15.254237288135592
                },
                {
                    "x": 168.9682214493142,
                    "y": 202.37287747657905
                },
                {
                    "x": 44.95018796992481,
                    "y": 202.37287747657905
                }
            ]
        }
    ],
    "version": "2.2.0"
}