{
    "asset": {
        "format": "jpg",
        "id": "06e8ab2a31ba5e84a5bd59e321ee7732",
        "name": "images%20-%202022-02-02T104626.289.jpg",
        "path": "file:C:/Users/ragha/Downloads/rhesusmacaque/images%20-%202022-02-02T104626.289.jpg",
        "size": {
            "width": 201,
            "height": 251
        },
        "state": 2,
        "type": 1
    },
    "regions": [
        {
            "id": "7g0X6PyfT",
            "type": "RECTANGLE",
            "tags": [
                "monkey"
            ],
            "boundingBox": {
                "height": 193.14237937280686,
                "width": 51.61480616009424,
                "left": 62.06806421027612,
                "top": 41.69152758754579
            },
            "points": [
                {
                    "x": 62.06806421027612,
                    "y": 41.69152758754579
                },
                {
                    "x": 113.68287037037037,
                    "y": 41.69152758754579
                },
                {
                    "x": 113.68287037037037,
                    "y": 234.83390696035266
                },
                {
                    "x": 62.06806421027612,
                    "y": 234.83390696035266
                }
            ]
        },
        {
            "id": "GfkdfqthH",
            "type": "RECTANGLE",
            "tags": [
                "monkey"
            ],
            "boundingBox": {
                "height": 104.37061930510957,
                "width": 108.33440451647238,
                "left": 73.12836436115245,
                "top": 123.65650366659217
            },
            "points": [
                {
                    "x": 73.12836436115245,
                    "y": 123.65650366659217
                },
                {
                    "x": 181.46276887762482,
                    "y": 123.65650366659217
                },
                {
                    "x": 181.46276887762482,
                    "y": 228.02712297170174
                },
                {
                    "x": 73.12836436115245,
                    "y": 228.02712297170174
                }
            ]
        }
    ],
    "version": "2.2.0"
}