{
    "asset": {
        "format": "jpg",
        "id": "0705fe2b7aa59721647d41ddcbfc4e87",
        "name": "TiZwaWQ9QXBp.jpg",
        "path": "file:C:/Users/ragha/Downloads/rhesusmacaque/TiZwaWQ9QXBp.jpg",
        "size": {
            "width": 269,
            "height": 225
        },
        "state": 2,
        "type": 1
    },
    "regions": [
        {
            "id": "RG2FobmrsK",
            "type": "RECTANGLE",
            "tags": [
                "monkey"
            ],
            "boundingBox": {
                "height": 214.57627021660238,
                "width": 172.71961592726112,
                "left": 33.08048361920296,
                "top": 10.42372978339761
            },
            "points": [
                {
                    "x": 33.08048361920296,
                    "y": 10.42372978339761
                },
                {
                    "x": 205.80009954646408,
                    "y": 10.42372978339761
                },
                {
                    "x": 205.80009954646408,
                    "y": 225
                },
                {
                    "x": 33.08048361920296,
                    "y": 225
                }
            ]
        }
    ],
    "version": "2.2.0"
}