{
    "asset": {
        "format": "jpg",
        "id": "07178d936aab556d0cf97e937a45ac42",
        "name": "images%20-%202022-02-02T104625.936.jpg",
        "path": "file:C:/Users/ragha/Downloads/rhesusmacaque/images%20-%202022-02-02T104625.936.jpg",
        "size": {
            "width": 204,
            "height": 247
        },
        "state": 2,
        "type": 1
    },
    "regions": [
        {
            "id": "mONfyOl5w",
            "type": "RECTANGLE",
            "tags": [
                "monkey"
            ],
            "boundingBox": {
                "height": 197.60000851733534,
                "width": 127.49127353766025,
                "left": 18.124628155048075,
                "top": 19.536723163841806
            },
            "points": [
                {
                    "x": 18.124628155048075,
                    "y": 19.536723163841806
                },
                {
                    "x": 145.61590169270832,
                    "y": 19.536723163841806
                },
                {
                    "x": 145.61590169270832,
                    "y": 217.13673168117717
                },
                {
                    "x": 18.124628155048075,
                    "y": 217.13673168117717
                }
            ]
        }
    ],
    "version": "2.2.0"
}