{
    "asset": {
        "format": "jpg",
        "id": "09ba9750d134fa5fbdcc740341f1427c",
        "name": "images%20(84).jpg",
        "path": "file:C:/Users/ragha/Downloads/rhesusmacaque/images%20(84).jpg",
        "size": {
            "width": 176,
            "height": 286
        },
        "state": 2,
        "type": 1
    },
    "regions": [
        {
            "id": "fvIvdkpYw",
            "type": "RECTANGLE",
            "tags": [
                "monkey"
            ],
            "boundingBox": {
                "height": 259.5005686700681,
                "width": 136.6018200795585,
                "left": 12.211009174311927,
                "top": 8.402261119777874
            },
            "points": [
                {
                    "x": 12.211009174311927,
                    "y": 8.402261119777874
                },
                {
                    "x": 148.81282925387043,
                    "y": 8.402261119777874
                },
                {
                    "x": 148.81282925387043,
                    "y": 267.90282978984595
                },
                {
                    "x": 12.211009174311927,
                    "y": 267.90282978984595
                }
            ]
        }
    ],
    "version": "2.2.0"
}