{
    "asset": {
        "format": "jpg",
        "id": "0a027e0e56f6dd9d4b843dd3842a718b",
        "name": "images%20-%202022-02-02T104626.338.jpg",
        "path": "file:C:/Users/ragha/Downloads/rhesusmacaque/images%20-%202022-02-02T104626.338.jpg",
        "size": {
            "width": 275,
            "height": 183
        },
        "state": 2,
        "type": 1
    },
    "regions": [
        {
            "id": "LpbRygCPU",
            "type": "RECTANGLE",
            "tags": [
                "monkey"
            ],
            "boundingBox": {
                "height": 112.53134328358209,
                "width": 54.89066941126677,
                "left": 208.68290925831727,
                "top": 38.43682794143904
            },
            "points": [
                {
                    "x": 208.68290925831727,
                    "y": 38.43682794143904
                },
                {
                    "x": 263.57357866958404,
                    "y": 38.43682794143904
                },
                {
                    "x": 263.57357866958404,
                    "y": 150.96817122502114
                },
                {
                    "x": 208.68290925831727,
                    "y": 150.96817122502114
                }
            ]
        },
        {
            "id": "ala8D1dZl",
            "type": "RECTANGLE",
            "tags": [
                "monkey"
            ],
            "boundingBox": {
                "height": 108.8167147508308,
                "width": 36.52086807766681,
                "left": 165.16401924148468,
                "top": 59.850557617642984
            },
            "points": [
                {
                    "x": 165.16401924148468,
                    "y": 59.850557617642984
                },
                {
                    "x": 201.6848873191515,
                    "y": 59.850557617642984
                },
                {
                    "x": 201.6848873191515,
                    "y": 168.6672723684738
                },
                {
                    "x": 165.16401924148468,
                    "y": 168.6672723684738
                }
            ]
        },
        {
            "id": "VMlBgJTLK",
            "type": "RECTANGLE",
            "tags": [
                "monkey"
            ],
            "boundingBox": {
                "height": 71.67045442951259,
                "width": 26.242544731610337,
                "left": 114.8658085058982,
                "top": 104.04369694724011
            },
            "points": [
                {
                    "x": 114.8658085058982,
                    "y": 104.04369694724011
                },
                {
                    "x": 141.10835323750854,
                    "y": 104.04369694724011
                },
                {
                    "x": 141.10835323750854,
                    "y": 175.7141513767527
                },
                {
                    "x": 114.8658085058982,
                    "y": 175.7141513767527
                }
            ]
        },
        {
            "id": "yL9EW2a6b",
            "type": "RECTANGLE",
            "tags": [
                "monkey"
            ],
            "boundingBox": {
                "height": 108.16120236524894,
                "width": 92.72365304632167,
                "left": 47.509945363221064,
                "top": 66.18727736971272
            },
            "points": [
                {
                    "x": 47.509945363221064,
                    "y": 66.18727736971272
                },
                {
                    "x": 140.23359840954274,
                    "y": 66.18727736971272
                },
                {
                    "x": 140.23359840954274,
                    "y": 174.34847973496167
                },
                {
                    "x": 47.509945363221064,
                    "y": 174.34847973496167
                }
            ]
        },
        {
            "id": "PH2fRXKkd",
            "type": "RECTANGLE",
            "tags": [
                "monkey"
            ],
            "boundingBox": {
                "height": 76.4776036049003,
                "width": 69.98011928429423,
                "left": 4.428432760371366,
                "top": 45.210564285961546
            },
            "points": [
                {
                    "x": 4.428432760371366,
                    "y": 45.210564285961546
                },
                {
                    "x": 74.4085520446656,
                    "y": 45.210564285961546
                },
                {
                    "x": 74.4085520446656,
                    "y": 121.68816789086185
                },
                {
                    "x": 4.428432760371366,
                    "y": 121.68816789086185
                }
            ]
        }
    ],
    "version": "2.2.0"
}