{
    "asset": {
        "format": "jpg",
        "id": "0ab1b0d2320f3d19bff13d5eaf934330",
        "name": "ghngndgn.jpg",
        "path": "file:C:/Users/ragha/Downloads/rhesusmacaque/ghngndgn.jpg",
        "size": {
            "width": 275,
            "height": 183
        },
        "state": 2,
        "type": 1
    },
    "regions": [
        {
            "id": "G3zIgrWxr",
            "type": "RECTANGLE",
            "tags": [
                "monkey"
            ],
            "boundingBox": {
                "height": 156.1186440677966,
                "width": 144.53007834298268,
                "left": 75.23085766268852,
                "top": 23.77966101694915
            },
            "points": [
                {
                    "x": 75.23085766268852,
                    "y": 23.77966101694915
                },
                {
                    "x": 219.7609360056712,
                    "y": 23.77966101694915
                },
                {
                    "x": 219.7609360056712,
                    "y": 179.89830508474574
                },
                {
                    "x": 75.23085766268852,
                    "y": 179.89830508474574
                }
            ]
        }
    ],
    "version": "2.2.0"
}