{
    "asset": {
        "format": "jpg",
        "id": "0b552e5c57575b201cc0c1ad3e1ba08b",
        "name": "images%20(38).jpg",
        "path": "file:C:/Users/ragha/Downloads/rhesusmacaque/images%20(38).jpg",
        "size": {
            "width": 272,
            "height": 185
        },
        "state": 2,
        "type": 1
    },
    "regions": [
        {
            "id": "mSHxbDFCo",
            "type": "RECTANGLE",
            "tags": [
                "monkey"
            ],
            "boundingBox": {
                "height": 150.71751492171637,
                "width": 110.36772174816882,
                "left": 11.388859260551753,
                "top": 34.28248507828362
            },
            "points": [
                {
                    "x": 11.388859260551753,
                    "y": 34.28248507828362
                },
                {
                    "x": 121.75658100872057,
                    "y": 34.28248507828362
                },
                {
                    "x": 121.75658100872057,
                    "y": 185
                },
                {
                    "x": 11.388859260551753,
                    "y": 185
                }
            ]
        },
        {
            "id": "n2vbe8lcv",
            "type": "RECTANGLE",
            "tags": [
                "monkey"
            ],
            "boundingBox": {
                "height": 79.6440646069198,
                "width": 41.59691327449568,
                "left": 126.35524571663365,
                "top": 53.096048387430486
            },
            "points": [
                {
                    "x": 126.35524571663365,
                    "y": 53.096048387430486
                },
                {
                    "x": 167.95215899112932,
                    "y": 53.096048387430486
                },
                {
                    "x": 167.95215899112932,
                    "y": 132.74011299435028
                },
                {
                    "x": 126.35524571663365,
                    "y": 132.74011299435028
                }
            ]
        },
        {
            "id": "mBAqzACkc",
            "type": "RECTANGLE",
            "tags": [
                "monkey"
            ],
            "boundingBox": {
                "height": 158.24293745439604,
                "width": 129.80748960584773,
                "left": 134.71643687897753,
                "top": 6.898305483457059
            },
            "points": [
                {
                    "x": 134.71643687897753,
                    "y": 6.898305483457059
                },
                {
                    "x": 264.52392648482527,
                    "y": 6.898305483457059
                },
                {
                    "x": 264.52392648482527,
                    "y": 165.14124293785312
                },
                {
                    "x": 134.71643687897753,
                    "y": 165.14124293785312
                }
            ]
        }
    ],
    "version": "2.2.0"
}