{
    "asset": {
        "format": "jpg",
        "id": "0c0be437d312ad6afb16e15b55a23ad0",
        "name": "56yethgf.jpg",
        "path": "file:C:/Users/karan/Pictures/rhesusmacaque/56yethgf.jpg",
        "size": {
            "width": 259,
            "height": 194
        },
        "state": 2,
        "type": 1,
        "predicted": true
    },
    "regions": [
        {
            "id": "0lv-TMpIbH",
            "type": "RECTANGLE",
            "tags": [
                "Monkey"
            ],
            "boundingBox": {
                "height": 166.1406485438347,
                "width": 125.43373537063599,
                "left": 102.89397979710051,
                "top": 27.21843421897847
            },
            "points": [
                {
                    "x": 102.89397979710051,
                    "y": 27.21843421897847
                },
                {
                    "x": 228.3277151677365,
                    "y": 27.21843421897847
                },
                {
                    "x": 228.3277151677365,
                    "y": 193.35908276281316
                },
                {
                    "x": 102.89397979710051,
                    "y": 193.35908276281316
                }
            ]
        }
    ],
    "version": "2.2.0"
}