{
    "asset": {
        "format": "jpg",
        "id": "0cc4bd8db6f1edb5fa757ee639722a80",
        "name": "425ertdfgcv.jpg",
        "path": "file:C:/Users/karan/Pictures/rhesusmacaque/425ertdfgcv.jpg",
        "size": {
            "width": 275,
            "height": 183
        },
        "state": 2,
        "type": 1,
        "predicted": true
    },
    "regions": [
        {
            "id": "KkeGCWJKO",
            "type": "RECTANGLE",
            "tags": [
                "Monkey"
            ],
            "boundingBox": {
                "left": 60.897242277860634,
                "top": 0,
                "width": 153.29531505703926,
                "height": 184.8730889260769
            },
            "points": [
                {
                    "x": 60.897242277860634,
                    "y": 0
                },
                {
                    "x": 214.1925573348999,
                    "y": 0
                },
                {
                    "x": 214.1925573348999,
                    "y": 184.8730889260769
                },
                {
                    "x": 60.897242277860634,
                    "y": 184.8730889260769
                }
            ]
        }
    ],
    "version": "2.2.0"
}