{
    "asset": {
        "format": "jpg",
        "id": "0d0bf72cd2b18aa1681396077a79139d",
        "name": "images%20(46).jpg",
        "path": "file:C:/Users/ragha/Downloads/rhesusmacaque/images%20(46).jpg",
        "size": {
            "width": 275,
            "height": 183
        },
        "state": 2,
        "type": 1
    },
    "regions": [
        {
            "id": "6DBbeiX5t",
            "type": "RECTANGLE",
            "tags": [
                "monkey"
            ],
            "boundingBox": {
                "height": 181.34576231746348,
                "width": 252.46239891625882,
                "left": 3.6894956029447394,
                "top": 1.6542376825364968
            },
            "points": [
                {
                    "x": 3.6894956029447394,
                    "y": 1.6542376825364968
                },
                {
                    "x": 256.15189451920355,
                    "y": 1.6542376825364968
                },
                {
                    "x": 256.15189451920355,
                    "y": 182.99999999999997
                },
                {
                    "x": 3.6894956029447394,
                    "y": 182.99999999999997
                }
            ]
        }
    ],
    "version": "2.2.0"
}