{
    "asset": {
        "format": "jpg",
        "id": "0d6da576980e08c9ffc1573383cfe6d3",
        "name": "vdfgfdcd.jpg",
        "path": "file:C:/Users/ragha/Downloads/rhesusmacaque/vdfgfdcd.jpg",
        "size": {
            "width": 300,
            "height": 168
        },
        "state": 2,
        "type": 1
    },
    "regions": [
        {
            "id": "vuHqQhJlB",
            "type": "RECTANGLE",
            "tags": [
                "monkey"
            ],
            "boundingBox": {
                "height": 139.58737021998354,
                "width": 107.74066977510284,
                "left": 57.3477424666549,
                "top": 9.623160593133223
            },
            "points": [
                {
                    "x": 57.3477424666549,
                    "y": 9.623160593133223
                },
                {
                    "x": 165.08841224175774,
                    "y": 9.623160593133223
                },
                {
                    "x": 165.08841224175774,
                    "y": 149.21053081311678
                },
                {
                    "x": 57.3477424666549,
                    "y": 149.21053081311678
                }
            ]
        },
        {
            "id": "npd8YA2jW",
            "type": "RECTANGLE",
            "tags": [
                "monkey"
            ],
            "boundingBox": {
                "height": 161.98736572265622,
                "width": 110.56976618139122,
                "left": 135.85461689587427,
                "top": 3.021052631578947
            },
            "points": [
                {
                    "x": 135.85461689587427,
                    "y": 3.021052631578947
                },
                {
                    "x": 246.42438307726547,
                    "y": 3.021052631578947
                },
                {
                    "x": 246.42438307726547,
                    "y": 165.00841835423518
                },
                {
                    "x": 135.85461689587427,
                    "y": 165.00841835423518
                }
            ]
        }
    ],
    "version": "2.2.0"
}