{
    "asset": {
        "format": "jpg",
        "id": "0e37b830c4173fee90b90af31f6c51d0",
        "name": "655ghjnh.jpg",
        "path": "file:C:/Users/karan/Pictures/rhesusmacaque/655ghjnh.jpg",
        "size": {
            "width": 183,
            "height": 275
        },
        "state": 2,
        "type": 1,
        "predicted": true
    },
    "regions": [
        {
            "id": "RDiVPXWzP",
            "type": "RECTANGLE",
            "tags": [
                "Monkey"
            ],
            "boundingBox": {
                "height": 222.61904761904762,
                "width": 145.50731707317073,
                "left": 26.17141768292683,
                "top": 41.07142857142857
            },
            "points": [
                {
                    "x": 26.17141768292683,
                    "y": 41.07142857142857
                },
                {
                    "x": 171.67873475609755,
                    "y": 41.07142857142857
                },
                {
                    "x": 171.67873475609755,
                    "y": 263.6904761904762
                },
                {
                    "x": 26.17141768292683,
                    "y": 263.6904761904762
                }
            ]
        }
    ],
    "version": "2.2.0"
}