{
    "asset": {
        "format": "jpg",
        "id": "0e405e8f137f8a51431a972c9ac14118",
        "name": "NCZwaWQ9QXBp%20(2).jpg",
        "path": "file:C:/Users/ragha/Downloads/rhesusmacaque/NCZwaWQ9QXBp%20(2).jpg",
        "size": {
            "width": 169,
            "height": 225
        },
        "state": 2,
        "type": 1
    },
    "regions": [
        {
            "id": "xw2t-W5hE",
            "type": "RECTANGLE",
            "tags": [
                "monkey"
            ],
            "boundingBox": {
                "height": 170.84746441598665,
                "width": 144.34886054705856,
                "left": 6.829887218045113,
                "top": 15.508475546109473
            },
            "points": [
                {
                    "x": 6.829887218045113,
                    "y": 15.508475546109473
                },
                {
                    "x": 151.17874776510368,
                    "y": 15.508475546109473
                },
                {
                    "x": 151.17874776510368,
                    "y": 186.35593996209613
                },
                {
                    "x": 6.829887218045113,
                    "y": 186.35593996209613
                }
            ]
        }
    ],
    "version": "2.2.0"
}