{
    "asset": {
        "format": "jpg",
        "id": "0e8cbffc97843ddc94ad1a0cdb10f6b0",
        "name": "SCZwaWQ9QXBp%20(1).jpg",
        "path": "file:C:/Users/ragha/Downloads/rhesusmacaque/SCZwaWQ9QXBp%20(1).jpg",
        "size": {
            "width": 150,
            "height": 225
        },
        "state": 2,
        "type": 1
    },
    "regions": [
        {
            "id": "gqeimTCFm",
            "type": "RECTANGLE",
            "tags": [
                "monkey"
            ],
            "boundingBox": {
                "height": 82.11864212812003,
                "width": 58.220342862403996,
                "left": 23.771182561324814,
                "top": 117.71186246710307
            },
            "points": [
                {
                    "x": 23.771182561324814,
                    "y": 117.71186246710307
                },
                {
                    "x": 81.99152542372882,
                    "y": 117.71186246710307
                },
                {
                    "x": 81.99152542372882,
                    "y": 199.83050459522312
                },
                {
                    "x": 23.771182561324814,
                    "y": 199.83050459522312
                }
            ]
        },
        {
            "id": "OPiW0cbFT",
            "type": "RECTANGLE",
            "tags": [
                "monkey"
            ],
            "boundingBox": {
                "height": 200.08474285319699,
                "width": 111.61017337087857,
                "left": 18.68643679861295,
                "top": 24.915257146802997
            },
            "points": [
                {
                    "x": 18.68643679861295,
                    "y": 24.915257146802997
                },
                {
                    "x": 130.29661016949152,
                    "y": 24.915257146802997
                },
                {
                    "x": 130.29661016949152,
                    "y": 225
                },
                {
                    "x": 18.68643679861295,
                    "y": 225
                }
            ]
        }
    ],
    "version": "2.2.0"
}