{
    "asset": {
        "format": "jpg",
        "id": "0e96d5d4e8cca4f6d6aa3e77f66b995b",
        "name": "images%20-%202022-02-02T104626.369.jpg",
        "path": "file:C:/Users/ragha/Downloads/rhesusmacaque/images%20-%202022-02-02T104626.369.jpg",
        "size": {
            "width": 259,
            "height": 194
        },
        "state": 2,
        "type": 1
    },
    "regions": [
        {
            "id": "VVlpmVKOi",
            "type": "RECTANGLE",
            "tags": [
                "monkey"
            ],
            "boundingBox": {
                "height": 166.70847290383892,
                "width": 136.56020737500825,
                "left": 118.33302729729618,
                "top": 21.26327850859044
            },
            "points": [
                {
                    "x": 118.33302729729618,
                    "y": 21.26327850859044
                },
                {
                    "x": 254.89323467230443,
                    "y": 21.26327850859044
                },
                {
                    "x": 254.89323467230443,
                    "y": 187.97175141242937
                },
                {
                    "x": 118.33302729729618,
                    "y": 187.97175141242937
                }
            ]
        },
        {
            "id": "yiQ5EiC_VR",
            "type": "RECTANGLE",
            "tags": [
                "monkey"
            ],
            "boundingBox": {
                "height": 83.95706883662162,
                "width": 100.75264270613106,
                "left": 91.66642441860465,
                "top": 86.58757062146891
            },
            "points": [
                {
                    "x": 91.66642441860465,
                    "y": 86.58757062146891
                },
                {
                    "x": 192.41906712473573,
                    "y": 86.58757062146891
                },
                {
                    "x": 192.41906712473573,
                    "y": 170.54463945809056
                },
                {
                    "x": 91.66642441860465,
                    "y": 170.54463945809056
                }
            ]
        }
    ],
    "version": "2.2.0"
}