{
    "asset": {
        "format": "jpg",
        "id": "0eb59b7d280301543db9c8e807e20398",
        "name": "images%20(49).jpg",
        "path": "file:C:/Users/ragha/Downloads/rhesusmacaque/images%20(49).jpg",
        "size": {
            "width": 313,
            "height": 161
        },
        "state": 2,
        "type": 1
    },
    "regions": [
        {
            "id": "USfxgEQkv",
            "type": "RECTANGLE",
            "tags": [
                "monkey"
            ],
            "boundingBox": {
                "height": 143.34572933454115,
                "width": 157.4680376562317,
                "left": 6.746954076850985,
                "top": 7.397497236185821
            },
            "points": [
                {
                    "x": 6.746954076850985,
                    "y": 7.397497236185821
                },
                {
                    "x": 164.21499173308268,
                    "y": 7.397497236185821
                },
                {
                    "x": 164.21499173308268,
                    "y": 150.74322657072696
                },
                {
                    "x": 6.746954076850985,
                    "y": 150.74322657072696
                }
            ]
        }
    ],
    "version": "2.2.0"
}