{
    "asset": {
        "format": "jpg",
        "id": "10772d2e5aa1a330d2ec6453d7e85bf3",
        "name": "435ertgfbv.jpg",
        "path": "file:C:/Users/ragha/Downloads/rhesusmacaque/435ertgfbv.jpg",
        "size": {
            "width": 299,
            "height": 168
        },
        "state": 2,
        "type": 1,
        "predicted": true
    },
    "regions": [
        {
            "id": "vbPdyGKKM",
            "type": "RECTANGLE",
            "tags": [
                "monkey"
            ],
            "boundingBox": {
                "left": 33.56639462709427,
                "top": 0,
                "width": 262.0333684682846,
                "height": 168.3420238494873
            },
            "points": [
                {
                    "x": 33.56639462709427,
                    "y": 0
                },
                {
                    "x": 295.5997630953789,
                    "y": 0
                },
                {
                    "x": 295.5997630953789,
                    "y": 168.3420238494873
                },
                {
                    "x": 33.56639462709427,
                    "y": 168.3420238494873
                }
            ]
        }
    ],
    "version": "2.2.0"
}