{
    "asset": {
        "format": "jpg",
        "id": "123719e22c2150df07f4666be893586a",
        "name": "images%20(4).jpg",
        "path": "file:C:/Users/ragha/Downloads/rhesusmacaque/images%20(4).jpg",
        "size": {
            "width": 305,
            "height": 165
        },
        "state": 2,
        "type": 1
    },
    "regions": [
        {
            "id": "iNi-H2NFk",
            "type": "RECTANGLE",
            "tags": [
                "monkey"
            ],
            "boundingBox": {
                "height": 125.37715740269856,
                "width": 212.6710490233002,
                "left": 62.14339094510566,
                "top": 4.631705894602211
            },
            "points": [
                {
                    "x": 62.14339094510566,
                    "y": 4.631705894602211
                },
                {
                    "x": 274.8144399684059,
                    "y": 4.631705894602211
                },
                {
                    "x": 274.8144399684059,
                    "y": 130.00886329730076
                },
                {
                    "x": 62.14339094510566,
                    "y": 130.00886329730076
                }
            ]
        }
    ],
    "version": "2.2.0"
}