{
    "asset": {
        "format": "jpg",
        "id": "123fd23c95292ef2f8cd254464eaed1f",
        "name": "657rtyhgfcb.jpg",
        "path": "file:C:/Users/ragha/Downloads/rhesusmacaque/657rtyhgfcb.jpg",
        "size": {
            "width": 195,
            "height": 258
        },
        "state": 2,
        "type": 1
    },
    "regions": [
        {
            "id": "z77obN_c-",
            "type": "RECTANGLE",
            "tags": [
                "monkey"
            ],
            "boundingBox": {
                "height": 239.6338977490441,
                "width": 151.0429773063303,
                "left": 14.09195260021174,
                "top": 6.705085301803329
            },
            "points": [
                {
                    "x": 14.09195260021174,
                    "y": 6.705085301803329
                },
                {
                    "x": 165.13492990654206,
                    "y": 6.705085301803329
                },
                {
                    "x": 165.13492990654206,
                    "y": 246.33898305084745
                },
                {
                    "x": 14.09195260021174,
                    "y": 246.33898305084745
                }
            ]
        }
    ],
    "version": "2.2.0"
}