{
    "asset": {
        "format": "jpg",
        "id": "134c6443900d406b49075471064df247",
        "name": "NyZwaWQ9QXBp%20(17).jpg",
        "path": "file:C:/Users/ragha/Downloads/rhesusmacaque/NyZwaWQ9QXBp%20(17).jpg",
        "size": {
            "width": 339,
            "height": 225
        },
        "state": 2,
        "type": 1
    },
    "regions": [
        {
            "id": "8jb9myuX9",
            "type": "RECTANGLE",
            "tags": [
                "monkey"
            ],
            "boundingBox": {
                "height": 164.37125234546775,
                "width": 150.9662027833002,
                "left": 28.373562761613908,
                "top": 47.374626262459216
            },
            "points": [
                {
                    "x": 28.373562761613908,
                    "y": 47.374626262459216
                },
                {
                    "x": 179.3397655449141,
                    "y": 47.374626262459216
                },
                {
                    "x": 179.3397655449141,
                    "y": 211.74587860792698
                },
                {
                    "x": 28.373562761613908,
                    "y": 211.74587860792698
                }
            ]
        },
        {
            "id": "B6B-Mqm1e",
            "type": "RECTANGLE",
            "tags": [
                "monkey"
            ],
            "boundingBox": {
                "height": 224.51160282431962,
                "width": 270.12169260438344,
                "left": 57.48847124164194,
                "top": 0.48839717568037755
            },
            "points": [
                {
                    "x": 57.48847124164194,
                    "y": 0.48839717568037755
                },
                {
                    "x": 327.6101638460254,
                    "y": 0.48839717568037755
                },
                {
                    "x": 327.6101638460254,
                    "y": 225
                },
                {
                    "x": 57.48847124164194,
                    "y": 225
                }
            ]
        }
    ],
    "version": "2.2.0"
}