{
    "asset": {
        "format": "jpg",
        "id": "1353c0d22ca61063875a7620d94a8a21",
        "name": "images%20-%202022-02-02T104626.046.jpg",
        "path": "file:C:/Users/ragha/Downloads/rhesusmacaque/images%20-%202022-02-02T104626.046.jpg",
        "size": {
            "width": 176,
            "height": 286
        },
        "state": 2,
        "type": 1
    },
    "regions": [
        {
            "id": "P0f5zC_Ap",
            "type": "RECTANGLE",
            "tags": [
                "monkey"
            ],
            "boundingBox": {
                "height": 244.63503071413203,
                "width": 161.4678899082569,
                "left": 12.211009174311927,
                "top": 15.188703030516198
            },
            "points": [
                {
                    "x": 12.211009174311927,
                    "y": 15.188703030516198
                },
                {
                    "x": 173.67889908256882,
                    "y": 15.188703030516198
                },
                {
                    "x": 173.67889908256882,
                    "y": 259.8237337446482
                },
                {
                    "x": 12.211009174311927,
                    "y": 259.8237337446482
                }
            ]
        }
    ],
    "version": "2.2.0"
}