{
    "asset": {
        "format": "jpg",
        "id": "13573984e4ba2103791d957b903956b7",
        "name": "images%20-%202022-02-02T104626.393.jpg",
        "path": "file:C:/Users/ragha/Downloads/rhesusmacaque/images%20-%202022-02-02T104626.393.jpg",
        "size": {
            "width": 248,
            "height": 203
        },
        "state": 2,
        "type": 1
    },
    "regions": [
        {
            "id": "mBxK5s5W4",
            "type": "RECTANGLE",
            "tags": [
                "monkey"
            ],
            "boundingBox": {
                "height": 168.82259974506616,
                "width": 97.02102996296966,
                "left": 73.64740759347906,
                "top": 34.17740025493384
            },
            "points": [
                {
                    "x": 73.64740759347906,
                    "y": 34.17740025493384
                },
                {
                    "x": 170.6684375564487,
                    "y": 34.17740025493384
                },
                {
                    "x": 170.6684375564487,
                    "y": 203
                },
                {
                    "x": 73.64740759347906,
                    "y": 203
                }
            ]
        }
    ],
    "version": "2.2.0"
}