{
    "asset": {
        "format": "jpg",
        "id": "138548f0e6a214f489f8edb47a98c8db",
        "name": "MCZwaWQ9QXBp%20(1).jpg",
        "path": "file:C:/Users/ragha/Downloads/rhesusmacaque/MCZwaWQ9QXBp%20(1).jpg",
        "size": {
            "width": 346,
            "height": 225
        },
        "state": 2,
        "type": 1
    },
    "regions": [
        {
            "id": "_OrnhKNnX",
            "type": "RECTANGLE",
            "tags": [
                "monkey"
            ],
            "boundingBox": {
                "height": 191.00916801242653,
                "width": 212.6902563500831,
                "left": 58.67554881890299,
                "top": 22.947249281297037
            },
            "points": [
                {
                    "x": 58.67554881890299,
                    "y": 22.947249281297037
                },
                {
                    "x": 271.36580516898607,
                    "y": 22.947249281297037
                },
                {
                    "x": 271.36580516898607,
                    "y": 213.95641729372358
                },
                {
                    "x": 58.67554881890299,
                    "y": 213.95641729372358
                }
            ]
        }
    ],
    "version": "2.2.0"
}