{
    "asset": {
        "format": "jpg",
        "id": "13afc7c611dde80f826c3864cf67ad2e",
        "name": "images%20-%202022-02-02T104626.259.jpg",
        "path": "file:C:/Users/ragha/Downloads/rhesusmacaque/images%20-%202022-02-02T104626.259.jpg",
        "size": {
            "width": 188,
            "height": 267
        },
        "state": 2,
        "type": 1
    },
    "regions": [
        {
            "id": "bd9os9Og_",
            "type": "RECTANGLE",
            "tags": [
                "monkey"
            ],
            "boundingBox": {
                "height": 206.66102270352638,
                "width": 130.46746066296436,
                "left": 42.60674534073795,
                "top": 34.39321918810828
            },
            "points": [
                {
                    "x": 42.60674534073795,
                    "y": 34.39321918810828
                },
                {
                    "x": 173.0742060037023,
                    "y": 34.39321918810828
                },
                {
                    "x": 173.0742060037023,
                    "y": 241.05424189163466
                },
                {
                    "x": 42.60674534073795,
                    "y": 241.05424189163466
                }
            ]
        }
    ],
    "version": "2.2.0"
}