{
    "asset": {
        "format": "jpg",
        "id": "13ba46a066e789608ea785935b882052",
        "name": "images%20(8).jpg",
        "path": "file:C:/Users/ragha/Downloads/rhesusmacaque/images%20(8).jpg",
        "size": {
            "width": 275,
            "height": 183
        },
        "state": 2,
        "type": 1
    },
    "regions": [
        {
            "id": "50wz6mb3q",
            "type": "RECTANGLE",
            "tags": [
                "monkey"
            ],
            "boundingBox": {
                "height": 171.7468665051816,
                "width": 222.84293734055626,
                "left": 8.583497337508154,
                "top": 9.59384536743164
            },
            "points": [
                {
                    "x": 8.583497337508154,
                    "y": 9.59384536743164
                },
                {
                    "x": 231.42643467806442,
                    "y": 9.59384536743164
                },
                {
                    "x": 231.42643467806442,
                    "y": 181.34071187261324
                },
                {
                    "x": 8.583497337508154,
                    "y": 181.34071187261324
                }
            ]
        }
    ],
    "version": "2.2.0"
}