{
    "asset": {
        "format": "jpg",
        "id": "14303fd3ae4183f9cd39c0b1b573e258",
        "name": "NyZwaWQ9QXBp%20(13).jpg",
        "path": "file:C:/Users/ragha/Downloads/rhesusmacaque/NyZwaWQ9QXBp%20(13).jpg",
        "size": {
            "width": 339,
            "height": 225
        },
        "state": 2,
        "type": 1
    },
    "regions": [
        {
            "id": "l7ACcLaHu2",
            "type": "RECTANGLE",
            "tags": [
                "monkey"
            ],
            "boundingBox": {
                "height": 185.9281385730127,
                "width": 153.12287105006678,
                "left": 58.027638308333586,
                "top": 16.386602310363404
            },
            "points": [
                {
                    "x": 58.027638308333586,
                    "y": 16.386602310363404
                },
                {
                    "x": 211.15050935840037,
                    "y": 16.386602310363404
                },
                {
                    "x": 211.15050935840037,
                    "y": 202.3147408833761
                },
                {
                    "x": 58.027638308333586,
                    "y": 202.3147408833761
                }
            ]
        }
    ],
    "version": "2.2.0"
}