{
    "asset": {
        "format": "jpg",
        "id": "14cfab32bc0dcc9e8202b44aa7b5f0bf",
        "name": "images%20-%202022-02-02T104626.351.jpg",
        "path": "file:C:/Users/ragha/Downloads/rhesusmacaque/images%20-%202022-02-02T104626.351.jpg",
        "size": {
            "width": 183,
            "height": 275
        },
        "state": 2,
        "type": 1
    },
    "regions": [
        {
            "id": "0V96UIJGl",
            "type": "RECTANGLE",
            "tags": [
                "monkey"
            ],
            "boundingBox": {
                "height": 235.5367385734946,
                "width": 128.68280729063,
                "left": 28.275646428393713,
                "top": 30.762710679048872
            },
            "points": [
                {
                    "x": 28.275646428393713,
                    "y": 30.762710679048872
                },
                {
                    "x": 156.9584537190237,
                    "y": 30.762710679048872
                },
                {
                    "x": 156.9584537190237,
                    "y": 266.29944925254347
                },
                {
                    "x": 28.275646428393713,
                    "y": 266.29944925254347
                }
            ]
        }
    ],
    "version": "2.2.0"
}