{
    "asset": {
        "format": "jpg",
        "id": "1524986c9746b7bfbce91dfadd1586f3",
        "name": "images%20(47).jpg",
        "path": "file:C:/Users/ragha/Downloads/rhesusmacaque/images%20(47).jpg",
        "size": {
            "width": 194,
            "height": 259
        },
        "state": 2,
        "type": 1
    },
    "regions": [
        {
            "id": "mvNfyR3Iz",
            "type": "RECTANGLE",
            "tags": [
                "monkey"
            ],
            "boundingBox": {
                "height": 164.17966771529893,
                "width": 149.9290476673054,
                "left": 42.84930362341539,
                "top": 38.63051070735953
            },
            "points": [
                {
                    "x": 42.84930362341539,
                    "y": 38.63051070735953
                },
                {
                    "x": 192.7783512907208,
                    "y": 38.63051070735953
                },
                {
                    "x": 192.7783512907208,
                    "y": 202.81017842265845
                },
                {
                    "x": 42.84930362341539,
                    "y": 202.81017842265845
                }
            ]
        }
    ],
    "version": "2.2.0"
}