{
    "asset": {
        "format": "jpg",
        "id": "157e999a187a388ee22c7c5ec610be71",
        "name": "images%20(90).jpg",
        "path": "file:C:/Users/ragha/Downloads/rhesusmacaque/images%20(90).jpg",
        "size": {
            "width": 299,
            "height": 168
        },
        "state": 2,
        "type": 1
    },
    "regions": [
        {
            "id": "Lv4qcAEr1",
            "type": "RECTANGLE",
            "tags": [
                "monkey"
            ],
            "boundingBox": {
                "height": 160.92826945705886,
                "width": 94.8715742046743,
                "left": 26.214516550598752,
                "top": 7.071730542941144
            },
            "points": [
                {
                    "x": 26.214516550598752,
                    "y": 7.071730542941144
                },
                {
                    "x": 121.08609075527306,
                    "y": 7.071730542941144
                },
                {
                    "x": 121.08609075527306,
                    "y": 168
                },
                {
                    "x": 26.214516550598752,
                    "y": 168
                }
            ]
        },
        {
            "id": "3o_EaiC47",
            "type": "RECTANGLE",
            "tags": [
                "monkey"
            ],
            "boundingBox": {
                "height": 120.86502129113295,
                "width": 143.85290084444506,
                "left": 139.15686247505204,
                "top": 33.191876414807865
            },
            "points": [
                {
                    "x": 139.15686247505204,
                    "y": 33.191876414807865
                },
                {
                    "x": 283.0097633194971,
                    "y": 33.191876414807865
                },
                {
                    "x": 283.0097633194971,
                    "y": 154.0568977059408
                },
                {
                    "x": 139.15686247505204,
                    "y": 154.0568977059408
                }
            ]
        }
    ],
    "version": "2.2.0"
}