{
    "asset": {
        "format": "jpg",
        "id": "15db8ed041a64afda3dad16177fcf350",
        "name": "UiZwaWQ9QXBp%20(1).jpg",
        "path": "file:C:/Users/ragha/Downloads/rhesusmacaque/UiZwaWQ9QXBp%20(1).jpg",
        "size": {
            "width": 180,
            "height": 225
        },
        "state": 2,
        "type": 1
    },
    "regions": [
        {
            "id": "0pFAoxT7l",
            "type": "RECTANGLE",
            "tags": [
                "monkey"
            ],
            "boundingBox": {
                "height": 194.99999709048512,
                "width": 141.58303304611582,
                "left": 38.41696695388416,
                "top": 28.983049877619337
            },
            "points": [
                {
                    "x": 38.41696695388416,
                    "y": 28.983049877619337
                },
                {
                    "x": 180,
                    "y": 28.983049877619337
                },
                {
                    "x": 180,
                    "y": 223.98304696810447
                },
                {
                    "x": 38.41696695388416,
                    "y": 223.98304696810447
                }
            ]
        }
    ],
    "version": "2.2.0"
}