{
    "asset": {
        "format": "jpg",
        "id": "15f1bc1c6bc7af486003aecb57e1354c",
        "name": "images%20(28).jpg",
        "path": "file:C:/Users/ragha/Downloads/rhesusmacaque/images%20(28).jpg",
        "size": {
            "width": 301,
            "height": 167
        },
        "state": 2,
        "type": 1,
        "predicted": true
    },
    "regions": [
        {
            "id": "H-eF2-OS3",
            "type": "RECTANGLE",
            "tags": [
                "bird"
            ],
            "boundingBox": {
                "left": 18.976229548454285,
                "top": 6.019666790962219,
                "width": 157.4909610748291,
                "height": 159.02137088775635
            },
            "points": [
                {
                    "x": 18.976229548454285,
                    "y": 6.019666790962219
                },
                {
                    "x": 176.4671906232834,
                    "y": 6.019666790962219
                },
                {
                    "x": 176.4671906232834,
                    "y": 165.04103767871857
                },
                {
                    "x": 18.976229548454285,
                    "y": 165.04103767871857
                }
            ]
        }
    ],
    "version": "2.2.0"
}