{
    "asset": {
        "format": "jpg",
        "id": "162e3ac7ac25bef6e938ec95cc0c65fe",
        "name": "images%20-%202022-02-02T104625.856.jpg",
        "path": "file:C:/Users/ragha/Downloads/rhesusmacaque/images%20-%202022-02-02T104625.856.jpg",
        "size": {
            "width": 300,
            "height": 168
        },
        "state": 2,
        "type": 1
    },
    "regions": [
        {
            "id": "IAl3Q3mai",
            "type": "RECTANGLE",
            "tags": [
                "monkey"
            ],
            "boundingBox": {
                "height": 106.9470674504607,
                "width": 152.2067667238755,
                "left": 42.6441351888668,
                "top": 0.3841936507826355
            },
            "points": [
                {
                    "x": 42.6441351888668,
                    "y": 0.3841936507826355
                },
                {
                    "x": 194.85090191274227,
                    "y": 0.3841936507826355
                },
                {
                    "x": 194.85090191274227,
                    "y": 107.33126110124333
                },
                {
                    "x": 42.6441351888668,
                    "y": 107.33126110124333
                }
            ]
        },
        {
            "id": "kefryLSLa",
            "type": "RECTANGLE",
            "tags": [
                "monkey"
            ],
            "boundingBox": {
                "height": 71.17246345262544,
                "width": 155.308156553841,
                "left": 33.22067412420011,
                "top": 96.82753654737455
            },
            "points": [
                {
                    "x": 33.22067412420011,
                    "y": 96.82753654737455
                },
                {
                    "x": 188.52883067804112,
                    "y": 96.82753654737455
                },
                {
                    "x": 188.52883067804112,
                    "y": 168
                },
                {
                    "x": 33.22067412420011,
                    "y": 168
                }
            ]
        }
    ],
    "version": "2.2.0"
}