{
    "asset": {
        "format": "jpg",
        "id": "166ac55a8988687a0538d10f68e4f263",
        "name": "5465trdgrdfhg.jpg",
        "path": "file:C:/Users/ragha/Downloads/rhesusmacaque/5465trdgrdfhg.jpg",
        "size": {
            "width": 275,
            "height": 183
        },
        "state": 2,
        "type": 1,
        "predicted": true
    },
    "regions": [
        {
            "id": "zsdLMjPTI",
            "type": "RECTANGLE",
            "tags": [
                "monkey"
            ],
            "boundingBox": {
                "height": 173.07457982079455,
                "width": 194.1541542684225,
                "left": 53.10678804727425,
                "top": 4.549152147971977
            },
            "points": [
                {
                    "x": 53.10678804727425,
                    "y": 4.549152147971977
                },
                {
                    "x": 247.26094231569675,
                    "y": 4.549152147971977
                },
                {
                    "x": 247.26094231569675,
                    "y": 177.62373196876655
                },
                {
                    "x": 53.10678804727425,
                    "y": 177.62373196876655
                }
            ]
        }
    ],
    "version": "2.2.0"
}