{
    "asset": {
        "format": "jpg",
        "id": "17374eb82847d0a919c0ede75b4ab707",
        "name": "images%20(48).jpg",
        "path": "file:C:/Users/ragha/Downloads/rhesusmacaque/images%20(48).jpg",
        "size": {
            "width": 275,
            "height": 183
        },
        "state": 2,
        "type": 1
    },
    "regions": [
        {
            "id": "GX99-1nSt",
            "type": "RECTANGLE",
            "tags": [
                "monkey"
            ],
            "boundingBox": {
                "height": 94.91187545000496,
                "width": 75.05639728746915,
                "left": 118.44513075692312,
                "top": 70.92542215120994
            },
            "points": [
                {
                    "x": 118.44513075692312,
                    "y": 70.92542215120994
                },
                {
                    "x": 193.50152804439227,
                    "y": 70.92542215120994
                },
                {
                    "x": 193.50152804439227,
                    "y": 165.83729760121489
                },
                {
                    "x": 118.44513075692312,
                    "y": 165.83729760121489
                }
            ]
        },
        {
            "id": "9nd7HPTWt",
            "type": "RECTANGLE",
            "tags": [
                "monkey"
            ],
            "boundingBox": {
                "height": 170.59322625499658,
                "width": 138.94737788609095,
                "left": 131.88498038098328,
                "top": 7.857627513044971
            },
            "points": [
                {
                    "x": 131.88498038098328,
                    "y": 7.857627513044971
                },
                {
                    "x": 270.8323582670742,
                    "y": 7.857627513044971
                },
                {
                    "x": 270.8323582670742,
                    "y": 178.45085376804155
                },
                {
                    "x": 131.88498038098328,
                    "y": 178.45085376804155
                }
            ]
        }
    ],
    "version": "2.2.0"
}