{
    "asset": {
        "format": "jpg",
        "id": "18bae25e6cb1b20da17dead0f3a4db98",
        "name": "images%20(70).jpg",
        "path": "file:C:/Users/ragha/Downloads/rhesusmacaque/images%20(70).jpg",
        "size": {
            "width": 259,
            "height": 194
        },
        "state": 2,
        "type": 1
    },
    "regions": [
        {
            "id": "Avfb2C11r",
            "type": "RECTANGLE",
            "tags": [
                "monkey"
            ],
            "boundingBox": {
                "height": 134.37513538942497,
                "width": 100.75264270613107,
                "left": 0.5783661082229453,
                "top": 17.098307593394132
            },
            "points": [
                {
                    "x": 0.5783661082229453,
                    "y": 17.098307593394132
                },
                {
                    "x": 101.33100881435402,
                    "y": 17.098307593394132
                },
                {
                    "x": 101.33100881435402,
                    "y": 151.4734429828191
                },
                {
                    "x": 0.5783661082229453,
                    "y": 151.4734429828191
                }
            ]
        },
        {
            "id": "4WifIggsp",
            "type": "RECTANGLE",
            "tags": [
                "monkey"
            ],
            "boundingBox": {
                "height": 112.2350299210198,
                "width": 77.53573272898636,
                "left": 86.65617406091025,
                "top": 44.280227661132805
            },
            "points": [
                {
                    "x": 86.65617406091025,
                    "y": 44.280227661132805
                },
                {
                    "x": 164.1919067898966,
                    "y": 44.280227661132805
                },
                {
                    "x": 164.1919067898966,
                    "y": 156.51525758215263
                },
                {
                    "x": 86.65617406091025,
                    "y": 156.51525758215263
                }
            ]
        },
        {
            "id": "t7YO80VaJ",
            "type": "RECTANGLE",
            "tags": [
                "monkey"
            ],
            "boundingBox": {
                "height": 54.14463444079382,
                "width": 80.38309670704363,
                "left": 114.47265786297982,
                "top": 3.2881355932203387
            },
            "points": [
                {
                    "x": 114.47265786297982,
                    "y": 3.2881355932203387
                },
                {
                    "x": 194.85575457002344,
                    "y": 3.2881355932203387
                },
                {
                    "x": 194.85575457002344,
                    "y": 57.43277003401416
                },
                {
                    "x": 114.47265786297982,
                    "y": 57.43277003401416
                }
            ]
        },
        {
            "id": "dsuY_7VJg",
            "type": "RECTANGLE",
            "tags": [
                "monkey"
            ],
            "boundingBox": {
                "height": 136.34802427130228,
                "width": 97.9052954385447,
                "left": 155.86885570824523,
                "top": 34.415820881471795
            },
            "points": [
                {
                    "x": 155.86885570824523,
                    "y": 34.415820881471795
                },
                {
                    "x": 253.77415114678993,
                    "y": 34.415820881471795
                },
                {
                    "x": 253.77415114678993,
                    "y": 170.76384515277408
                },
                {
                    "x": 155.86885570824523,
                    "y": 170.76384515277408
                }
            ]
        }
    ],
    "version": "2.2.0"
}