{
    "asset": {
        "format": "jpg",
        "id": "18ca55b50f045bcb4eb86358397657fb",
        "name": "6rthgffb.jpg",
        "path": "file:C:/Users/ragha/Downloads/rhesusmacaque/6rthgffb.jpg",
        "size": {
            "width": 275,
            "height": 183
        },
        "state": 2,
        "type": 1
    },
    "regions": [
        {
            "id": "AsZPphpqX",
            "type": "RECTANGLE",
            "tags": [
                "monkey"
            ],
            "boundingBox": {
                "height": 176.79661608550506,
                "width": 172.23684052775675,
                "left": 71.09551142929192,
                "top": 2.6881359876212425
            },
            "points": [
                {
                    "x": 71.09551142929192,
                    "y": 2.6881359876212425
                },
                {
                    "x": 243.33235195704867,
                    "y": 2.6881359876212425
                },
                {
                    "x": 243.33235195704867,
                    "y": 179.48475207312632
                },
                {
                    "x": 71.09551142929192,
                    "y": 179.48475207312632
                }
            ]
        }
    ],
    "version": "2.2.0"
}