{
    "asset": {
        "format": "jpg",
        "id": "190a9b93fe43acaebecffae5cf7763f7",
        "name": "23qweasrdxfgcf.jpg",
        "path": "file:C:/Users/karan/Pictures/rhesusmacaque/23qweasrdxfgcf.jpg",
        "size": {
            "width": 275,
            "height": 183
        },
        "state": 2,
        "type": 1,
        "predicted": true
    },
    "regions": [
        {
            "id": "1K1wSrca3_",
            "type": "RECTANGLE",
            "tags": [
                "Monkey"
            ],
            "boundingBox": {
                "height": 130.77340829372406,
                "width": 68.08642782270908,
                "left": 37.85779599617977,
                "top": 9.213842909831506
            },
            "points": [
                {
                    "x": 37.85779599617977,
                    "y": 9.213842909831506
                },
                {
                    "x": 105.94422381888884,
                    "y": 9.213842909831506
                },
                {
                    "x": 105.94422381888884,
                    "y": 139.98725120355556
                },
                {
                    "x": 37.85779599617977,
                    "y": 139.98725120355556
                }
            ]
        },
        {
            "id": "rPOhzms3eC",
            "type": "RECTANGLE",
            "tags": [
                "Monkey"
            ],
            "boundingBox": {
                "left": 88.72144371271133,
                "top": 26.545407861471176,
                "width": 93.45527738332748,
                "height": 126.79937508702278
            },
            "points": [
                {
                    "x": 88.72144371271133,
                    "y": 26.545407861471176
                },
                {
                    "x": 182.17672109603882,
                    "y": 26.545407861471176
                },
                {
                    "x": 182.17672109603882,
                    "y": 153.34478294849396
                },
                {
                    "x": 88.72144371271133,
                    "y": 153.34478294849396
                }
            ]
        }
    ],
    "version": "2.2.0"
}