{
    "asset": {
        "format": "jpg",
        "id": "196ab59653b8b16d4e6084603ebbb4cd",
        "name": "fdhdgfv.jpg",
        "path": "file:C:/Users/ragha/Downloads/rhesusmacaque/fdhdgfv.jpg",
        "size": {
            "width": 300,
            "height": 168
        },
        "state": 2,
        "type": 1
    },
    "regions": [
        {
            "id": "-jKpQGErR",
            "type": "RECTANGLE",
            "tags": [
                "monkey"
            ],
            "boundingBox": {
                "height": 147.21069805438697,
                "width": 151.60262761209881,
                "left": 81.1996216849959,
                "top": 9.990802675585284
            },
            "points": [
                {
                    "x": 81.1996216849959,
                    "y": 9.990802675585284
                },
                {
                    "x": 232.8022492970947,
                    "y": 9.990802675585284
                },
                {
                    "x": 232.8022492970947,
                    "y": 157.20150072997228
                },
                {
                    "x": 81.1996216849959,
                    "y": 157.20150072997228
                }
            ]
        }
    ],
    "version": "2.2.0"
}