{
    "asset": {
        "format": "jpg",
        "id": "198a7728eb0bbcce08cf63fd946d7f1b",
        "name": "YyZwaWQ9QXBp%20(1).jpg",
        "path": "file:C:/Users/ragha/Downloads/rhesusmacaque/YyZwaWQ9QXBp%20(1).jpg",
        "size": {
            "width": 485,
            "height": 225
        },
        "state": 2,
        "type": 1
    },
    "regions": [
        {
            "id": "TRtGJ3R_N",
            "type": "RECTANGLE",
            "tags": [
                "monkey"
            ],
            "boundingBox": {
                "height": 209.4895362854004,
                "width": 280.13753909727444,
                "left": 48.881142397058035,
                "top": 15.51046371459961
            },
            "points": [
                {
                    "x": 48.881142397058035,
                    "y": 15.51046371459961
                },
                {
                    "x": 329.0186814943325,
                    "y": 15.51046371459961
                },
                {
                    "x": 329.0186814943325,
                    "y": 225
                },
                {
                    "x": 48.881142397058035,
                    "y": 225
                }
            ]
        }
    ],
    "version": "2.2.0"
}