{
    "asset": {
        "format": "jpg",
        "id": "1a15e5bd803b2b0c8ab1c37d9484ad4f",
        "name": "images%20(2).jpg",
        "path": "file:C:/Users/ragha/Downloads/rhesusmacaque/images%20(2).jpg",
        "size": {
            "width": 290,
            "height": 174
        },
        "state": 2,
        "type": 1
    },
    "regions": [
        {
            "id": "CINBdQmWy",
            "type": "RECTANGLE",
            "tags": [
                "monkey"
            ],
            "boundingBox": {
                "height": 145.72500414848326,
                "width": 95.45267435804973,
                "left": 68.00187773199536,
                "top": 12.098439574241636
            },
            "points": [
                {
                    "x": 68.00187773199536,
                    "y": 12.098439574241636
                },
                {
                    "x": 163.4545520900451,
                    "y": 12.098439574241636
                },
                {
                    "x": 163.4545520900451,
                    "y": 157.8234437227249
                },
                {
                    "x": 68.00187773199536,
                    "y": 157.8234437227249
                }
            ]
        },
        {
            "id": "o-Q-_nZ7E",
            "type": "RECTANGLE",
            "tags": [
                "monkey"
            ],
            "boundingBox": {
                "height": 131.8050091266632,
                "width": 113.28209602620518,
                "left": 146.27741662609097,
                "top": 33.41343791484832
            },
            "points": [
                {
                    "x": 146.27741662609097,
                    "y": 33.41343791484832
                },
                {
                    "x": 259.5595126522962,
                    "y": 33.41343791484832
                },
                {
                    "x": 259.5595126522962,
                    "y": 165.21844704151152
                },
                {
                    "x": 146.27741662609097,
                    "y": 165.21844704151152
                }
            ]
        }
    ],
    "version": "2.2.0"
}