{
    "asset": {
        "format": "jpg",
        "id": "1a32175b2177159109afabdcbcdc3059",
        "name": "OCZwaWQ9QXBp%20(16).jpg",
        "path": "file:C:/Users/ragha/Downloads/rhesusmacaque/OCZwaWQ9QXBp%20(16).jpg",
        "size": {
            "width": 338,
            "height": 225
        },
        "state": 2,
        "type": 1
    },
    "regions": [
        {
            "id": "w9icL4jb6",
            "type": "RECTANGLE",
            "tags": [
                "monkey"
            ],
            "boundingBox": {
                "height": 137.55225110409864,
                "width": 157.24055666003977,
                "left": 56.78131212723658,
                "top": 71.4752803631683
            },
            "points": [
                {
                    "x": 56.78131212723658,
                    "y": 71.4752803631683
                },
                {
                    "x": 214.02186878727636,
                    "y": 71.4752803631683
                },
                {
                    "x": 214.02186878727636,
                    "y": 209.02753146726695
                },
                {
                    "x": 56.78131212723658,
                    "y": 209.02753146726695
                }
            ]
        },
        {
            "id": "-zk-drwZo",
            "type": "RECTANGLE",
            "tags": [
                "monkey"
            ],
            "boundingBox": {
                "height": 211.16418269143176,
                "width": 270.9375930088415,
                "left": 50.330423647082355,
                "top": 1.0872211740977729
            },
            "points": [
                {
                    "x": 50.330423647082355,
                    "y": 1.0872211740977729
                },
                {
                    "x": 321.2680166559239,
                    "y": 1.0872211740977729
                },
                {
                    "x": 321.2680166559239,
                    "y": 212.25140386552954
                },
                {
                    "x": 50.330423647082355,
                    "y": 212.25140386552954
                }
            ]
        }
    ],
    "version": "2.2.0"
}