{
    "asset": {
        "format": "jpg",
        "id": "1a57184fc76decec0f133190ac96e619",
        "name": "54wytndgbf.jpg",
        "path": "file:C:/Users/ragha/Downloads/rhesusmacaque/54wytndgbf.jpg",
        "size": {
            "width": 276,
            "height": 183
        },
        "state": 2,
        "type": 1
    },
    "regions": [
        {
            "id": "OwiJnrz1k",
            "type": "RECTANGLE",
            "tags": [
                "monkey"
            ],
            "boundingBox": {
                "height": 161.10213190966314,
                "width": 199.2787317134782,
                "left": 36.98969072164949,
                "top": 13.184669170892223
            },
            "points": [
                {
                    "x": 36.98969072164949,
                    "y": 13.184669170892223
                },
                {
                    "x": 236.26842243512772,
                    "y": 13.184669170892223
                },
                {
                    "x": 236.26842243512772,
                    "y": 174.28680108055536
                },
                {
                    "x": 36.98969072164949,
                    "y": 174.28680108055536
                }
            ]
        }
    ],
    "version": "2.2.0"
}