{
    "asset": {
        "format": "jpg",
        "id": "1a7ba42845e4544f89ed66a35ec8bcc4",
        "name": "images%20-%202022-02-02T104626.327.jpg",
        "path": "file:C:/Users/ragha/Downloads/rhesusmacaque/images%20-%202022-02-02T104626.327.jpg",
        "size": {
            "width": 310,
            "height": 163
        },
        "state": 2,
        "type": 1
    },
    "regions": [
        {
            "id": "l2SbtaYnH",
            "type": "RECTANGLE",
            "tags": [
                "monkey"
            ],
            "boundingBox": {
                "height": 143.49931286413414,
                "width": 86.0357890498804,
                "left": 33.34195207174919,
                "top": 19.500687135865874
            },
            "points": [
                {
                    "x": 33.34195207174919,
                    "y": 19.500687135865874
                },
                {
                    "x": 119.3777411216296,
                    "y": 19.500687135865874
                },
                {
                    "x": 119.3777411216296,
                    "y": 163
                },
                {
                    "x": 33.34195207174919,
                    "y": 163
                }
            ]
        },
        {
            "id": "sUGd4YKZTu",
            "type": "RECTANGLE",
            "tags": [
                "monkey"
            ],
            "boundingBox": {
                "height": 141.28078828461904,
                "width": 75.68191983353783,
                "left": 144.76937993620308,
                "top": 21.71921171538095
            },
            "points": [
                {
                    "x": 144.76937993620308,
                    "y": 21.71921171538095
                },
                {
                    "x": 220.45129976974093,
                    "y": 21.71921171538095
                },
                {
                    "x": 220.45129976974093,
                    "y": 163
                },
                {
                    "x": 144.76937993620308,
                    "y": 163
                }
            ]
        },
        {
            "id": "lKZSaBSuf",
            "type": "RECTANGLE",
            "tags": [
                "monkey"
            ],
            "boundingBox": {
                "height": 158.5359867723317,
                "width": 96.45129224652088,
                "left": 213.5487077534791,
                "top": 4.4640132276682865
            },
            "points": [
                {
                    "x": 213.5487077534791,
                    "y": 4.4640132276682865
                },
                {
                    "x": 310,
                    "y": 4.4640132276682865
                },
                {
                    "x": 310,
                    "y": 163
                },
                {
                    "x": 213.5487077534791,
                    "y": 163
                }
            ]
        }
    ],
    "version": "2.2.0"
}