{
    "asset": {
        "format": "jpg",
        "id": "1b09b327ec2f045f9d2111aeaf18a3e6",
        "name": "745677hgdgfb.jpg",
        "path": "file:C:/Users/karan/Pictures/rhesusmacaque/745677hgdgfb.jpg",
        "size": {
            "width": 275,
            "height": 183
        },
        "state": 2,
        "type": 1,
        "predicted": true
    },
    "regions": [
        {
            "id": "uzfcBBXlb",
            "type": "RECTANGLE",
            "tags": [
                "Monkey"
            ],
            "boundingBox": {
                "left": 52.98373028635978,
                "top": 49.17363864183426,
                "width": 147.62717857956886,
                "height": 133.67368698120117
            },
            "points": [
                {
                    "x": 52.98373028635978,
                    "y": 49.17363864183426
                },
                {
                    "x": 200.61090886592865,
                    "y": 49.17363864183426
                },
                {
                    "x": 200.61090886592865,
                    "y": 182.84732562303543
                },
                {
                    "x": 52.98373028635978,
                    "y": 182.84732562303543
                }
            ]
        }
    ],
    "version": "2.2.0"
}