{
    "asset": {
        "format": "jpg",
        "id": "1b0a471202f3f02a42cc90f58f839ca7",
        "name": "images%20-%202022-02-02T104626.342.jpg",
        "path": "file:C:/Users/ragha/Downloads/rhesusmacaque/images%20-%202022-02-02T104626.342.jpg",
        "size": {
            "width": 259,
            "height": 195
        },
        "state": 2,
        "type": 1
    },
    "regions": [
        {
            "id": "UazyfB-Dj",
            "type": "RECTANGLE",
            "tags": [
                "monkey"
            ],
            "boundingBox": {
                "height": 165.25423728813558,
                "width": 206.81081789706613,
                "left": 0,
                "top": 8.813559322033898
            },
            "points": [
                {
                    "x": 0,
                    "y": 8.813559322033898
                },
                {
                    "x": 206.81081789706613,
                    "y": 8.813559322033898
                },
                {
                    "x": 206.81081789706613,
                    "y": 174.0677966101695
                },
                {
                    "x": 0,
                    "y": 174.0677966101695
                }
            ]
        }
    ],
    "version": "2.2.0"
}