{
    "asset": {
        "format": "jpg",
        "id": "1d0aef3e2e2dc304d45366c55058e01e",
        "name": "images%20(20).jpg",
        "path": "file:C:/Users/ragha/Downloads/rhesusmacaque/images%20(20).jpg",
        "size": {
            "width": 199,
            "height": 253
        },
        "state": 2,
        "type": 1
    },
    "regions": [
        {
            "id": "LtxRqisTV",
            "type": "RECTANGLE",
            "tags": [
                "monkey"
            ],
            "boundingBox": {
                "height": 193.53786074104957,
                "width": 117.75655514290774,
                "left": 11.700628366247756,
                "top": 20.297176231772212
            },
            "points": [
                {
                    "x": 11.700628366247756,
                    "y": 20.297176231772212
                },
                {
                    "x": 129.4571835091555,
                    "y": 20.297176231772212
                },
                {
                    "x": 129.4571835091555,
                    "y": 213.83503697282177
                },
                {
                    "x": 11.700628366247756,
                    "y": 213.83503697282177
                }
            ]
        }
    ],
    "version": "2.2.0"
}