{
    "asset": {
        "format": "jpg",
        "id": "1d0d93a48d196c0f0a59fa8bef9ce777",
        "name": "imagesaodsid.jpg",
        "path": "file:C:/Users/ragha/Downloads/rhesusmacaque/imagesaodsid.jpg",
        "size": {
            "width": 300,
            "height": 168
        },
        "state": 2,
        "type": 1
    },
    "regions": [
        {
            "id": "zdYCPUOHk",
            "type": "RECTANGLE",
            "tags": [
                "monkey"
            ],
            "boundingBox": {
                "height": 108.61812633561833,
                "width": 103.538771035894,
                "left": 57.55467196819085,
                "top": 39.773181217390096
            },
            "points": [
                {
                    "x": 57.55467196819085,
                    "y": 39.773181217390096
                },
                {
                    "x": 161.09344300408486,
                    "y": 39.773181217390096
                },
                {
                    "x": 161.09344300408486,
                    "y": 148.39130755300843
                },
                {
                    "x": 57.55467196819085,
                    "y": 148.39130755300843
                }
            ]
        },
        {
            "id": "qdDD6aWJy",
            "type": "RECTANGLE",
            "tags": [
                "monkey"
            ],
            "boundingBox": {
                "height": 149.20070592632936,
                "width": 143.85688432879286,
                "left": 138.9065569959151,
                "top": 6.1135000225494
            },
            "points": [
                {
                    "x": 138.9065569959151,
                    "y": 6.1135000225494
                },
                {
                    "x": 282.76344132470797,
                    "y": 6.1135000225494
                },
                {
                    "x": 282.76344132470797,
                    "y": 155.31420594887877
                },
                {
                    "x": 138.9065569959151,
                    "y": 155.31420594887877
                }
            ]
        }
    ],
    "version": "2.2.0"
}