{
    "asset": {
        "format": "jpg",
        "id": "1ea4e3bdd328e0ca8d36bac354f16935",
        "name": "RyZwaWQ9QXBp%20(1).jpg",
        "path": "file:C:/Users/ragha/Downloads/rhesusmacaque/RyZwaWQ9QXBp%20(1).jpg",
        "size": {
            "width": 150,
            "height": 225
        },
        "state": 2,
        "type": 1
    },
    "regions": [
        {
            "id": "6Av4Ku863",
            "type": "RECTANGLE",
            "tags": [
                "monkey"
            ],
            "boundingBox": {
                "height": 190.67797095088633,
                "width": 106.27119419938427,
                "left": 33.43220726918366,
                "top": 16.27118547083968
            },
            "points": [
                {
                    "x": 33.43220726918366,
                    "y": 16.27118547083968
                },
                {
                    "x": 139.70340146856793,
                    "y": 16.27118547083968
                },
                {
                    "x": 139.70340146856793,
                    "y": 206.94915642172603
                },
                {
                    "x": 33.43220726918366,
                    "y": 206.94915642172603
                }
            ]
        }
    ],
    "version": "2.2.0"
}