{
    "asset": {
        "format": "jpg",
        "id": "1f3e043a2e1aa5fc5b9fe83608dad828",
        "name": "NyZwaWQ9QXBp%20(2).jpg",
        "path": "file:C:/Users/ragha/Downloads/rhesusmacaque/NyZwaWQ9QXBp%20(2).jpg",
        "size": {
            "width": 339,
            "height": 225
        },
        "state": 2,
        "type": 1
    },
    "regions": [
        {
            "id": "QKb-tGRE4",
            "type": "RECTANGLE",
            "tags": [
                "monkey"
            ],
            "boundingBox": {
                "height": 186.46706792408835,
                "width": 188.43816480390117,
                "left": 73.93299993132028,
                "top": 22.04528597300638
            },
            "points": [
                {
                    "x": 73.93299993132028,
                    "y": 22.04528597300638
                },
                {
                    "x": 262.37116473522144,
                    "y": 22.04528597300638
                },
                {
                    "x": 262.37116473522144,
                    "y": 208.51235389709473
                },
                {
                    "x": 73.93299993132028,
                    "y": 208.51235389709473
                }
            ]
        }
    ],
    "version": "2.2.0"
}