{
    "asset": {
        "format": "jpg",
        "id": "2071e9cbc86063468dbcf9d5ddd3d185",
        "name": "images%20-%202022-02-02T104626.403.jpg",
        "path": "file:C:/Users/ragha/Downloads/rhesusmacaque/images%20-%202022-02-02T104626.403.jpg",
        "size": {
            "width": 326,
            "height": 154
        },
        "state": 2,
        "type": 1
    },
    "regions": [
        {
            "id": "7KS_55b2m",
            "type": "RECTANGLE",
            "tags": [
                "monkey"
            ],
            "boundingBox": {
                "height": 142.70936941046463,
                "width": 169.61072371920818,
                "left": 156.3892762807918,
                "top": 11.290630589535361
            },
            "points": [
                {
                    "x": 156.3892762807918,
                    "y": 11.290630589535361
                },
                {
                    "x": 326,
                    "y": 11.290630589535361
                },
                {
                    "x": 326,
                    "y": 154
                },
                {
                    "x": 156.3892762807918,
                    "y": 154
                }
            ]
        },
        {
            "id": "mp4BToQ07",
            "type": "RECTANGLE",
            "tags": [
                "monkey"
            ],
            "boundingBox": {
                "height": 141.35578452662418,
                "width": 136.62187076515517,
                "left": 7.064419452523142,
                "top": 1.4346325683593748
            },
            "points": [
                {
                    "x": 7.064419452523142,
                    "y": 1.4346325683593748
                },
                {
                    "x": 143.6862902176783,
                    "y": 1.4346325683593748
                },
                {
                    "x": 143.6862902176783,
                    "y": 142.79041709498355
                },
                {
                    "x": 7.064419452523142,
                    "y": 142.79041709498355
                }
            ]
        }
    ],
    "version": "2.2.0"
}