{
    "asset": {
        "format": "jpg",
        "id": "20b5ca6f0bc41a51adc436823ddeac5a",
        "name": "cCZwaWQ9QXBp.jpg",
        "path": "file:C:/Users/ragha/Downloads/rhesusmacaque/cCZwaWQ9QXBp.jpg",
        "size": {
            "width": 173,
            "height": 225
        },
        "state": 2,
        "type": 1
    },
    "regions": [
        {
            "id": "kCMBNWcFV",
            "type": "RECTANGLE",
            "tags": [
                "monkey"
            ],
            "boundingBox": {
                "height": 206.4406726319911,
                "width": 149.33970782336067,
                "left": 5.879302698023179,
                "top": 8.6440692513676
            },
            "points": [
                {
                    "x": 5.879302698023179,
                    "y": 8.6440692513676
                },
                {
                    "x": 155.21901052138384,
                    "y": 8.6440692513676
                },
                {
                    "x": 155.21901052138384,
                    "y": 215.0847418833587
                },
                {
                    "x": 5.879302698023179,
                    "y": 215.0847418833587
                }
            ]
        }
    ],
    "version": "2.2.0"
}