{
    "asset": {
        "format": "jpg",
        "id": "212a19fe77257f366bca079c758463cc",
        "name": "images%20(26).jpg",
        "path": "file:C:/Users/ragha/Downloads/rhesusmacaque/images%20(26).jpg",
        "size": {
            "width": 261,
            "height": 193
        },
        "state": 2,
        "type": 1
    },
    "regions": [
        {
            "id": "6-8rCMiU9",
            "type": "RECTANGLE",
            "tags": [
                "monkey"
            ],
            "boundingBox": {
                "height": 178.17061897320937,
                "width": 173.92736360872462,
                "left": 36.245082560561144,
                "top": 14.82938102679064
            },
            "points": [
                {
                    "x": 36.245082560561144,
                    "y": 14.82938102679064
                },
                {
                    "x": 210.17244616928576,
                    "y": 14.82938102679064
                },
                {
                    "x": 210.17244616928576,
                    "y": 193
                },
                {
                    "x": 36.245082560561144,
                    "y": 193
                }
            ]
        }
    ],
    "version": "2.2.0"
}