{
    "asset": {
        "format": "jpg",
        "id": "219d1622e0ac7b36a9eaa8b921f11ab3",
        "name": "MSZwaWQ9QXBp.jpg",
        "path": "file:C:/Users/ragha/Downloads/rhesusmacaque/MSZwaWQ9QXBp.jpg",
        "size": {
            "width": 286,
            "height": 225
        },
        "state": 2,
        "type": 1
    },
    "regions": [
        {
            "id": "ackpCIFOx",
            "type": "RECTANGLE",
            "tags": [
                "monkey"
            ],
            "boundingBox": {
                "height": 176.9491486630197,
                "width": 154.0586627875434,
                "left": 48.04006137424045,
                "top": 12.711864406779661
            },
            "points": [
                {
                    "x": 48.04006137424045,
                    "y": 12.711864406779661
                },
                {
                    "x": 202.09872416178385,
                    "y": 12.711864406779661
                },
                {
                    "x": 202.09872416178385,
                    "y": 189.6610130697994
                },
                {
                    "x": 48.04006137424045,
                    "y": 189.6610130697994
                }
            ]
        }
    ],
    "version": "2.2.0"
}