{
    "asset": {
        "format": "jpg",
        "id": "21cfcdeb669780e67f135e9b866dc636",
        "name": "kyikyjyhtnrhn.jpg",
        "path": "file:C:/Users/ragha/Downloads/rhesusmacaque/kyikyjyhtnrhn.jpg",
        "size": {
            "width": 194,
            "height": 259
        },
        "state": 2,
        "type": 1
    },
    "regions": [
        {
            "id": "I7olF6EQw",
            "type": "RECTANGLE",
            "tags": [
                "monkey"
            ],
            "boundingBox": {
                "height": 235.8802271050922,
                "width": 143.48679245283017,
                "left": 18.141745283018867,
                "top": 21.656496058749614
            },
            "points": [
                {
                    "x": 18.141745283018867,
                    "y": 21.656496058749614
                },
                {
                    "x": 161.62853773584905,
                    "y": 21.656496058749614
                },
                {
                    "x": 161.62853773584905,
                    "y": 257.53672316384177
                },
                {
                    "x": 18.141745283018867,
                    "y": 257.53672316384177
                }
            ]
        }
    ],
    "version": "2.2.0"
}