{
    "asset": {
        "format": "jpg",
        "id": "221c4844d06eb56ab3e9b8fe76f57f42",
        "name": "657657th.jpg",
        "path": "file:C:/Users/ragha/Downloads/rhesusmacaque/657657th.jpg",
        "size": {
            "width": 226,
            "height": 223
        },
        "state": 2,
        "type": 1
    },
    "regions": [
        {
            "id": "HpPF6iAQ_",
            "type": "RECTANGLE",
            "tags": [
                "monkey"
            ],
            "boundingBox": {
                "height": 78.61695107497738,
                "width": 119.86184420359832,
                "left": 24.256441504178273,
                "top": 82.64858564818647
            },
            "points": [
                {
                    "x": 24.256441504178273,
                    "y": 82.64858564818647
                },
                {
                    "x": 144.1182857077766,
                    "y": 82.64858564818647
                },
                {
                    "x": 144.1182857077766,
                    "y": 161.26553672316385
                },
                {
                    "x": 24.256441504178273,
                    "y": 161.26553672316385
                }
            ]
        }
    ],
    "version": "2.2.0"
}