{
    "asset": {
        "format": "jpg",
        "id": "222db463ac58583a447f6e5f4b4e7e46",
        "name": "images%20-%202022-02-02T104626.332.jpg",
        "path": "file:C:/Users/ragha/Downloads/rhesusmacaque/images%20-%202022-02-02T104626.332.jpg",
        "size": {
            "width": 275,
            "height": 183
        },
        "state": 2,
        "type": 1
    },
    "regions": [
        {
            "id": "6v3EaV7eB",
            "type": "RECTANGLE",
            "tags": [
                "monkey"
            ],
            "boundingBox": {
                "height": 128.48239889571914,
                "width": 164.8906594005304,
                "left": 43.79224985778687,
                "top": 25.107871884018625
            },
            "points": [
                {
                    "x": 43.79224985778687,
                    "y": 25.107871884018625
                },
                {
                    "x": 208.68290925831727,
                    "y": 25.107871884018625
                },
                {
                    "x": 208.68290925831727,
                    "y": 153.59027077973778
                },
                {
                    "x": 43.79224985778687,
                    "y": 153.59027077973778
                }
            ]
        },
        {
            "id": "SkkEChuG_",
            "type": "RECTANGLE",
            "tags": [
                "monkey"
            ],
            "boundingBox": {
                "height": 101.51720024222757,
                "width": 160.735578138833,
                "left": 15.800203812525238,
                "top": 81.48279975777241
            },
            "points": [
                {
                    "x": 15.800203812525238,
                    "y": 81.48279975777241
                },
                {
                    "x": 176.53578195135825,
                    "y": 81.48279975777241
                },
                {
                    "x": 176.53578195135825,
                    "y": 183
                },
                {
                    "x": 15.800203812525238,
                    "y": 183
                }
            ]
        }
    ],
    "version": "2.2.0"
}