{
    "asset": {
        "format": "jpg",
        "id": "22561426380560a3192beec50007de36",
        "name": "images%20(69).jpg",
        "path": "file:C:/Users/ragha/Downloads/rhesusmacaque/images%20(69).jpg",
        "size": {
            "width": 100,
            "height": 100
        },
        "state": 2,
        "type": 1
    },
    "regions": [
        {
            "id": "s6b7e9fQx",
            "type": "RECTANGLE",
            "tags": [
                "monkey"
            ],
            "boundingBox": {
                "height": 44.29378617281294,
                "width": 28.47458144365731,
                "left": 1.0593220338983051,
                "top": 2.824858757062147
            },
            "points": [
                {
                    "x": 1.0593220338983051,
                    "y": 2.824858757062147
                },
                {
                    "x": 29.533903477555615,
                    "y": 2.824858757062147
                },
                {
                    "x": 29.533903477555615,
                    "y": 47.11864492987509
                },
                {
                    "x": 1.0593220338983051,
                    "y": 47.11864492987509
                }
            ]
        },
        {
            "id": "2s_B9BQ5B",
            "type": "RECTANGLE",
            "tags": [
                "monkey"
            ],
            "boundingBox": {
                "height": 86.32768533997617,
                "width": 38.940679690258655,
                "left": 61.05932030974135,
                "top": 8.474576271186441
            },
            "points": [
                {
                    "x": 61.05932030974135,
                    "y": 8.474576271186441
                },
                {
                    "x": 100,
                    "y": 8.474576271186441
                },
                {
                    "x": 100,
                    "y": 94.8022616111626
                },
                {
                    "x": 61.05932030974135,
                    "y": 94.8022616111626
                }
            ]
        }
    ],
    "version": "2.2.0"
}