{
    "asset": {
        "format": "jpg",
        "id": "22bc604dc24088094fd239a94b72755c",
        "name": "images%20(64).jpg",
        "path": "file:C:/Users/ragha/Downloads/rhesusmacaque/images%20(64).jpg",
        "size": {
            "width": 275,
            "height": 183
        },
        "state": 2,
        "type": 1
    },
    "regions": [
        {
            "id": "pUv29yVCb",
            "type": "RECTANGLE",
            "tags": [
                "monkey"
            ],
            "boundingBox": {
                "height": 126.54915017596745,
                "width": 140.1879841223695,
                "left": 70.88874766701146,
                "top": 30.810168702723615
            },
            "points": [
                {
                    "x": 70.88874766701146,
                    "y": 30.810168702723615
                },
                {
                    "x": 211.07673178938097,
                    "y": 30.810168702723615
                },
                {
                    "x": 211.07673178938097,
                    "y": 157.35931887869106
                },
                {
                    "x": 70.88874766701146,
                    "y": 157.35931887869106
                }
            ]
        }
    ],
    "version": "2.2.0"
}