{
    "asset": {
        "format": "jpg",
        "id": "23687a889a1ab08e7cb69002ff4a16f4",
        "name": "images%20-%202022-02-02T104626.385.jpg",
        "path": "file:C:/Users/ragha/Downloads/rhesusmacaque/images%20-%202022-02-02T104626.385.jpg",
        "size": {
            "width": 396,
            "height": 127
        },
        "state": 2,
        "type": 1
    },
    "regions": [
        {
            "id": "YGeNYtLTv",
            "type": "RECTANGLE",
            "tags": [
                "monkey"
            ],
            "boundingBox": {
                "height": 88.03231498765649,
                "width": 156.51052716901714,
                "left": 120.6894776361363,
                "top": 3.835627016813859
            },
            "points": [
                {
                    "x": 120.6894776361363,
                    "y": 3.835627016813859
                },
                {
                    "x": 277.2000048051534,
                    "y": 3.835627016813859
                },
                {
                    "x": 277.2000048051534,
                    "y": 91.86794200447035
                },
                {
                    "x": 120.6894776361363,
                    "y": 91.86794200447035
                }
            ]
        },
        {
            "id": "627Op8Ljt",
            "type": "RECTANGLE",
            "tags": [
                "monkey"
            ],
            "boundingBox": {
                "height": 60.896892002650674,
                "width": 134.78169532609033,
                "left": 170.13042230018326,
                "top": 63.47041444008395
            },
            "points": [
                {
                    "x": 170.13042230018326,
                    "y": 63.47041444008395
                },
                {
                    "x": 304.9121176262736,
                    "y": 63.47041444008395
                },
                {
                    "x": 304.9121176262736,
                    "y": 124.36730644273463
                },
                {
                    "x": 170.13042230018326,
                    "y": 124.36730644273463
                }
            ]
        }
    ],
    "version": "2.2.0"
}