{
    "asset": {
        "format": "jpg",
        "id": "2373378ca10c0d4a9016a5e201abe82c",
        "name": "5trgfhythgdbf.jpg",
        "path": "file:C:/Users/ragha/Downloads/rhesusmacaque/5trgfhythgdbf.jpg",
        "size": {
            "width": 183,
            "height": 275
        },
        "state": 2,
        "type": 1
    },
    "regions": [
        {
            "id": "nkYJozCmT",
            "type": "RECTANGLE",
            "tags": [
                "monkey"
            ],
            "boundingBox": {
                "height": 242.062151634087,
                "width": 155.72483602147196,
                "left": 11.29666079381469,
                "top": 15.536723163841808
            },
            "points": [
                {
                    "x": 11.29666079381469,
                    "y": 15.536723163841808
                },
                {
                    "x": 167.02149681528664,
                    "y": 15.536723163841808
                },
                {
                    "x": 167.02149681528664,
                    "y": 257.59887479792883
                },
                {
                    "x": 11.29666079381469,
                    "y": 257.59887479792883
                }
            ]
        }
    ],
    "version": "2.2.0"
}