{
    "asset": {
        "format": "jpg",
        "id": "23d5f1127ab063f64799c66ccdb46fb4",
        "name": "images%20(3).jpg",
        "path": "file:C:/Users/ragha/Downloads/rhesusmacaque/images%20(3).jpg",
        "size": {
            "width": 259,
            "height": 194
        },
        "state": 2,
        "type": 1
    },
    "regions": [
        {
            "id": "VLp0MZiB7",
            "type": "RECTANGLE",
            "tags": [
                "monkey"
            ],
            "boundingBox": {
                "height": 109.82373383085606,
                "width": 188.14460386635133,
                "left": 35.18470693189044,
                "top": 19.07118811311021
            },
            "points": [
                {
                    "x": 35.18470693189044,
                    "y": 19.07118811311021
                },
                {
                    "x": 223.32931079824178,
                    "y": 19.07118811311021
                },
                {
                    "x": 223.32931079824178,
                    "y": 128.89492194396627
                },
                {
                    "x": 35.18470693189044,
                    "y": 128.89492194396627
                }
            ]
        }
    ],
    "version": "2.2.0"
}