{
    "asset": {
        "format": "jpg",
        "id": "23fe3f8492b7aab229ded2cfc9130199",
        "name": "YiZwaWQ9QXBp.jpg",
        "path": "file:C:/Users/ragha/Downloads/rhesusmacaque/YiZwaWQ9QXBp.jpg",
        "size": {
            "width": 177,
            "height": 225
        },
        "state": 2,
        "type": 1
    },
    "regions": [
        {
            "id": "J_FngP4kc8",
            "type": "RECTANGLE",
            "tags": [
                "monkey"
            ],
            "boundingBox": {
                "height": 213.05084551795053,
                "width": 163.7170595343708,
                "left": 5.112193575025247,
                "top": 11.949154482049456
            },
            "points": [
                {
                    "x": 5.112193575025247,
                    "y": 11.949154482049456
                },
                {
                    "x": 168.82925310939606,
                    "y": 11.949154482049456
                },
                {
                    "x": 168.82925310939606,
                    "y": 225
                },
                {
                    "x": 5.112193575025247,
                    "y": 225
                }
            ]
        }
    ],
    "version": "2.2.0"
}