{
    "asset": {
        "format": "jpg",
        "id": "240e1ecf37f70c1168d1a92e08404b94",
        "name": "NyZwaWQ9QXBp%20(5).jpg",
        "path": "file:C:/Users/ragha/Downloads/rhesusmacaque/NyZwaWQ9QXBp%20(5).jpg",
        "size": {
            "width": 339,
            "height": 225
        },
        "state": 2,
        "type": 1
    },
    "regions": [
        {
            "id": "kD3W0Ff3D",
            "type": "RECTANGLE",
            "tags": [
                "monkey"
            ],
            "boundingBox": {
                "height": 197.83495457586415,
                "width": 264.19085487077535,
                "left": 19.207753479125248,
                "top": 27.16504542413586
            },
            "points": [
                {
                    "x": 19.207753479125248,
                    "y": 27.16504542413586
                },
                {
                    "x": 283.3986083499006,
                    "y": 27.16504542413586
                },
                {
                    "x": 283.3986083499006,
                    "y": 225
                },
                {
                    "x": 19.207753479125248,
                    "y": 225
                }
            ]
        }
    ],
    "version": "2.2.0"
}