{
    "asset": {
        "format": "jpg",
        "id": "2451f6fd08c8d89eea4430cb32207e5f",
        "name": "images%20-%202022-02-02T104626.353.jpg",
        "path": "file:C:/Users/ragha/Downloads/rhesusmacaque/images%20-%202022-02-02T104626.353.jpg",
        "size": {
            "width": 225,
            "height": 224
        },
        "state": 2,
        "type": 1
    },
    "regions": [
        {
            "id": "94do5X8_6",
            "type": "RECTANGLE",
            "tags": [
                "monkey"
            ],
            "boundingBox": {
                "height": 80.23503017964337,
                "width": 87.08862111538272,
                "left": 7.590977149673655,
                "top": 103.2677946791137
            },
            "points": [
                {
                    "x": 7.590977149673655,
                    "y": 103.2677946791137
                },
                {
                    "x": 94.67959826505637,
                    "y": 103.2677946791137
                },
                {
                    "x": 94.67959826505637,
                    "y": 183.50282485875707
                },
                {
                    "x": 7.590977149673655,
                    "y": 183.50282485875707
                }
            ]
        },
        {
            "id": "sextHa-2p",
            "type": "RECTANGLE",
            "tags": [
                "monkey"
            ],
            "boundingBox": {
                "height": 49.86215847899012,
                "width": 63.79747028592267,
                "left": 4.5530101920984976,
                "top": 148.3209000926907
            },
            "points": [
                {
                    "x": 4.5530101920984976,
                    "y": 148.3209000926907
                },
                {
                    "x": 68.35048047802117,
                    "y": 148.3209000926907
                },
                {
                    "x": 68.35048047802117,
                    "y": 198.18305857168082
                },
                {
                    "x": 4.5530101920984976,
                    "y": 198.18305857168082
                }
            ]
        },
        {
            "id": "Vod-eI1h3",
            "type": "RECTANGLE",
            "tags": [
                "monkey"
            ],
            "boundingBox": {
                "height": 86.05649717514125,
                "width": 74.93670499777492,
                "left": 131.89478041250496,
                "top": 105.03954802259888
            },
            "points": [
                {
                    "x": 131.89478041250496,
                    "y": 105.03954802259888
                },
                {
                    "x": 206.83148541027987,
                    "y": 105.03954802259888
                },
                {
                    "x": 206.83148541027987,
                    "y": 191.09604519774012
                },
                {
                    "x": 131.89478041250496,
                    "y": 191.09604519774012
                }
            ]
        }
    ],
    "version": "2.2.0"
}