{
    "asset": {
        "format": "jpg",
        "id": "26000503f5977400005b74b86552a6c5",
        "name": "images%20-%202022-02-02T104625.794.jpg",
        "path": "file:C:/Users/ragha/Downloads/rhesusmacaque/images%20-%202022-02-02T104625.794.jpg",
        "size": {
            "width": 202,
            "height": 250
        },
        "state": 2,
        "type": 1
    },
    "regions": [
        {
            "id": "pMd-DUyTe",
            "type": "RECTANGLE",
            "tags": [
                "monkey"
            ],
            "boundingBox": {
                "height": 203.6723174617789,
                "width": 136.4559526776934,
                "left": 42.108354368409906,
                "top": 43.22034221584514
            },
            "points": [
                {
                    "x": 42.108354368409906,
                    "y": 43.22034221584514
                },
                {
                    "x": 178.5643070461033,
                    "y": 43.22034221584514
                },
                {
                    "x": 178.5643070461033,
                    "y": 246.89265967762404
                },
                {
                    "x": 42.108354368409906,
                    "y": 246.89265967762404
                }
            ]
        }
    ],
    "version": "2.2.0"
}