{
    "asset": {
        "format": "jpg",
        "id": "2656389922b70ec1cd3cad511e7e6fa6",
        "name": "images%20(25).jpg",
        "path": "file:C:/Users/ragha/Downloads/rhesusmacaque/images%20(25).jpg",
        "size": {
            "width": 290,
            "height": 174
        },
        "state": 2,
        "type": 1
    },
    "regions": [
        {
            "id": "hNX4UURbI",
            "type": "RECTANGLE",
            "tags": [
                "monkey"
            ],
            "boundingBox": {
                "height": 167.47500414848326,
                "width": 255.0478124931357,
                "left": 28.21181378637169,
                "top": 2.528436255455017
            },
            "points": [
                {
                    "x": 28.21181378637169,
                    "y": 2.528436255455017
                },
                {
                    "x": 283.25962627950736,
                    "y": 2.528436255455017
                },
                {
                    "x": 283.25962627950736,
                    "y": 170.00344040393827
                },
                {
                    "x": 28.21181378637169,
                    "y": 170.00344040393827
                }
            ]
        }
    ],
    "version": "2.2.0"
}