{
    "asset": {
        "format": "jpg",
        "id": "26d1791721276a4daa0c3bf313f6e4cc",
        "name": "images%20(63).jpg",
        "path": "file:C:/Users/ragha/Downloads/rhesusmacaque/images%20(63).jpg",
        "size": {
            "width": 183,
            "height": 276
        },
        "state": 2,
        "type": 1
    },
    "regions": [
        {
            "id": "ahKgRZpuA",
            "type": "RECTANGLE",
            "tags": [
                "monkey"
            ],
            "boundingBox": {
                "height": 221.7355884616658,
                "width": 156.05618922456782,
                "left": 26.875677230510306,
                "top": 23.389830508474578
            },
            "points": [
                {
                    "x": 26.875677230510306,
                    "y": 23.389830508474578
                },
                {
                    "x": 182.93186645507814,
                    "y": 23.389830508474578
                },
                {
                    "x": 182.93186645507814,
                    "y": 245.12541897014037
                },
                {
                    "x": 26.875677230510306,
                    "y": 245.12541897014037
                }
            ]
        }
    ],
    "version": "2.2.0"
}