{
    "asset": {
        "format": "jpg",
        "id": "274b834527f931154790a6e442e3d12c",
        "name": "images%20-%202022-02-02T104626.384.jpg",
        "path": "file:C:/Users/ragha/Downloads/rhesusmacaque/images%20-%202022-02-02T104626.384.jpg",
        "size": {
            "width": 245,
            "height": 205
        },
        "state": 2,
        "type": 1
    },
    "regions": [
        {
            "id": "E2fNL5C-_",
            "type": "RECTANGLE",
            "tags": [
                "monkey"
            ],
            "boundingBox": {
                "height": 153.34463453562248,
                "width": 144.10402951792904,
                "left": 58.46260936547678,
                "top": 42.158193857656364
            },
            "points": [
                {
                    "x": 58.46260936547678,
                    "y": 42.158193857656364
                },
                {
                    "x": 202.5666388834058,
                    "y": 42.158193857656364
                },
                {
                    "x": 202.5666388834058,
                    "y": 195.50282839327883
                },
                {
                    "x": 58.46260936547678,
                    "y": 195.50282839327883
                }
            ]
        }
    ],
    "version": "2.2.0"
}