{
    "asset": {
        "format": "jpg",
        "id": "281d548851bbf9d2a606592a37e1b973",
        "name": "65tghfgfdh.jpg",
        "path": "file:C:/Users/ragha/Downloads/rhesusmacaque/65tghfgfdh.jpg",
        "size": {
            "width": 275,
            "height": 183
        },
        "state": 2,
        "type": 1
    },
    "regions": [
        {
            "id": "uCFQvPHUo",
            "type": "RECTANGLE",
            "tags": [
                "monkey"
            ],
            "boundingBox": {
                "height": 159.2203468710689,
                "width": 251.66764331043214,
                "left": 23.332356689567852,
                "top": 13.854238865739207
            },
            "points": [
                {
                    "x": 23.332356689567852,
                    "y": 13.854238865739207
                },
                {
                    "x": 275,
                    "y": 13.854238865739207
                },
                {
                    "x": 275,
                    "y": 173.0745857368081
                },
                {
                    "x": 23.332356689567852,
                    "y": 173.0745857368081
                }
            ]
        }
    ],
    "version": "2.2.0"
}