{
    "asset": {
        "format": "jpg",
        "id": "287daa0376ba4a1042bdf806ae50da11",
        "name": "ejhgdngnhg.jpg",
        "path": "file:C:/Users/ragha/Downloads/rhesusmacaque/ejhgdngnhg.jpg",
        "size": {
            "width": 300,
            "height": 168
        },
        "state": 2,
        "type": 1
    },
    "regions": [
        {
            "id": "wwAwPg1x7",
            "type": "RECTANGLE",
            "tags": [
                "monkey"
            ],
            "boundingBox": {
                "height": 153.8513369352921,
                "width": 83.22399250234302,
                "left": 65.8481758782656,
                "top": 14.148663064707879
            },
            "points": [
                {
                    "x": 65.8481758782656,
                    "y": 14.148663064707879
                },
                {
                    "x": 149.07216838060862,
                    "y": 14.148663064707879
                },
                {
                    "x": 149.07216838060862,
                    "y": 168
                },
                {
                    "x": 65.8481758782656,
                    "y": 168
                }
            ]
        },
        {
            "id": "V61D06tFg",
            "type": "RECTANGLE",
            "tags": [
                "monkey"
            ],
            "boundingBox": {
                "height": 139.7939816478104,
                "width": 101.66823897500294,
                "left": 150.87161292064494,
                "top": 2.911204870727947
            },
            "points": [
                {
                    "x": 150.87161292064494,
                    "y": 2.911204870727947
                },
                {
                    "x": 252.53985189564787,
                    "y": 2.911204870727947
                },
                {
                    "x": 252.53985189564787,
                    "y": 142.70518651853834
                },
                {
                    "x": 150.87161292064494,
                    "y": 142.70518651853834
                }
            ]
        }
    ],
    "version": "2.2.0"
}