{
    "asset": {
        "format": "jpg",
        "id": "28e6a6fa7f1955ad71f03c9c03f24060",
        "name": "images%20(23).jpg",
        "path": "file:C:/Users/ragha/Downloads/rhesusmacaque/images%20(23).jpg",
        "size": {
            "width": 275,
            "height": 183
        },
        "state": 2,
        "type": 1
    },
    "regions": [
        {
            "id": "fX_dapelO",
            "type": "RECTANGLE",
            "tags": [
                "monkey"
            ],
            "boundingBox": {
                "height": 141.85085219043796,
                "width": 215.8646648091481,
                "left": 45.66318217973063,
                "top": 20.05762869624768
            },
            "points": [
                {
                    "x": 45.66318217973063,
                    "y": 20.05762869624768
                },
                {
                    "x": 261.5278469888787,
                    "y": 20.05762869624768
                },
                {
                    "x": 261.5278469888787,
                    "y": 161.90848088668562
                },
                {
                    "x": 45.66318217973063,
                    "y": 161.90848088668562
                }
            ]
        }
    ],
    "version": "2.2.0"
}