{
    "asset": {
        "format": "jpg",
        "id": "2a024c9321516372d67009bcf4a985b4",
        "name": "653ghg.jpg",
        "path": "file:C:/Users/ragha/Downloads/rhesusmacaque/653ghg.jpg",
        "size": {
            "width": 249,
            "height": 203
        },
        "state": 2,
        "type": 1
    },
    "regions": [
        {
            "id": "zxSZSLLO5",
            "type": "RECTANGLE",
            "tags": [
                "monkey"
            ],
            "boundingBox": {
                "height": 180.97967107956018,
                "width": 235.55428128961316,
                "left": 13.44571871038685,
                "top": 6.422599307561325
            },
            "points": [
                {
                    "x": 13.44571871038685,
                    "y": 6.422599307561325
                },
                {
                    "x": 249,
                    "y": 6.422599307561325
                },
                {
                    "x": 249,
                    "y": 187.40227038712152
                },
                {
                    "x": 13.44571871038685,
                    "y": 187.40227038712152
                }
            ]
        }
    ],
    "version": "2.2.0"
}