{
    "asset": {
        "format": "jpg",
        "id": "2a4458575852b62ee33de3bdaf601606",
        "name": "QSZwaWQ9QXBp%20(6).jpg",
        "path": "file:C:/Users/ragha/Downloads/rhesusmacaque/QSZwaWQ9QXBp%20(6).jpg",
        "size": {
            "width": 150,
            "height": 225
        },
        "state": 2,
        "type": 1
    },
    "regions": [
        {
            "id": "dTd_2-4qN",
            "type": "RECTANGLE",
            "tags": [
                "monkey"
            ],
            "boundingBox": {
                "height": 195.50847118183717,
                "width": 129.4067835403701,
                "left": 11.822037777658236,
                "top": 6.8644062947418725
            },
            "points": [
                {
                    "x": 11.822037777658236,
                    "y": 6.8644062947418725
                },
                {
                    "x": 141.22882131802834,
                    "y": 6.8644062947418725
                },
                {
                    "x": 141.22882131802834,
                    "y": 202.37287747657905
                },
                {
                    "x": 11.822037777658236,
                    "y": 202.37287747657905
                }
            ]
        }
    ],
    "version": "2.2.0"
}