{
    "asset": {
        "format": "jpg",
        "id": "2b6846372f7ff07bfaf3d21a6caeee21",
        "name": "78567yjghf.jpg",
        "path": "file:C:/Users/ragha/Downloads/rhesusmacaque/78567yjghf.jpg",
        "size": {
            "width": 248,
            "height": 203
        },
        "state": 2,
        "type": 1
    },
    "regions": [
        {
            "id": "IKRkwAH7M",
            "type": "RECTANGLE",
            "tags": [
                "monkey"
            ],
            "boundingBox": {
                "height": 83.4937844357248,
                "width": 101.37896128748194,
                "left": 9.970180410043353,
                "top": 5.9638426829192595
            },
            "points": [
                {
                    "x": 9.970180410043353,
                    "y": 5.9638426829192595
                },
                {
                    "x": 111.3491416975253,
                    "y": 5.9638426829192595
                },
                {
                    "x": 111.3491416975253,
                    "y": 89.45762711864407
                },
                {
                    "x": 9.970180410043353,
                    "y": 89.45762711864407
                }
            ]
        },
        {
            "id": "3eKstAzo-x",
            "type": "RECTANGLE",
            "tags": [
                "monkey"
            ],
            "boundingBox": {
                "height": 101.84406254655224,
                "width": 91.51631282740246,
                "left": 25.337572254335264,
                "top": 100.00904479808052
            },
            "points": [
                {
                    "x": 25.337572254335264,
                    "y": 100.00904479808052
                },
                {
                    "x": 116.85388508173773,
                    "y": 100.00904479808052
                },
                {
                    "x": 116.85388508173773,
                    "y": 201.85310734463278
                },
                {
                    "x": 25.337572254335264,
                    "y": 201.85310734463278
                }
            ]
        }
    ],
    "version": "2.2.0"
}