{
    "asset": {
        "format": "jpg",
        "id": "2bdc441ae9aa0442ddca74012a468fc6",
        "name": "NyZwaWQ9QXBp%20(9).jpg",
        "path": "file:C:/Users/ragha/Downloads/rhesusmacaque/NyZwaWQ9QXBp%20(9).jpg",
        "size": {
            "width": 339,
            "height": 225
        },
        "state": 2,
        "type": 1
    },
    "regions": [
        {
            "id": "cJCbomUe4",
            "type": "RECTANGLE",
            "tags": [
                "monkey"
            ],
            "boundingBox": {
                "height": 214.27208135227957,
                "width": 267.965003770104,
                "left": 68.54134983191669,
                "top": 10.72791864772043
            },
            "points": [
                {
                    "x": 68.54134983191669,
                    "y": 10.72791864772043
                },
                {
                    "x": 336.5063536020207,
                    "y": 10.72791864772043
                },
                {
                    "x": 336.5063536020207,
                    "y": 225
                },
                {
                    "x": 68.54134983191669,
                    "y": 225
                }
            ]
        }
    ],
    "version": "2.2.0"
}