{
    "asset": {
        "format": "jpg",
        "id": "2c8a4cb2ff8d5f1f495e959f9db96553",
        "name": "images%20-%202022-02-02T104626.298.jpg",
        "path": "file:C:/Users/ragha/Downloads/rhesusmacaque/images%20-%202022-02-02T104626.298.jpg",
        "size": {
            "width": 275,
            "height": 183
        },
        "state": 2,
        "type": 1
    },
    "regions": [
        {
            "id": "Ld9SyP7CL",
            "type": "RECTANGLE",
            "tags": [
                "monkey"
            ],
            "boundingBox": {
                "height": 119.30507546040549,
                "width": 82.0079522862823,
                "left": 64.78628230616302,
                "top": 39.09235283011821
            },
            "points": [
                {
                    "x": 64.78628230616302,
                    "y": 39.09235283011821
                },
                {
                    "x": 146.79423459244532,
                    "y": 39.09235283011821
                },
                {
                    "x": 146.79423459244532,
                    "y": 158.3974282905237
                },
                {
                    "x": 64.78628230616302,
                    "y": 158.3974282905237
                }
            ]
        },
        {
            "id": "F4fpUcDR1",
            "type": "RECTANGLE",
            "tags": [
                "monkey"
            ],
            "boundingBox": {
                "height": 103.13552405513934,
                "width": 67.79324055666004,
                "left": 162.10238568588468,
                "top": 57.44697886225003
            },
            "points": [
                {
                    "x": 162.10238568588468,
                    "y": 57.44697886225003
                },
                {
                    "x": 229.89562624254472,
                    "y": 57.44697886225003
                },
                {
                    "x": 229.89562624254472,
                    "y": 160.58250291738938
                },
                {
                    "x": 162.10238568588468,
                    "y": 160.58250291738938
                }
            ]
        }
    ],
    "version": "2.2.0"
}