{
    "asset": {
        "format": "jpg",
        "id": "2c95e229ea292e7502077323658e93d6",
        "name": "images_2.jpg",
        "path": "file:C:/Users/ragha/Downloads/rhesusmacaque/images_2.jpg",
        "size": {
            "width": 248,
            "height": 203
        },
        "state": 2,
        "type": 1
    },
    "regions": [
        {
            "id": "-YXnO9vS4",
            "type": "RECTANGLE",
            "tags": [
                "monkey"
            ],
            "boundingBox": {
                "height": 180.06215126770363,
                "width": 149.54542652637284,
                "left": 50.71099140850795,
                "top": 13.303957427288852
            },
            "points": [
                {
                    "x": 50.71099140850795,
                    "y": 13.303957427288852
                },
                {
                    "x": 200.2564179348808,
                    "y": 13.303957427288852
                },
                {
                    "x": 200.2564179348808,
                    "y": 193.3661086949925
                },
                {
                    "x": 50.71099140850795,
                    "y": 193.3661086949925
                }
            ]
        }
    ],
    "version": "2.2.0"
}