{
    "asset": {
        "format": "jpg",
        "id": "2cb17f02b84c7d9af979de42ec31a1fa",
        "name": "OCZwaWQ9QXBp%20(15).jpg",
        "path": "file:C:/Users/ragha/Downloads/rhesusmacaque/OCZwaWQ9QXBp%20(15).jpg",
        "size": {
            "width": 338,
            "height": 225
        },
        "state": 2,
        "type": 1
    },
    "regions": [
        {
            "id": "kN5bF9l06",
            "type": "RECTANGLE",
            "tags": [
                "monkey"
            ],
            "boundingBox": {
                "height": 178.38806892508893,
                "width": 279.538787902468,
                "left": 4.099010065583064,
                "top": 14.788712174145145
            },
            "points": [
                {
                    "x": 4.099010065583064,
                    "y": 14.788712174145145
                },
                {
                    "x": 283.6377979680511,
                    "y": 14.788712174145145
                },
                {
                    "x": 283.6377979680511,
                    "y": 193.17678109923406
                },
                {
                    "x": 4.099010065583064,
                    "y": 193.17678109923406
                }
            ]
        }
    ],
    "version": "2.2.0"
}