{
    "asset": {
        "format": "jpg",
        "id": "2d9f650cfd74814722cfbb977743c991",
        "name": "images.jpg",
        "path": "file:C:/Users/ragha/Downloads/rhesusmacaque/images.jpg",
        "size": {
            "width": 265,
            "height": 190
        },
        "state": 2,
        "type": 1
    },
    "regions": [
        {
            "id": "vlsy7XLB6",
            "type": "RECTANGLE",
            "tags": [
                "monkey"
            ],
            "boundingBox": {
                "height": 166.38418079096047,
                "width": 210.4964620943852,
                "left": 15.179776208137426,
                "top": 0
            },
            "points": [
                {
                    "x": 15.179776208137426,
                    "y": 0
                },
                {
                    "x": 225.67623830252262,
                    "y": 0
                },
                {
                    "x": 225.67623830252262,
                    "y": 166.38418079096047
                },
                {
                    "x": 15.179776208137426,
                    "y": 166.38418079096047
                }
            ]
        }
    ],
    "version": "2.2.0"
}