{
    "asset": {
        "format": "jpg",
        "id": "2dcc6c5f345c0a13ea08c0d38bca4f1e",
        "name": "VSZwaWQ9QXBp.jpg",
        "path": "file:C:/Users/ragha/Downloads/rhesusmacaque/VSZwaWQ9QXBp.jpg",
        "size": {
            "width": 264,
            "height": 225
        },
        "state": 2,
        "type": 1
    },
    "regions": [
        {
            "id": "sQGO04_qo",
            "type": "RECTANGLE",
            "tags": [
                "monkey"
            ],
            "boundingBox": {
                "height": 178.22033995288913,
                "width": 162.08965020237198,
                "left": 67.48300428275603,
                "top": 18.81355835219561
            },
            "points": [
                {
                    "x": 67.48300428275603,
                    "y": 18.81355835219561
                },
                {
                    "x": 229.572654485128,
                    "y": 18.81355835219561
                },
                {
                    "x": 229.572654485128,
                    "y": 197.03389830508473
                },
                {
                    "x": 67.48300428275603,
                    "y": 197.03389830508473
                }
            ]
        }
    ],
    "version": "2.2.0"
}