{
    "asset": {
        "format": "jpg",
        "id": "2e06ca4c96c9c8c440a612a4b5e36453",
        "name": "TyZwaWQ9QXBp.jpg",
        "path": "file:C:/Users/ragha/Downloads/rhesusmacaque/TyZwaWQ9QXBp.jpg",
        "size": {
            "width": 181,
            "height": 225
        },
        "state": 2,
        "type": 1
    },
    "regions": [
        {
            "id": "dNY_Nzw6_",
            "type": "RECTANGLE",
            "tags": [
                "monkey"
            ],
            "boundingBox": {
                "height": 163.22033607353598,
                "width": 132.8603586297286,
                "left": 16.504344043397065,
                "top": 14.74576562137927
            },
            "points": [
                {
                    "x": 16.504344043397065,
                    "y": 14.74576562137927
                },
                {
                    "x": 149.3647026731257,
                    "y": 14.74576562137927
                },
                {
                    "x": 149.3647026731257,
                    "y": 177.96610169491524
                },
                {
                    "x": 16.504344043397065,
                    "y": 177.96610169491524
                }
            ]
        }
    ],
    "version": "2.2.0"
}