{
    "asset": {
        "format": "jpg",
        "id": "2e560d3003a7d6a3e5644af2790b4124",
        "name": "6ye5yhgfhdb.jpg",
        "path": "file:C:/Users/karan/Pictures/rhesusmacaque/6ye5yhgfhdb.jpg",
        "size": {
            "width": 307,
            "height": 164
        },
        "state": 2,
        "type": 1,
        "predicted": true
    },
    "regions": [
        {
            "id": "K_4CGer_n-",
            "type": "RECTANGLE",
            "tags": [
                "Monkey"
            ],
            "boundingBox": {
                "left": 165.17840266227722,
                "top": 5.4878833293914795,
                "width": 129.85312485694885,
                "height": 157.9609832763672
            },
            "points": [
                {
                    "x": 165.17840266227722,
                    "y": 5.4878833293914795
                },
                {
                    "x": 295.0315275192261,
                    "y": 5.4878833293914795
                },
                {
                    "x": 295.0315275192261,
                    "y": 163.44886660575867
                },
                {
                    "x": 165.17840266227722,
                    "y": 163.44886660575867
                }
            ]
        },
        {
            "id": "mecQcFrx5",
            "type": "RECTANGLE",
            "tags": [
                "Monkey"
            ],
            "boundingBox": {
                "height": 144.32,
                "width": 111.71330117160576,
                "left": 11.425223983459679,
                "top": 11.761048387096775
            },
            "points": [
                {
                    "x": 11.425223983459679,
                    "y": 11.761048387096775
                },
                {
                    "x": 123.13852515506547,
                    "y": 11.761048387096775
                },
                {
                    "x": 123.13852515506547,
                    "y": 156.08104838709676
                },
                {
                    "x": 11.425223983459679,
                    "y": 156.08104838709676
                }
            ]
        }
    ],
    "version": "2.2.0"
}