{
    "asset": {
        "format": "jpg",
        "id": "2e5c18028a8d4b4ab6fd54c5eae1a159",
        "name": "WCZwaWQ9QXBp.jpg",
        "path": "file:C:/Users/ragha/Downloads/rhesusmacaque/WCZwaWQ9QXBp.jpg",
        "size": {
            "width": 161,
            "height": 225
        },
        "state": 2,
        "type": 1
    },
    "regions": [
        {
            "id": "YuTci4hkA",
            "type": "RECTANGLE",
            "tags": [
                "monkey"
            ],
            "boundingBox": {
                "height": 195.00000193967657,
                "width": 107.16365189985795,
                "left": 38.853973388671875,
                "top": 19.576273126117254
            },
            "points": [
                {
                    "x": 38.853973388671875,
                    "y": 19.576273126117254
                },
                {
                    "x": 146.0176252885298,
                    "y": 19.576273126117254
                },
                {
                    "x": 146.0176252885298,
                    "y": 214.57627506579382
                },
                {
                    "x": 38.853973388671875,
                    "y": 214.57627506579382
                }
            ]
        }
    ],
    "version": "2.2.0"
}