{
    "asset": {
        "format": "jpg",
        "id": "2e7ea4a13e0a39eecacd248bde0fb95b",
        "name": "images%20-%202022-02-02T104626.333.jpg",
        "path": "file:C:/Users/ragha/Downloads/rhesusmacaque/images%20-%202022-02-02T104626.333.jpg",
        "size": {
            "width": 183,
            "height": 275
        },
        "state": 2,
        "type": 1
    },
    "regions": [
        {
            "id": "pQkUHZtHl",
            "type": "RECTANGLE",
            "tags": [
                "monkey"
            ],
            "boundingBox": {
                "height": 94.15254000216554,
                "width": 115.0063694267516,
                "left": 52.52024190137341,
                "top": 146.35593931553728
            },
            "points": [
                {
                    "x": 52.52024190137341,
                    "y": 146.35593931553728
                },
                {
                    "x": 167.526611328125,
                    "y": 146.35593931553728
                },
                {
                    "x": 167.526611328125,
                    "y": 240.5084793177028
                },
                {
                    "x": 52.52024190137341,
                    "y": 240.5084793177028
                }
            ]
        },
        {
            "id": "NlyE3OhAS",
            "type": "RECTANGLE",
            "tags": [
                "monkey"
            ],
            "boundingBox": {
                "height": 92.90960926120565,
                "width": 168.7796036058171,
                "left": 12.112598589271498,
                "top": 74.26554146459547
            },
            "points": [
                {
                    "x": 12.112598589271498,
                    "y": 74.26554146459547
                },
                {
                    "x": 180.8922021950886,
                    "y": 74.26554146459547
                },
                {
                    "x": 180.8922021950886,
                    "y": 167.1751507258011
                },
                {
                    "x": 12.112598589271498,
                    "y": 167.1751507258011
                }
            ]
        }
    ],
    "version": "2.2.0"
}