{
    "asset": {
        "format": "jpg",
        "id": "2e80c4d83d8c97de4320aa2e837e1ef7",
        "name": "trgndggf.jpg",
        "path": "file:C:/Users/ragha/Downloads/rhesusmacaque/trgndggf.jpg",
        "size": {
            "width": 193,
            "height": 262
        },
        "state": 2,
        "type": 1
    },
    "regions": [
        {
            "id": "_sYG9VV4Z",
            "type": "RECTANGLE",
            "tags": [
                "monkey"
            ],
            "boundingBox": {
                "height": 215.52090169615664,
                "width": 121.56781157862638,
                "left": 26.907218260783345,
                "top": 18.354804518532617
            },
            "points": [
                {
                    "x": 26.907218260783345,
                    "y": 18.354804518532617
                },
                {
                    "x": 148.47502983940973,
                    "y": 18.354804518532617
                },
                {
                    "x": 148.47502983940973,
                    "y": 233.87570621468925
                },
                {
                    "x": 26.907218260783345,
                    "y": 233.87570621468925
                }
            ]
        }
    ],
    "version": "2.2.0"
}