{
    "asset": {
        "format": "jpg",
        "id": "2faea406b52fdf81c9b6c3d5e20d1d81",
        "name": "images_4.jpg",
        "path": "file:C:/Users/ragha/Downloads/rhesusmacaque/images_4.jpg",
        "size": {
            "width": 259,
            "height": 194
        },
        "state": 2,
        "type": 1
    },
    "regions": [
        {
            "id": "FK4iS3C9d",
            "type": "RECTANGLE",
            "tags": [
                "monkey"
            ],
            "boundingBox": {
                "height": 119.24972085898878,
                "width": 67.02240680589736,
                "left": 62.70004298268614,
                "top": 9.864406779661016
            },
            "points": [
                {
                    "x": 62.70004298268614,
                    "y": 9.864406779661016
                },
                {
                    "x": 129.7224497885835,
                    "y": 9.864406779661016
                },
                {
                    "x": 129.7224497885835,
                    "y": 129.1141276386498
                },
                {
                    "x": 62.70004298268614,
                    "y": 129.1141276386498
                }
            ]
        },
        {
            "id": "xlE_vyir5",
            "type": "RECTANGLE",
            "tags": [
                "monkey"
            ],
            "boundingBox": {
                "height": 134.37514375158622,
                "width": 71.84103819381359,
                "left": 137.8264600177144,
                "top": 28.71638501700708
            },
            "points": [
                {
                    "x": 137.8264600177144,
                    "y": 28.71638501700708
                },
                {
                    "x": 209.66749821152797,
                    "y": 28.71638501700708
                },
                {
                    "x": 209.66749821152797,
                    "y": 163.0915287685933
                },
                {
                    "x": 137.8264600177144,
                    "y": 163.0915287685933
                }
            ]
        },
        {
            "id": "hGnHSiMM-",
            "type": "RECTANGLE",
            "tags": [
                "monkey"
            ],
            "boundingBox": {
                "height": 97.10960284734175,
                "width": 24.80828154162675,
                "left": 0,
                "top": 36.60791127695202
            },
            "points": [
                {
                    "x": 0,
                    "y": 36.60791127695202
                },
                {
                    "x": 24.80828154162675,
                    "y": 36.60791127695202
                },
                {
                    "x": 24.80828154162675,
                    "y": 133.71751412429379
                },
                {
                    "x": 0,
                    "y": 133.71751412429379
                }
            ]
        }
    ],
    "version": "2.2.0"
}