{
    "asset": {
        "format": "jpg",
        "id": "2fcd2e62ebd42a6dd473bc5bd4ad69e2",
        "name": "images%20-%202022-02-02T104626.335.jpg",
        "path": "file:C:/Users/ragha/Downloads/rhesusmacaque/images%20-%202022-02-02T104626.335.jpg",
        "size": {
            "width": 225,
            "height": 225
        },
        "state": 2,
        "type": 1
    },
    "regions": [
        {
            "id": "ZO8f8MFgj",
            "type": "RECTANGLE",
            "tags": [
                "monkey"
            ],
            "boundingBox": {
                "height": 175.93221502788995,
                "width": 169.06781600693523,
                "left": 35.338986930200605,
                "top": 24.152542372881356
            },
            "points": [
                {
                    "x": 35.338986930200605,
                    "y": 24.152542372881356
                },
                {
                    "x": 204.40680293713584,
                    "y": 24.152542372881356
                },
                {
                    "x": 204.40680293713584,
                    "y": 200.0847574007713
                },
                {
                    "x": 35.338986930200605,
                    "y": 200.0847574007713
                }
            ]
        }
    ],
    "version": "2.2.0"
}