{
    "asset": {
        "format": "jpg",
        "id": "303dea737c117d72740103a49f60b5a7",
        "name": "ytgsfnfgdnyfgb.jpg",
        "path": "file:C:/Users/ragha/Downloads/rhesusmacaque/ytgsfnfgdnyfgb.jpg",
        "size": {
            "width": 223,
            "height": 226
        },
        "state": 2,
        "type": 1
    },
    "regions": [
        {
            "id": "kumD-CA4K",
            "type": "RECTANGLE",
            "tags": [
                "monkey"
            ],
            "boundingBox": {
                "height": 133.3016919928082,
                "width": 134.95013156661332,
                "left": 38.24626496323201,
                "top": 18.897174167094256
            },
            "points": [
                {
                    "x": 38.24626496323201,
                    "y": 18.897174167094256
                },
                {
                    "x": 173.19639652984534,
                    "y": 18.897174167094256
                },
                {
                    "x": 173.19639652984534,
                    "y": 152.19886615990245
                },
                {
                    "x": 38.24626496323201,
                    "y": 152.19886615990245
                }
            ]
        }
    ],
    "version": "2.2.0"
}