{
    "asset": {
        "format": "jpg",
        "id": "305d2f935baf44747208c46c0ec0b6b9",
        "name": "rtytryetryfgh.jpg",
        "path": "file:C:/Users/ragha/Downloads/rhesusmacaque/rtytryetryfgh.jpg",
        "size": {
            "width": 209,
            "height": 241
        },
        "state": 2,
        "type": 1
    },
    "regions": [
        {
            "id": "00c9NLyAN",
            "type": "RECTANGLE",
            "tags": [
                "monkey"
            ],
            "boundingBox": {
                "height": 166.92994661923856,
                "width": 104.84039087947882,
                "left": 50.990549590766236,
                "top": 41.119775050104
            },
            "points": [
                {
                    "x": 50.990549590766236,
                    "y": 41.119775050104
                },
                {
                    "x": 155.83094047024505,
                    "y": 41.119775050104
                },
                {
                    "x": 155.83094047024505,
                    "y": 208.04972166934255
                },
                {
                    "x": 50.990549590766236,
                    "y": 208.04972166934255
                }
            ]
        }
    ],
    "version": "2.2.0"
}