{
    "asset": {
        "format": "jpg",
        "id": "30c9d35fee696ce8e13d456b9c5fc3d1",
        "name": "images%20(32).jpg",
        "path": "file:C:/Users/ragha/Downloads/rhesusmacaque/images%20(32).jpg",
        "size": {
            "width": 100,
            "height": 100
        },
        "state": 2,
        "type": 1
    },
    "regions": [
        {
            "id": "qlpovVXEA",
            "type": "RECTANGLE",
            "tags": [
                "monkey"
            ],
            "boundingBox": {
                "height": 85.42372708940236,
                "width": 75.02825893251236,
                "left": 3.3192090395480225,
                "top": 12.429378531073446
            },
            "points": [
                {
                    "x": 3.3192090395480225,
                    "y": 12.429378531073446
                },
                {
                    "x": 78.34746797206039,
                    "y": 12.429378531073446
                },
                {
                    "x": 78.34746797206039,
                    "y": 97.85310562047582
                },
                {
                    "x": 3.3192090395480225,
                    "y": 97.85310562047582
                }
            ]
        }
    ],
    "version": "2.2.0"
}