{
    "asset": {
        "format": "jpg",
        "id": "30dc01455185bb42cb4b839097723eb9",
        "name": "OCZwaWQ9QXBp%20(20).jpg",
        "path": "file:C:/Users/ragha/Downloads/rhesusmacaque/OCZwaWQ9QXBp%20(20).jpg",
        "size": {
            "width": 338,
            "height": 225
        },
        "state": 2,
        "type": 1
    },
    "regions": [
        {
            "id": "RMXNOLran",
            "type": "RECTANGLE",
            "tags": [
                "monkey"
            ],
            "boundingBox": {
                "height": 185.64179206962018,
                "width": 300.84015699504147,
                "left": 37.15984300495853,
                "top": 30.639462542178027
            },
            "points": [
                {
                    "x": 37.15984300495853,
                    "y": 30.639462542178027
                },
                {
                    "x": 338,
                    "y": 30.639462542178027
                },
                {
                    "x": 338,
                    "y": 216.2812546117982
                },
                {
                    "x": 37.15984300495853,
                    "y": 216.2812546117982
                }
            ]
        }
    ],
    "version": "2.2.0"
}