{
    "asset": {
        "format": "jpg",
        "id": "318e1eee34292e944c1da874fefcf68d",
        "name": "images%20-%202022-02-02T104626.394.jpg",
        "path": "file:C:/Users/ragha/Downloads/rhesusmacaque/images%20-%202022-02-02T104626.394.jpg",
        "size": {
            "width": 177,
            "height": 285
        },
        "state": 2,
        "type": 1
    },
    "regions": [
        {
            "id": "3jhPbPcrM",
            "type": "RECTANGLE",
            "tags": [
                "monkey"
            ],
            "boundingBox": {
                "height": 196.76270695055945,
                "width": 144.71258031671698,
                "left": 32.28741968328303,
                "top": 19.322033898305083
            },
            "points": [
                {
                    "x": 32.28741968328303,
                    "y": 19.322033898305083
                },
                {
                    "x": 177,
                    "y": 19.322033898305083
                },
                {
                    "x": 177,
                    "y": 216.08474084886453
                },
                {
                    "x": 32.28741968328303,
                    "y": 216.08474084886453
                }
            ]
        }
    ],
    "version": "2.2.0"
}