{
    "asset": {
        "format": "jpg",
        "id": "323912531233dc68d9c7b05438c191c6",
        "name": "images%20(44).jpg",
        "path": "file:C:/Users/ragha/Downloads/rhesusmacaque/images%20(44).jpg",
        "size": {
            "width": 245,
            "height": 205
        },
        "state": 2,
        "type": 1
    },
    "regions": [
        {
            "id": "XzTGt-cJc",
            "type": "RECTANGLE",
            "tags": [
                "monkey"
            ],
            "boundingBox": {
                "height": 190.8700556135447,
                "width": 142.482278341379,
                "left": 35.61332035290152,
                "top": 8.338983934477898
            },
            "points": [
                {
                    "x": 35.61332035290152,
                    "y": 8.338983934477898
                },
                {
                    "x": 178.0955986942805,
                    "y": 8.338983934477898
                },
                {
                    "x": 178.0955986942805,
                    "y": 199.20903954802262
                },
                {
                    "x": 35.61332035290152,
                    "y": 199.20903954802262
                }
            ]
        }
    ],
    "version": "2.2.0"
}