{
    "asset": {
        "format": "jpg",
        "id": "329478feab43119f7e2a0a84215701ed",
        "name": "OCZwaWQ9QXBp%20(27).jpg",
        "path": "file:C:/Users/ragha/Downloads/rhesusmacaque/OCZwaWQ9QXBp%20(27).jpg",
        "size": {
            "width": 338,
            "height": 225
        },
        "state": 2,
        "type": 1
    },
    "regions": [
        {
            "id": "6eP-yDZkZ",
            "type": "RECTANGLE",
            "tags": [
                "monkey"
            ],
            "boundingBox": {
                "height": 149.91044058728576,
                "width": 207.23500646511556,
                "left": 97.09940357852884,
                "top": 40.04244761680489
            },
            "points": [
                {
                    "x": 97.09940357852884,
                    "y": 40.04244761680489
                },
                {
                    "x": 304.3344100436444,
                    "y": 40.04244761680489
                },
                {
                    "x": 304.3344100436444,
                    "y": 189.95288820409064
                },
                {
                    "x": 97.09940357852884,
                    "y": 189.95288820409064
                }
            ]
        }
    ],
    "version": "2.2.0"
}