{
    "asset": {
        "format": "jpg",
        "id": "329da7e519487bbee8a155f32d0be9a8",
        "name": "images%20-%202022-02-02T104626.331.jpg",
        "path": "file:C:/Users/ragha/Downloads/rhesusmacaque/images%20-%202022-02-02T104626.331.jpg",
        "size": {
            "width": 275,
            "height": 183
        },
        "state": 2,
        "type": 1
    },
    "regions": [
        {
            "id": "RheSKZ6qH",
            "type": "RECTANGLE",
            "tags": [
                "monkey"
            ],
            "boundingBox": {
                "height": 135.03761027321886,
                "width": 112.84293900901233,
                "left": 93.43439030125884,
                "top": 18.115635578667938
            },
            "points": [
                {
                    "x": 93.43439030125884,
                    "y": 18.115635578667938
                },
                {
                    "x": 206.27732931027117,
                    "y": 18.115635578667938
                },
                {
                    "x": 206.27732931027117,
                    "y": 153.1532458518868
                },
                {
                    "x": 93.43439030125884,
                    "y": 153.1532458518868
                }
            ]
        },
        {
            "id": "AMpLPiXY8",
            "type": "RECTANGLE",
            "tags": [
                "monkey"
            ],
            "boundingBox": {
                "height": 56.1564195775274,
                "width": 65.60636182902584,
                "left": 79.4383797920485,
                "top": 46.52160572792167
            },
            "points": [
                {
                    "x": 79.4383797920485,
                    "y": 46.52160572792167
                },
                {
                    "x": 145.04474162107434,
                    "y": 46.52160572792167
                },
                {
                    "x": 145.04474162107434,
                    "y": 102.67802530544907
                },
                {
                    "x": 79.4383797920485,
                    "y": 102.67802530544907
                }
            ]
        }
    ],
    "version": "2.2.0"
}