{
    "asset": {
        "format": "jpg",
        "id": "32c42c7529216305505f1f3ddd5e6d4f",
        "name": "images%20(14).jpg",
        "path": "file:C:/Users/ragha/Downloads/rhesusmacaque/images%20(14).jpg",
        "size": {
            "width": 189,
            "height": 267
        },
        "state": 2,
        "type": 1
    },
    "regions": [
        {
            "id": "ECNyc8BfC",
            "type": "RECTANGLE",
            "tags": [
                "monkey"
            ],
            "boundingBox": {
                "height": 224.46102442983855,
                "width": 144.25869184482596,
                "left": 32.92881966779332,
                "top": 11.766103421227406
            },
            "points": [
                {
                    "x": 32.92881966779332,
                    "y": 11.766103421227406
                },
                {
                    "x": 177.1875115126193,
                    "y": 11.766103421227406
                },
                {
                    "x": 177.1875115126193,
                    "y": 236.22712785106594
                },
                {
                    "x": 32.92881966779332,
                    "y": 236.22712785106594
                }
            ]
        }
    ],
    "version": "2.2.0"
}