{
    "asset": {
        "format": "jpg",
        "id": "330882955e46eb6b02e883b7979925cd",
        "name": "images%20-%202022-02-02T104626.365.jpg",
        "path": "file:C:/Users/ragha/Downloads/rhesusmacaque/images%20-%202022-02-02T104626.365.jpg",
        "size": {
            "width": 310,
            "height": 163
        },
        "state": 2,
        "type": 1
    },
    "regions": [
        {
            "id": "KBt9axoEd",
            "type": "RECTANGLE",
            "tags": [
                "monkey"
            ],
            "boundingBox": {
                "height": 127.68847633174326,
                "width": 189.5745752535568,
                "left": 53.310139165009936,
                "top": 8.161555760749572
            },
            "points": [
                {
                    "x": 53.310139165009936,
                    "y": 8.161555760749572
                },
                {
                    "x": 242.88471441856672,
                    "y": 8.161555760749572
                },
                {
                    "x": 242.88471441856672,
                    "y": 135.85003209249282
                },
                {
                    "x": 53.310139165009936,
                    "y": 135.85003209249282
                }
            ]
        },
        {
            "id": "7ypz3MxYT",
            "type": "RECTANGLE",
            "tags": [
                "monkey"
            ],
            "boundingBox": {
                "height": 37.221924405016836,
                "width": 205.3518961912121,
                "left": 77.46919241387612,
                "top": 112.43226271631136
            },
            "points": [
                {
                    "x": 77.46919241387612,
                    "y": 112.43226271631136
                },
                {
                    "x": 282.8210886050882,
                    "y": 112.43226271631136
                },
                {
                    "x": 282.8210886050882,
                    "y": 149.6541871213282
                },
                {
                    "x": 77.46919241387612,
                    "y": 149.6541871213282
                }
            ]
        }
    ],
    "version": "2.2.0"
}