{
    "asset": {
        "format": "jpg",
        "id": "33e47a27180eec0b793e2b7dfc312fb8",
        "name": "34etrdgf.jpg",
        "path": "file:C:/Users/ragha/Downloads/rhesusmacaque/34etrdgf.jpg",
        "size": {
            "width": 275,
            "height": 183
        },
        "state": 2,
        "type": 1,
        "predicted": true
    },
    "regions": [
        {
            "id": "V6-lfX_Cw",
            "type": "RECTANGLE",
            "tags": [
                "monkey"
            ],
            "boundingBox": {
                "height": 128.8237311799647,
                "width": 189.74095789113437,
                "left": 64.0654330863092,
                "top": 14.681356721005194
            },
            "points": [
                {
                    "x": 64.0654330863092,
                    "y": 14.681356721005194
                },
                {
                    "x": 253.80639097744358,
                    "y": 14.681356721005194
                },
                {
                    "x": 253.80639097744358,
                    "y": 143.5050879009699
                },
                {
                    "x": 64.0654330863092,
                    "y": 143.5050879009699
                }
            ]
        }
    ],
    "version": "2.2.0"
}