{
    "asset": {
        "format": "jpg",
        "id": "349d5b27f621ee7281eaf699797a4998",
        "name": "yjytghnghfn.jpg",
        "path": "file:C:/Users/ragha/Downloads/rhesusmacaque/yjytghnghfn.jpg",
        "size": {
            "width": 274,
            "height": 184
        },
        "state": 2,
        "type": 1
    },
    "regions": [
        {
            "id": "MBkjD5DE9",
            "type": "RECTANGLE",
            "tags": [
                "monkey"
            ],
            "boundingBox": {
                "height": 155.8081904182657,
                "width": 222.64519814002256,
                "left": 29.76856745811717,
                "top": 9.633771929824562
            },
            "points": [
                {
                    "x": 29.76856745811717,
                    "y": 9.633771929824562
                },
                {
                    "x": 252.41376559813972,
                    "y": 9.633771929824562
                },
                {
                    "x": 252.41376559813972,
                    "y": 165.44196234809027
                },
                {
                    "x": 29.76856745811717,
                    "y": 165.44196234809027
                }
            ]
        }
    ],
    "version": "2.2.0"
}