{
    "asset": {
        "format": "jpg",
        "id": "34fede36c54ad4fa229eac4cb7c7d280",
        "name": "images%20-%202022-02-02T104625.761.jpg",
        "path": "file:C:/Users/ragha/Downloads/rhesusmacaque/images%20-%202022-02-02T104625.761.jpg",
        "size": {
            "width": 275,
            "height": 183
        },
        "state": 2,
        "type": 1
    },
    "regions": [
        {
            "id": "6gydZ7uQO",
            "type": "RECTANGLE",
            "tags": [
                "monkey"
            ],
            "boundingBox": {
                "height": 115.173916660138,
                "width": 175.82845668906484,
                "left": 13.941351888667985,
                "top": 43.8448926441705
            },
            "points": [
                {
                    "x": 13.941351888667985,
                    "y": 43.8448926441705
                },
                {
                    "x": 189.76980857773282,
                    "y": 43.8448926441705
                },
                {
                    "x": 189.76980857773282,
                    "y": 159.01880930430852
                },
                {
                    "x": 13.941351888667985,
                    "y": 159.01880930430852
                }
            ]
        }
    ],
    "version": "2.2.0"
}