{
    "asset": {
        "format": "jpg",
        "id": "35e94cf0f4f864cfc298491f0ef10251",
        "name": "QSZwaWQ9QXBp%20(1).jpg",
        "path": "file:C:/Users/ragha/Downloads/rhesusmacaque/QSZwaWQ9QXBp%20(1).jpg",
        "size": {
            "width": 260,
            "height": 225
        },
        "state": 2,
        "type": 1
    },
    "regions": [
        {
            "id": "w6MfysQoo",
            "type": "RECTANGLE",
            "tags": [
                "monkey"
            ],
            "boundingBox": {
                "height": 212.54236900200277,
                "width": 194.5232467837905,
                "left": 26.150976055117283,
                "top": 10.169491525423728
            },
            "points": [
                {
                    "x": 26.150976055117283,
                    "y": 10.169491525423728
                },
                {
                    "x": 220.67422283890778,
                    "y": 10.169491525423728
                },
                {
                    "x": 220.67422283890778,
                    "y": 222.7118605274265
                },
                {
                    "x": 26.150976055117283,
                    "y": 222.7118605274265
                }
            ]
        }
    ],
    "version": "2.2.0"
}