{
    "asset": {
        "format": "jpg",
        "id": "360b5e6ba51ba858f27f330957c01100",
        "name": "images%20(74).jpg",
        "path": "file:C:/Users/ragha/Downloads/rhesusmacaque/images%20(74).jpg",
        "size": {
            "width": 194,
            "height": 259
        },
        "state": 2,
        "type": 1
    },
    "regions": [
        {
            "id": "k_7DZeYM5",
            "type": "RECTANGLE",
            "tags": [
                "monkey"
            ],
            "boundingBox": {
                "height": 175.00791295369464,
                "width": 121.81735402233195,
                "left": 40.2138274570681,
                "top": 39.80113105989445
            },
            "points": [
                {
                    "x": 40.2138274570681,
                    "y": 39.80113105989445
                },
                {
                    "x": 162.03118147940006,
                    "y": 39.80113105989445
                },
                {
                    "x": 162.03118147940006,
                    "y": 214.8090440135891
                },
                {
                    "x": 40.2138274570681,
                    "y": 214.8090440135891
                }
            ]
        }
    ],
    "version": "2.2.0"
}