{
    "asset": {
        "format": "jpg",
        "id": "3636269ea8b387e8cd410422d553a092",
        "name": "hdgf65ytgfd.jpg",
        "path": "file:C:/Users/ragha/Downloads/rhesusmacaque/hdgf65ytgfd.jpg",
        "size": {
            "width": 275,
            "height": 183
        },
        "state": 2,
        "type": 1
    },
    "regions": [
        {
            "id": "E3IGfXObC",
            "type": "RECTANGLE",
            "tags": [
                "monkey"
            ],
            "boundingBox": {
                "height": 177.41694560293422,
                "width": 254.53007203295712,
                "left": 10.512806239881012,
                "top": 0.6203393774517512
            },
            "points": [
                {
                    "x": 10.512806239881012,
                    "y": 0.6203393774517512
                },
                {
                    "x": 265.04287827283815,
                    "y": 0.6203393774517512
                },
                {
                    "x": 265.04287827283815,
                    "y": 178.03728498038598
                },
                {
                    "x": 10.512806239881012,
                    "y": 178.03728498038598
                }
            ]
        }
    ],
    "version": "2.2.0"
}