{
    "asset": {
        "format": "jpg",
        "id": "36fc073e153ac9f6ea6454e2180e290d",
        "name": "fghfghfg.jpg",
        "path": "file:C:/Users/ragha/Downloads/rhesusmacaque/fghfghfg.jpg",
        "size": {
            "width": 297,
            "height": 170
        },
        "state": 2,
        "type": 1
    },
    "regions": [
        {
            "id": "aWYl7lBfb",
            "type": "RECTANGLE",
            "tags": [
                "monkey"
            ],
            "boundingBox": {
                "height": 153.39016648589586,
                "width": 152.75877647793172,
                "left": 102.15463917525774,
                "top": 14.540574620981685
            },
            "points": [
                {
                    "x": 102.15463917525774,
                    "y": 14.540574620981685
                },
                {
                    "x": 254.91341565318945,
                    "y": 14.540574620981685
                },
                {
                    "x": 254.91341565318945,
                    "y": 167.93074110687755
                },
                {
                    "x": 102.15463917525774,
                    "y": 167.93074110687755
                }
            ]
        }
    ],
    "version": "2.2.0"
}