{
    "asset": {
        "format": "jpg",
        "id": "380366e492e1116e98fe33addfe411e2",
        "name": "images%20-%202022-02-02T104626.344.jpg",
        "path": "file:C:/Users/ragha/Downloads/rhesusmacaque/images%20-%202022-02-02T104626.344.jpg",
        "size": {
            "width": 259,
            "height": 194
        },
        "state": 2,
        "type": 1
    },
    "regions": [
        {
            "id": "8eNN2wcLP",
            "type": "RECTANGLE",
            "tags": [
                "monkey"
            ],
            "boundingBox": {
                "height": 169.22937602242507,
                "width": 223.40802547140302,
                "left": 14.294963973773205,
                "top": 13.810172000173793
            },
            "points": [
                {
                    "x": 14.294963973773205,
                    "y": 13.810172000173793
                },
                {
                    "x": 237.70298944517623,
                    "y": 13.810172000173793
                },
                {
                    "x": 237.70298944517623,
                    "y": 183.03954802259886
                },
                {
                    "x": 14.294963973773205,
                    "y": 183.03954802259886
                }
            ]
        }
    ],
    "version": "2.2.0"
}