{
    "asset": {
        "format": "jpg",
        "id": "3815efe0228b8667bffea9e2b97dd9ef",
        "name": "546w54.jpg",
        "path": "file:C:/Users/ragha/Downloads/rhesusmacaque/546w54.jpg",
        "size": {
            "width": 207,
            "height": 244
        },
        "state": 2,
        "type": 1
    },
    "regions": [
        {
            "id": "SuOqTIJOC",
            "type": "RECTANGLE",
            "tags": [
                "monkey"
            ],
            "boundingBox": {
                "height": 216.1536844113452,
                "width": 166.42662650059148,
                "left": 22.947368856674423,
                "top": 4.9627123902746515
            },
            "points": [
                {
                    "x": 22.947368856674423,
                    "y": 4.9627123902746515
                },
                {
                    "x": 189.3739953572659,
                    "y": 4.9627123902746515
                },
                {
                    "x": 189.3739953572659,
                    "y": 221.11639680161989
                },
                {
                    "x": 22.947368856674423,
                    "y": 221.11639680161989
                }
            ]
        }
    ],
    "version": "2.2.0"
}