{
    "asset": {
        "format": "jpg",
        "id": "38cf2c5fc01c0e9821619b63f9da7cea",
        "name": "images%20(18).jpg",
        "path": "file:C:/Users/ragha/Downloads/rhesusmacaque/images%20(18).jpg",
        "size": {
            "width": 183,
            "height": 275
        },
        "state": 2,
        "type": 1
    },
    "regions": [
        {
            "id": "ToYrS91Na",
            "type": "RECTANGLE",
            "tags": [
                "monkey"
            ],
            "boundingBox": {
                "height": 271.2711959235412,
                "width": 170.33374373320564,
                "left": 2.9043135916351512,
                "top": 3.1073446327683616
            },
            "points": [
                {
                    "x": 2.9043135916351512,
                    "y": 3.1073446327683616
                },
                {
                    "x": 173.23805732484078,
                    "y": 3.1073446327683616
                },
                {
                    "x": 173.23805732484078,
                    "y": 274.3785405563096
                },
                {
                    "x": 2.9043135916351512,
                    "y": 274.3785405563096
                }
            ]
        }
    ],
    "version": "2.2.0"
}