{
    "asset": {
        "format": "jpg",
        "id": "38d7e96dccfc7907874cb04b3bb244cd",
        "name": "fggbbthdhfg.jpg",
        "path": "file:C:/Users/ragha/Downloads/rhesusmacaque/fggbbthdhfg.jpg",
        "size": {
            "width": 190,
            "height": 266
        },
        "state": 2,
        "type": 1
    },
    "regions": [
        {
            "id": "IDWYi4qGC",
            "type": "RECTANGLE",
            "tags": [
                "monkey"
            ],
            "boundingBox": {
                "height": 187.25199230646683,
                "width": 129.1699604743083,
                "left": 29.725040239778902,
                "top": 17.733332186768955
            },
            "points": [
                {
                    "x": 29.725040239778902,
                    "y": 17.733332186768955
                },
                {
                    "x": 158.8950007140872,
                    "y": 17.733332186768955
                },
                {
                    "x": 158.8950007140872,
                    "y": 204.98532449323577
                },
                {
                    "x": 29.725040239778902,
                    "y": 204.98532449323577
                }
            ]
        }
    ],
    "version": "2.2.0"
}