{
    "asset": {
        "format": "jpg",
        "id": "394a1a44530888f1b7a7515902819b15",
        "name": "SCZwaWQ9QXBp%20(10).jpg",
        "path": "file:C:/Users/ragha/Downloads/rhesusmacaque/SCZwaWQ9QXBp%20(10).jpg",
        "size": {
            "width": 326,
            "height": 225
        },
        "state": 2,
        "type": 1
    },
    "regions": [
        {
            "id": "h9HjQ3Hye",
            "type": "RECTANGLE",
            "tags": [
                "monkey"
            ],
            "boundingBox": {
                "height": 202.3076864389273,
                "width": 137.7085565287572,
                "left": 1.8591995764388214,
                "top": 12.359778086344402
            },
            "points": [
                {
                    "x": 1.8591995764388214,
                    "y": 12.359778086344402
                },
                {
                    "x": 139.56775610519605,
                    "y": 12.359778086344402
                },
                {
                    "x": 139.56775610519605,
                    "y": 214.6674645252717
                },
                {
                    "x": 1.8591995764388214,
                    "y": 214.6674645252717
                }
            ]
        },
        {
            "id": "5uIQ8sUkV",
            "type": "RECTANGLE",
            "tags": [
                "monkey"
            ],
            "boundingBox": {
                "height": 197.43590721717248,
                "width": 148.73549655850542,
                "left": 157.5185918967398,
                "top": 25.180290906857223
            },
            "points": [
                {
                    "x": 157.5185918967398,
                    "y": 25.180290906857223
                },
                {
                    "x": 306.2540884552452,
                    "y": 25.180290906857223
                },
                {
                    "x": 306.2540884552452,
                    "y": 222.61619812402972
                },
                {
                    "x": 157.5185918967398,
                    "y": 222.61619812402972
                }
            ]
        }
    ],
    "version": "2.2.0"
}