{
    "asset": {
        "format": "jpg",
        "id": "396a5df5bb6bc0b68e86898f1c2f32a2",
        "name": "images%20-%202022-02-02T104626.350.jpg",
        "path": "file:C:/Users/ragha/Downloads/rhesusmacaque/images%20-%202022-02-02T104626.350.jpg",
        "size": {
            "width": 282,
            "height": 179
        },
        "state": 2,
        "type": 1
    },
    "regions": [
        {
            "id": "TdOf87EvUJ",
            "type": "RECTANGLE",
            "tags": [
                "monkey"
            ],
            "boundingBox": {
                "height": 159.36049728632722,
                "width": 167.51810171684738,
                "left": 83.70299237291098,
                "top": 5.074706540959756
            },
            "points": [
                {
                    "x": 83.70299237291098,
                    "y": 5.074706540959756
                },
                {
                    "x": 251.22109408975834,
                    "y": 5.074706540959756
                },
                {
                    "x": 251.22109408975834,
                    "y": 164.43520382728698
                },
                {
                    "x": 83.70299237291098,
                    "y": 164.43520382728698
                }
            ]
        }
    ],
    "version": "2.2.0"
}