{
    "asset": {
        "format": "jpg",
        "id": "39a7fbcd78eedfc507eff6889065b7f7",
        "name": "76yghbv.jpg",
        "path": "file:C:/Users/karan/Pictures/rhesusmacaque/76yghbv.jpg",
        "size": {
            "width": 275,
            "height": 183
        },
        "state": 2,
        "type": 1,
        "predicted": true
    },
    "regions": [
        {
            "id": "rXYW0w0Hl",
            "type": "RECTANGLE",
            "tags": [
                "Monkey"
            ],
            "boundingBox": {
                "height": 159.07852005958557,
                "width": 208.22910740971562,
                "left": 6.474966438898859,
                "top": 21.105984669227105
            },
            "points": [
                {
                    "x": 6.474966438898859,
                    "y": 21.105984669227105
                },
                {
                    "x": 214.70407384861448,
                    "y": 21.105984669227105
                },
                {
                    "x": 214.70407384861448,
                    "y": 180.1845047288127
                },
                {
                    "x": 6.474966438898859,
                    "y": 180.1845047288127
                }
            ]
        }
    ],
    "version": "2.2.0"
}