{
    "asset": {
        "format": "jpg",
        "id": "39b3f39b0c9c2026e6cdb036bba1e21c",
        "name": "images%20(55).jpg",
        "path": "file:C:/Users/ragha/Downloads/rhesusmacaque/images%20(55).jpg",
        "size": {
            "width": 275,
            "height": 183
        },
        "state": 2,
        "type": 1
    },
    "regions": [
        {
            "id": "3d7NVMX0R",
            "type": "RECTANGLE",
            "tags": [
                "monkey"
            ],
            "boundingBox": {
                "height": 129.85762554104045,
                "width": 109.58646616541353,
                "left": 75.23085766268852,
                "top": 9.718645645400224
            },
            "points": [
                {
                    "x": 75.23085766268852,
                    "y": 9.718645645400224
                },
                {
                    "x": 184.81732382810205,
                    "y": 9.718645645400224
                },
                {
                    "x": 184.81732382810205,
                    "y": 139.57627118644066
                },
                {
                    "x": 75.23085766268852,
                    "y": 139.57627118644066
                }
            ]
        }
    ],
    "version": "2.2.0"
}