{
    "asset": {
        "format": "jpg",
        "id": "3a14753938867dadce5cb80db0cde326",
        "name": "RSZwaWQ9QXBp.jpg",
        "path": "file:C:/Users/ragha/Downloads/rhesusmacaque/RSZwaWQ9QXBp.jpg",
        "size": {
            "width": 275,
            "height": 225
        },
        "state": 2,
        "type": 1
    },
    "regions": [
        {
            "id": "T0IoCXbu2",
            "type": "RECTANGLE",
            "tags": [
                "monkey"
            ],
            "boundingBox": {
                "height": 166.0169617604401,
                "width": 171.47807942802308,
                "left": 50.64159155442589,
                "top": 37.8813549623651
            },
            "points": [
                {
                    "x": 50.64159155442589,
                    "y": 37.8813549623651
                },
                {
                    "x": 222.11967098244895,
                    "y": 37.8813549623651
                },
                {
                    "x": 222.11967098244895,
                    "y": 203.89831672280522
                },
                {
                    "x": 50.64159155442589,
                    "y": 203.89831672280522
                }
            ]
        }
    ],
    "version": "2.2.0"
}