{
    "asset": {
        "format": "jpg",
        "id": "3ab8bd0ba5410ff447513968dfd4aac3",
        "name": "images%20-%202022-02-02T104626.370.jpg",
        "path": "file:C:/Users/ragha/Downloads/rhesusmacaque/images%20-%202022-02-02T104626.370.jpg",
        "size": {
            "width": 275,
            "height": 183
        },
        "state": 2,
        "type": 1
    },
    "regions": [
        {
            "id": "07WRXsjO0",
            "type": "RECTANGLE",
            "tags": [
                "monkey"
            ],
            "boundingBox": {
                "height": 160.38447261070138,
                "width": 127.05765073863459,
                "left": 93.43439030125884,
                "top": 14.838023638369432
            },
            "points": [
                {
                    "x": 93.43439030125884,
                    "y": 14.838023638369432
                },
                {
                    "x": 220.49204103989345,
                    "y": 14.838023638369432
                },
                {
                    "x": 220.49204103989345,
                    "y": 175.22249624907082
                },
                {
                    "x": 93.43439030125884,
                    "y": 175.22249624907082
                }
            ]
        }
    ],
    "version": "2.2.0"
}