{
    "asset": {
        "format": "jpg",
        "id": "3adf2bf4ee47a0ed4e91e24c8e90e22e",
        "name": "yhtegbdfvt5.jpg",
        "path": "file:C:/Users/ragha/Downloads/rhesusmacaque/yhtegbdfvt5.jpg",
        "size": {
            "width": 275,
            "height": 183
        },
        "state": 2,
        "type": 1
    },
    "regions": [
        {
            "id": "Z3edRb3yy",
            "type": "RECTANGLE",
            "tags": [
                "monkey"
            ],
            "boundingBox": {
                "height": 133.8761082539516,
                "width": 110.0000032975772,
                "left": 82.60805171224597,
                "top": 5.3779875493682585
            },
            "points": [
                {
                    "x": 82.60805171224597,
                    "y": 5.3779875493682585
                },
                {
                    "x": 192.60805500982318,
                    "y": 5.3779875493682585
                },
                {
                    "x": 192.60805500982318,
                    "y": 139.25409580331987
                },
                {
                    "x": 82.60805171224597,
                    "y": 139.25409580331987
                }
            ]
        }
    ],
    "version": "2.2.0"
}