{
    "asset": {
        "format": "jpg",
        "id": "3b2f98e344e5077c2d0f3c2e72dceb1b",
        "name": "images%20-%202022-02-02T104625.895.jpg",
        "path": "file:C:/Users/ragha/Downloads/rhesusmacaque/images%20-%202022-02-02T104625.895.jpg",
        "size": {
            "width": 275,
            "height": 183
        },
        "state": 2,
        "type": 1
    },
    "regions": [
        {
            "id": "NgmVfk4B7",
            "type": "RECTANGLE",
            "tags": [
                "monkey"
            ],
            "boundingBox": {
                "height": 126.51582006198257,
                "width": 96.44135689403618,
                "left": 31.545723977667198,
                "top": 12.434440715277372
            },
            "points": [
                {
                    "x": 31.545723977667198,
                    "y": 12.434440715277372
                },
                {
                    "x": 127.98708087170337,
                    "y": 12.434440715277372
                },
                {
                    "x": 127.98708087170337,
                    "y": 138.95026077725993
                },
                {
                    "x": 31.545723977667198,
                    "y": 138.95026077725993
                }
            ]
        }
    ],
    "version": "2.2.0"
}