{
    "asset": {
        "format": "jpg",
        "id": "3c620f7fd18e75536c790604d69895fd",
        "name": "SCZwaWQ9QXBp%20(4).jpg",
        "path": "file:C:/Users/ragha/Downloads/rhesusmacaque/SCZwaWQ9QXBp%20(4).jpg",
        "size": {
            "width": 150,
            "height": 225
        },
        "state": 2,
        "type": 1
    },
    "regions": [
        {
            "id": "N51mvBLoT",
            "type": "RECTANGLE",
            "tags": [
                "monkey"
            ],
            "boundingBox": {
                "height": 125.084742853197,
                "width": 79.32202613959878,
                "left": 70.67797386040121,
                "top": 13.728812589483745
            },
            "points": [
                {
                    "x": 70.67797386040121,
                    "y": 13.728812589483745
                },
                {
                    "x": 150,
                    "y": 13.728812589483745
                },
                {
                    "x": 150,
                    "y": 138.81355544268075
                },
                {
                    "x": 70.67797386040121,
                    "y": 138.81355544268075
                }
            ]
        },
        {
            "id": "VFoOY2Mt_",
            "type": "RECTANGLE",
            "tags": [
                "monkey"
            ],
            "boundingBox": {
                "height": 124.57628088482355,
                "width": 91.52542372881355,
                "left": 34.830520112635725,
                "top": 93.30508668543928
            },
            "points": [
                {
                    "x": 34.830520112635725,
                    "y": 93.30508668543928
                },
                {
                    "x": 126.35594384144927,
                    "y": 93.30508668543928
                },
                {
                    "x": 126.35594384144927,
                    "y": 217.88136757026282
                },
                {
                    "x": 34.830520112635725,
                    "y": 217.88136757026282
                }
            ]
        },
        {
            "id": "DUHZxT7Pj",
            "type": "RECTANGLE",
            "tags": [
                "monkey"
            ],
            "boundingBox": {
                "height": 184.8305055650614,
                "width": 54.91525035793498,
                "left": 0,
                "top": 37.62712155358266
            },
            "points": [
                {
                    "x": 0,
                    "y": 37.62712155358266
                },
                {
                    "x": 54.91525035793498,
                    "y": 37.62712155358266
                },
                {
                    "x": 54.91525035793498,
                    "y": 222.45762711864407
                },
                {
                    "x": 0,
                    "y": 222.45762711864407
                }
            ]
        }
    ],
    "version": "2.2.0"
}