{
    "asset": {
        "format": "jpg",
        "id": "3d0a4a86e4d770b4a2226850d4eb40fb",
        "name": "OCZwaWQ9QXBp%20(19).jpg",
        "path": "file:C:/Users/ragha/Downloads/rhesusmacaque/OCZwaWQ9QXBp%20(19).jpg",
        "size": {
            "width": 338,
            "height": 225
        },
        "state": 2,
        "type": 1
    },
    "regions": [
        {
            "id": "ebWSGCbUM",
            "type": "RECTANGLE",
            "tags": [
                "monkey"
            ],
            "boundingBox": {
                "height": 187.52239113423363,
                "width": 254.81035642832458,
                "left": 31.51531430314597,
                "top": 34.13199780592278
            },
            "points": [
                {
                    "x": 31.51531430314597,
                    "y": 34.13199780592278
                },
                {
                    "x": 286.32567073147055,
                    "y": 34.13199780592278
                },
                {
                    "x": 286.32567073147055,
                    "y": 221.65438894015642
                },
                {
                    "x": 31.51531430314597,
                    "y": 221.65438894015642
                }
            ]
        }
    ],
    "version": "2.2.0"
}