{
    "asset": {
        "format": "jpg",
        "id": "3ec5c9a74205a02efa184145af6f0ccc",
        "name": "LSZwaWQ9QXBp%20(1).jpg",
        "path": "file:C:/Users/ragha/Downloads/rhesusmacaque/LSZwaWQ9QXBp%20(1).jpg",
        "size": {
            "width": 335,
            "height": 225
        },
        "state": 2,
        "type": 1
    },
    "regions": [
        {
            "id": "3lLvnTesT",
            "type": "RECTANGLE",
            "tags": [
                "monkey"
            ],
            "boundingBox": {
                "height": 216.74556619316868,
                "width": 320.2813080622709,
                "left": 14.718691937729092,
                "top": 3.939996809649044
            },
            "points": [
                {
                    "x": 14.718691937729092,
                    "y": 3.939996809649044
                },
                {
                    "x": 335,
                    "y": 3.939996809649044
                },
                {
                    "x": 335,
                    "y": 220.6855630028177
                },
                {
                    "x": 14.718691937729092,
                    "y": 220.6855630028177
                }
            ]
        }
    ],
    "version": "2.2.0"
}