{
    "asset": {
        "format": "jpg",
        "id": "3ef79bae41e5abeebfc6d8de9d1de8b3",
        "name": "images%20-%202022-02-02T104626.345.jpg",
        "path": "file:C:/Users/ragha/Downloads/rhesusmacaque/images%20-%202022-02-02T104626.345.jpg",
        "size": {
            "width": 255,
            "height": 198
        },
        "state": 2,
        "type": 1
    },
    "regions": [
        {
            "id": "Nvkmhv65s",
            "type": "RECTANGLE",
            "tags": [
                "monkey"
            ],
            "boundingBox": {
                "height": 142.51525594420352,
                "width": 74.71052972893966,
                "left": 155.32423069602567,
                "top": 55.484744055796476
            },
            "points": [
                {
                    "x": 155.32423069602567,
                    "y": 55.484744055796476
                },
                {
                    "x": 230.03476042496533,
                    "y": 55.484744055796476
                },
                {
                    "x": 230.03476042496533,
                    "y": 197.99999999999997
                },
                {
                    "x": 155.32423069602567,
                    "y": 197.99999999999997
                }
            ]
        }
    ],
    "version": "2.2.0"
}