{
    "asset": {
        "format": "jpg",
        "id": "3f0dac3f337eac72951539fb7bdbe809",
        "name": "NiZwaWQ9QXBp.jpg",
        "path": "file:C:/Users/ragha/Downloads/rhesusmacaque/NiZwaWQ9QXBp.jpg",
        "size": {
            "width": 340,
            "height": 225
        },
        "state": 2,
        "type": 1
    },
    "regions": [
        {
            "id": "V6fPHxOFB",
            "type": "RECTANGLE",
            "tags": [
                "monkey"
            ],
            "boundingBox": {
                "height": 110.8108056558145,
                "width": 82.46520874751491,
                "left": 96.592441202395,
                "top": 16.646962552457243
            },
            "points": [
                {
                    "x": 96.592441202395,
                    "y": 16.646962552457243
                },
                {
                    "x": 179.05764994990992,
                    "y": 16.646962552457243
                },
                {
                    "x": 179.05764994990992,
                    "y": 127.45776820827174
                },
                {
                    "x": 96.592441202395,
                    "y": 127.45776820827174
                }
            ]
        },
        {
            "id": "g0DmBBY6J",
            "type": "RECTANGLE",
            "tags": [
                "monkey"
            ],
            "boundingBox": {
                "height": 128.91892613591375,
                "width": 97.87673131135064,
                "left": 189.06163846996148,
                "top": 41.782095625593854
            },
            "points": [
                {
                    "x": 189.06163846996148,
                    "y": 41.782095625593854
                },
                {
                    "x": 286.93836978131213,
                    "y": 41.782095625593854
                },
                {
                    "x": 286.93836978131213,
                    "y": 170.7010217615076
                },
                {
                    "x": 189.06163846996148,
                    "y": 170.7010217615076
                }
            ]
        },
        {
            "id": "DSBnutsRX",
            "type": "RECTANGLE",
            "tags": [
                "monkey"
            ],
            "boundingBox": {
                "height": 101.08108520507812,
                "width": 73.5427559156778,
                "left": 111.19284294234592,
                "top": 100.97128378378378
            },
            "points": [
                {
                    "x": 111.19284294234592,
                    "y": 100.97128378378378
                },
                {
                    "x": 184.73559885802374,
                    "y": 100.97128378378378
                },
                {
                    "x": 184.73559885802374,
                    "y": 202.0523689888619
                },
                {
                    "x": 111.19284294234592,
                    "y": 202.0523689888619
                }
            ]
        }
    ],
    "version": "2.2.0"
}