{
    "asset": {
        "format": "jpg",
        "id": "3fa9f0b1b34a2152229d71ee8047fbd1",
        "name": "images%20-%202022-02-02T104626.379.jpg",
        "path": "file:C:/Users/ragha/Downloads/rhesusmacaque/images%20-%202022-02-02T104626.379.jpg",
        "size": {
            "width": 275,
            "height": 183
        },
        "state": 2,
        "type": 1
    },
    "regions": [
        {
            "id": "tXsgQoZwm",
            "type": "RECTANGLE",
            "tags": [
                "monkey"
            ],
            "boundingBox": {
                "height": 85.2179062800621,
                "width": 196.81909382935783,
                "left": 12.519885721073946,
                "top": 8.501308053998805
            },
            "points": [
                {
                    "x": 12.519885721073946,
                    "y": 8.501308053998805
                },
                {
                    "x": 209.3389795504318,
                    "y": 8.501308053998805
                },
                {
                    "x": 209.3389795504318,
                    "y": 93.7192143340609
                },
                {
                    "x": 12.519885721073946,
                    "y": 93.7192143340609
                }
            ]
        },
        {
            "id": "TkPv62yBV",
            "type": "RECTANGLE",
            "tags": [
                "monkey"
            ],
            "boundingBox": {
                "height": 56.37492370605469,
                "width": 222.46025191623696,
                "left": 0,
                "top": 106.82966209525492
            },
            "points": [
                {
                    "x": 0,
                    "y": 106.82966209525492
                },
                {
                    "x": 222.46025191623696,
                    "y": 106.82966209525492
                },
                {
                    "x": 222.46025191623696,
                    "y": 163.2045858013096
                },
                {
                    "x": 0,
                    "y": 163.2045858013096
                }
            ]
        }
    ],
    "version": "2.2.0"
}