{
    "asset": {
        "format": "jpg",
        "id": "402379c4779ecbeabf3248cb33d65400",
        "name": "654ytrhgd.jpg",
        "path": "file:C:/Users/karan/Pictures/rhesusmacaque/654ytrhgd.jpg",
        "size": {
            "width": 182,
            "height": 276
        },
        "state": 2,
        "type": 1,
        "predicted": true
    },
    "regions": [
        {
            "id": "ffwTp0m1We",
            "type": "RECTANGLE",
            "tags": [
                "Monkey"
            ],
            "boundingBox": {
                "height": 266.3988457918167,
                "width": 163.20493698120117,
                "left": 12.319146552305114,
                "top": 2.191926372515691
            },
            "points": [
                {
                    "x": 12.319146552305114,
                    "y": 2.191926372515691
                },
                {
                    "x": 175.52408353350629,
                    "y": 2.191926372515691
                },
                {
                    "x": 175.52408353350629,
                    "y": 268.5907721643324
                },
                {
                    "x": 12.319146552305114,
                    "y": 268.5907721643324
                }
            ]
        }
    ],
    "version": "2.2.0"
}