{
    "asset": {
        "format": "jpg",
        "id": "40bf21dcd58c4e112bb0ea57219648aa",
        "name": "6tryhgfd.jpg",
        "path": "file:C:/Users/ragha/Downloads/rhesusmacaque/6tryhgfd.jpg",
        "size": {
            "width": 263,
            "height": 191
        },
        "state": 2,
        "type": 1
    },
    "regions": [
        {
            "id": "V2Zv-3gh0",
            "type": "RECTANGLE",
            "tags": [
                "monkey"
            ],
            "boundingBox": {
                "height": 48.99096209854729,
                "width": 39.27466831305088,
                "left": 60.03143260466747,
                "top": 55.03389830508474
            },
            "points": [
                {
                    "x": 60.03143260466747,
                    "y": 55.03389830508474
                },
                {
                    "x": 99.30610091771835,
                    "y": 55.03389830508474
                },
                {
                    "x": 99.30610091771835,
                    "y": 104.02486040363203
                },
                {
                    "x": 60.03143260466747,
                    "y": 104.02486040363203
                }
            ]
        },
        {
            "id": "-kN7cRX03",
            "type": "RECTANGLE",
            "tags": [
                "monkey"
            ],
            "boundingBox": {
                "height": 41.65310569806287,
                "width": 23.305836275540866,
                "left": 103.1904151955629,
                "top": 80.28474740928175
            },
            "points": [
                {
                    "x": 103.1904151955629,
                    "y": 80.28474740928175
                },
                {
                    "x": 126.49625147110378,
                    "y": 80.28474740928175
                },
                {
                    "x": 126.49625147110378,
                    "y": 121.93785310734462
                },
                {
                    "x": 103.1904151955629,
                    "y": 121.93785310734462
                }
            ]
        },
        {
            "id": "s2StipvS8",
            "type": "RECTANGLE",
            "tags": [
                "monkey"
            ],
            "boundingBox": {
                "height": 38.631633478369416,
                "width": 47.69066337389824,
                "left": 107.0747130095653,
                "top": 50.93333827304301
            },
            "points": [
                {
                    "x": 107.0747130095653,
                    "y": 50.93333827304301
                },
                {
                    "x": 154.76537638346355,
                    "y": 50.93333827304301
                },
                {
                    "x": 154.76537638346355,
                    "y": 89.56497175141243
                },
                {
                    "x": 107.0747130095653,
                    "y": 89.56497175141243
                }
            ]
        },
        {
            "id": "fO1sZLvOm",
            "type": "RECTANGLE",
            "tags": [
                "monkey"
            ],
            "boundingBox": {
                "height": 61.29265866037142,
                "width": 64.09107033754006,
                "left": 139.8755434006911,
                "top": 6.47457627118644
            },
            "points": [
                {
                    "x": 139.8755434006911,
                    "y": 6.47457627118644
                },
                {
                    "x": 203.9666137382312,
                    "y": 6.47457627118644
                },
                {
                    "x": 203.9666137382312,
                    "y": 67.76723493155787
                },
                {
                    "x": 139.8755434006911,
                    "y": 67.76723493155787
                }
            ]
        }
    ],
    "version": "2.2.0"
}