{
    "asset": {
        "format": "jpg",
        "id": "40d9bdbd9b77ecfea7263135cca27cde",
        "name": "aiZwaWQ9QXBp%20(2).jpg",
        "path": "file:C:/Users/ragha/Downloads/rhesusmacaque/aiZwaWQ9QXBp%20(2).jpg",
        "size": {
            "width": 300,
            "height": 225
        },
        "state": 2,
        "type": 1
    },
    "regions": [
        {
            "id": "s_Utnm-SU-",
            "type": "RECTANGLE",
            "tags": [
                "monkey"
            ],
            "boundingBox": {
                "height": 163.47457433150987,
                "width": 176.9491486630197,
                "left": 88.69704553636454,
                "top": 31.016951092218946
            },
            "points": [
                {
                    "x": 88.69704553636454,
                    "y": 31.016951092218946
                },
                {
                    "x": 265.64619419938424,
                    "y": 31.016951092218946
                },
                {
                    "x": 265.64619419938424,
                    "y": 194.4915254237288
                },
                {
                    "x": 88.69704553636454,
                    "y": 194.4915254237288
                }
            ]
        }
    ],
    "version": "2.2.0"
}