{
    "asset": {
        "format": "jpg",
        "id": "40df993275cb5273be9d2dbf23085c28",
        "name": "rtfg5trfg.jpg",
        "path": "file:C:/Users/ragha/Downloads/rhesusmacaque/rtfg5trfg.jpg",
        "size": {
            "width": 225,
            "height": 225
        },
        "state": 2,
        "type": 1
    },
    "regions": [
        {
            "id": "HHgyyifq-",
            "type": "RECTANGLE",
            "tags": [
                "monkey"
            ],
            "boundingBox": {
                "height": 205.1694934651003,
                "width": 166.779657137596,
                "left": 58.220342862403996,
                "top": 13.220340922727422
            },
            "points": [
                {
                    "x": 58.220342862403996,
                    "y": 13.220340922727422
                },
                {
                    "x": 225,
                    "y": 13.220340922727422
                },
                {
                    "x": 225,
                    "y": 218.3898343878277
                },
                {
                    "x": 58.220342862403996,
                    "y": 218.3898343878277
                }
            ]
        }
    ],
    "version": "2.2.0"
}