{
    "asset": {
        "format": "jpg",
        "id": "41f221725a6c5a23a0ac343e3b3318c0",
        "name": "rthgfbvc.jpg",
        "path": "file:C:/Users/ragha/Downloads/rhesusmacaque/rthgfbvc.jpg",
        "size": {
            "width": 183,
            "height": 276
        },
        "state": 2,
        "type": 1
    },
    "regions": [
        {
            "id": "98KpNdaBW",
            "type": "RECTANGLE",
            "tags": [
                "monkey"
            ],
            "boundingBox": {
                "height": 219.86440083131953,
                "width": 149.51489361702127,
                "left": 28.627804890084775,
                "top": 17.46440796932932
            },
            "points": [
                {
                    "x": 28.627804890084775,
                    "y": 17.46440796932932
                },
                {
                    "x": 178.14269850710605,
                    "y": 17.46440796932932
                },
                {
                    "x": 178.14269850710605,
                    "y": 237.32880880064886
                },
                {
                    "x": 28.627804890084775,
                    "y": 237.32880880064886
                }
            ]
        },
        {
            "id": "P9Mso8vOz",
            "type": "RECTANGLE",
            "tags": [
                "monkey"
            ],
            "boundingBox": {
                "height": 147.19999048265362,
                "width": 67.28169737470911,
                "left": 89.99122340425532,
                "top": 113.51864882646981
            },
            "points": [
                {
                    "x": 89.99122340425532,
                    "y": 113.51864882646981
                },
                {
                    "x": 157.27292077896442,
                    "y": 113.51864882646981
                },
                {
                    "x": 157.27292077896442,
                    "y": 260.71863930912343
                },
                {
                    "x": 89.99122340425532,
                    "y": 260.71863930912343
                }
            ]
        }
    ],
    "version": "2.2.0"
}