{
    "asset": {
        "format": "jpg",
        "id": "4277220c0934e2766b660246551f62fc",
        "name": "NyZwaWQ9QXBp%20(12).jpg",
        "path": "file:C:/Users/ragha/Downloads/rhesusmacaque/NyZwaWQ9QXBp%20(12).jpg",
        "size": {
            "width": 339,
            "height": 225
        },
        "state": 2,
        "type": 1
    },
    "regions": [
        {
            "id": "Typb0YhIJ",
            "type": "RECTANGLE",
            "tags": [
                "monkey"
            ],
            "boundingBox": {
                "height": 192.12574130760697,
                "width": 206.50021526116734,
                "left": 70.42842942345924,
                "top": 30.39858041409247
            },
            "points": [
                {
                    "x": 70.42842942345924,
                    "y": 30.39858041409247
                },
                {
                    "x": 276.9286446846266,
                    "y": 30.39858041409247
                },
                {
                    "x": 276.9286446846266,
                    "y": 222.52432172169944
                },
                {
                    "x": 70.42842942345924,
                    "y": 222.52432172169944
                }
            ]
        }
    ],
    "version": "2.2.0"
}