{
    "asset": {
        "format": "jpg",
        "id": "42a7ca11037f254e6729ec5d0e55da2b",
        "name": "NyZwaWQ9QXBp%20(14).jpg",
        "path": "file:C:/Users/ragha/Downloads/rhesusmacaque/NyZwaWQ9QXBp%20(14).jpg",
        "size": {
            "width": 339,
            "height": 225
        },
        "state": 2,
        "type": 1
    },
    "regions": [
        {
            "id": "IiQPixyVC",
            "type": "RECTANGLE",
            "tags": [
                "monkey"
            ],
            "boundingBox": {
                "height": 222.30540207046235,
                "width": 220.24890861738746,
                "left": 38.348117502261815,
                "top": 1.8357025649019345
            },
            "points": [
                {
                    "x": 38.348117502261815,
                    "y": 1.8357025649019345
                },
                {
                    "x": 258.5970261196493,
                    "y": 1.8357025649019345
                },
                {
                    "x": 258.5970261196493,
                    "y": 224.1411046353643
                },
                {
                    "x": 38.348117502261815,
                    "y": 224.1411046353643
                }
            ]
        }
    ],
    "version": "2.2.0"
}