{
    "asset": {
        "format": "jpg",
        "id": "42fb50a9513a746d5f5a42e47c22c4a7",
        "name": "images%20-%202022-02-02T104626.323.jpg",
        "path": "file:C:/Users/ragha/Downloads/rhesusmacaque/images%20-%202022-02-02T104626.323.jpg",
        "size": {
            "width": 201,
            "height": 251
        },
        "state": 2,
        "type": 1
    },
    "regions": [
        {
            "id": "HDkORqjhH",
            "type": "RECTANGLE",
            "tags": [
                "monkey"
            ],
            "boundingBox": {
                "height": 225.19095666529768,
                "width": 171.57671957671957,
                "left": 11.871225831369873,
                "top": 7.657626577689823
            },
            "points": [
                {
                    "x": 11.871225831369873,
                    "y": 7.657626577689823
                },
                {
                    "x": 183.44794540808945,
                    "y": 7.657626577689823
                },
                {
                    "x": 183.44794540808945,
                    "y": 232.8485832429875
                },
                {
                    "x": 11.871225831369873,
                    "y": 232.8485832429875
                }
            ]
        }
    ],
    "version": "2.2.0"
}