{
    "asset": {
        "format": "jpg",
        "id": "4306b8ea7c99c7aae303d1eeb5732c9e",
        "name": "MCZwaWQ9QXBp.jpg",
        "path": "file:C:/Users/ragha/Downloads/rhesusmacaque/MCZwaWQ9QXBp.jpg",
        "size": {
            "width": 213,
            "height": 225
        },
        "state": 2,
        "type": 1
    },
    "regions": [
        {
            "id": "uYLFNOrrJ",
            "type": "RECTANGLE",
            "tags": [
                "monkey"
            ],
            "boundingBox": {
                "height": 173.38983729734258,
                "width": 163.78746656730993,
                "left": 38.76122746254081,
                "top": 33.305085715600995
            },
            "points": [
                {
                    "x": 38.76122746254081,
                    "y": 33.305085715600995
                },
                {
                    "x": 202.54869402985076,
                    "y": 33.305085715600995
                },
                {
                    "x": 202.54869402985076,
                    "y": 206.69492301294358
                },
                {
                    "x": 38.76122746254081,
                    "y": 206.69492301294358
                }
            ]
        }
    ],
    "version": "2.2.0"
}