{
    "asset": {
        "format": "jpg",
        "id": "44d5867a53f47fd2bd9f454d2cc44ed8",
        "name": "546w54.jpg",
        "path": "file:C:/Users/karan/Pictures/rhesusmacaque/546w54.jpg",
        "size": {
            "width": 207,
            "height": 244
        },
        "state": 2,
        "type": 1,
        "predicted": true
    },
    "regions": [
        {
            "id": "Zt_xlzH1T",
            "type": "RECTANGLE",
            "tags": [
                "Monkey"
            ],
            "boundingBox": {
                "height": 211.5194805194805,
                "width": 151.28954081632648,
                "left": 28.634944993622447,
                "top": 8.186147186147187
            },
            "points": [
                {
                    "x": 28.634944993622447,
                    "y": 8.186147186147187
                },
                {
                    "x": 179.92448580994892,
                    "y": 8.186147186147187
                },
                {
                    "x": 179.92448580994892,
                    "y": 219.7056277056277
                },
                {
                    "x": 28.634944993622447,
                    "y": 219.7056277056277
                }
            ]
        }
    ],
    "version": "2.2.0"
}