{
    "asset": {
        "format": "jpg",
        "id": "4588025de0c79b1871e0ea63ed18fdfc",
        "name": "QXBp%20(1).jpg",
        "path": "file:C:/Users/ragha/Downloads/rhesusmacaque/QXBp%20(1).jpg",
        "size": {
            "width": 197,
            "height": 225
        },
        "state": 2,
        "type": 1
    },
    "regions": [
        {
            "id": "TybD-ND4-",
            "type": "RECTANGLE",
            "tags": [
                "monkey"
            ],
            "boundingBox": {
                "height": 192.4576242091292,
                "width": 154.80387484642768,
                "left": 19.302812883930823,
                "top": 12.45762614880578
            },
            "points": [
                {
                    "x": 19.302812883930823,
                    "y": 12.45762614880578
                },
                {
                    "x": 174.1066877303585,
                    "y": 12.45762614880578
                },
                {
                    "x": 174.1066877303585,
                    "y": 204.91525035793498
                },
                {
                    "x": 19.302812883930823,
                    "y": 204.91525035793498
                }
            ]
        }
    ],
    "version": "2.2.0"
}