{
    "asset": {
        "format": "jpg",
        "id": "459ca29eee584f5bfc7da002cbd17fd0",
        "name": "NyZwaWQ9QXBp%20(11).jpg",
        "path": "file:C:/Users/ragha/Downloads/rhesusmacaque/NyZwaWQ9QXBp%20(11).jpg",
        "size": {
            "width": 339,
            "height": 225
        },
        "state": 2,
        "type": 1
    },
    "regions": [
        {
            "id": "4AjTV_6jZ",
            "type": "RECTANGLE",
            "tags": [
                "monkey"
            ],
            "boundingBox": {
                "height": 169.760473902354,
                "width": 221.8664098174624,
                "left": 32.686878727634195,
                "top": 37.943488537908316
            },
            "points": [
                {
                    "x": 32.686878727634195,
                    "y": 37.943488537908316
                },
                {
                    "x": 254.5532885450966,
                    "y": 37.943488537908316
                },
                {
                    "x": 254.5532885450966,
                    "y": 207.7039624402623
                },
                {
                    "x": 32.686878727634195,
                    "y": 207.7039624402623
                }
            ]
        }
    ],
    "version": "2.2.0"
}