{
    "asset": {
        "format": "jpg",
        "id": "45e1efe707a3d9d825f89c810d62482d",
        "name": "SyZwaWQ9QXBp%20(5).jpg",
        "path": "file:C:/Users/ragha/Downloads/rhesusmacaque/SyZwaWQ9QXBp%20(5).jpg",
        "size": {
            "width": 149,
            "height": 225
        },
        "state": 2,
        "type": 1
    },
    "regions": [
        {
            "id": "rIHbT-Ve-",
            "type": "RECTANGLE",
            "tags": [
                "monkey"
            ],
            "boundingBox": {
                "height": 193.4745869394076,
                "width": 137.80514780138094,
                "left": 11.19485219861907,
                "top": 7.881356902041677
            },
            "points": [
                {
                    "x": 11.19485219861907,
                    "y": 7.881356902041677
                },
                {
                    "x": 149,
                    "y": 7.881356902041677
                },
                {
                    "x": 149,
                    "y": 201.3559438414493
                },
                {
                    "x": 11.19485219861907,
                    "y": 201.3559438414493
                }
            ]
        }
    ],
    "version": "2.2.0"
}