{
    "asset": {
        "format": "jpg",
        "id": "473d61d9e6a1a6c9acaebd91416ba057",
        "name": "QXBp.jpg",
        "path": "file:C:/Users/ragha/Downloads/rhesusmacaque/QXBp.jpg",
        "size": {
            "width": 149,
            "height": 225
        },
        "state": 2,
        "type": 1
    },
    "regions": [
        {
            "id": "aAC36TymQ",
            "type": "RECTANGLE",
            "tags": [
                "monkey"
            ],
            "boundingBox": {
                "height": 194.4915254237288,
                "width": 109.03369257750033,
                "left": 23.775674067580624,
                "top": 30.508474576271183
            },
            "points": [
                {
                    "x": 23.775674067580624,
                    "y": 30.508474576271183
                },
                {
                    "x": 132.80936664508096,
                    "y": 30.508474576271183
                },
                {
                    "x": 132.80936664508096,
                    "y": 225
                },
                {
                    "x": 23.775674067580624,
                    "y": 225
                }
            ]
        }
    ],
    "version": "2.2.0"
}