{
    "asset": {
        "format": "jpg",
        "id": "4775cc69409a1a0625ccfd5225e5528c",
        "name": "images%20(89).jpg",
        "path": "file:C:/Users/ragha/Downloads/rhesusmacaque/images%20(89).jpg",
        "size": {
            "width": 278,
            "height": 182
        },
        "state": 2,
        "type": 1
    },
    "regions": [
        {
            "id": "WRzr8_9UR",
            "type": "RECTANGLE",
            "tags": [
                "monkey"
            ],
            "boundingBox": {
                "height": 162.9390940564744,
                "width": 156.74115645482573,
                "left": 67.9248475213174,
                "top": 19.0609059435256
            },
            "points": [
                {
                    "x": 67.9248475213174,
                    "y": 19.0609059435256
                },
                {
                    "x": 224.66600397614312,
                    "y": 19.0609059435256
                },
                {
                    "x": 224.66600397614312,
                    "y": 182
                },
                {
                    "x": 67.9248475213174,
                    "y": 182
                }
            ]
        }
    ],
    "version": "2.2.0"
}