{
    "asset": {
        "format": "jpg",
        "id": "47cde1d283db1549177a31572e263908",
        "name": "images%20(22).jpg",
        "path": "file:C:/Users/ragha/Downloads/rhesusmacaque/images%20(22).jpg",
        "size": {
            "width": 299,
            "height": 168
        },
        "state": 2,
        "type": 1
    },
    "regions": [
        {
            "id": "RtochHkY5",
            "type": "RECTANGLE",
            "tags": [
                "monkey"
            ],
            "boundingBox": {
                "height": 145.8430717863105,
                "width": 189.88042263327742,
                "left": 102.17001963421464,
                "top": 19.566109327720678
            },
            "points": [
                {
                    "x": 102.17001963421464,
                    "y": 19.566109327720678
                },
                {
                    "x": 292.0504422674921,
                    "y": 19.566109327720678
                },
                {
                    "x": 292.0504422674921,
                    "y": 165.40918111403118
                },
                {
                    "x": 102.17001963421464,
                    "y": 165.40918111403118
                }
            ]
        }
    ],
    "version": "2.2.0"
}