{
    "asset": {
        "format": "jpg",
        "id": "49f24a94a66fff5017edffb24e6e9ac7",
        "name": "65ythgfgfdn.jpg",
        "path": "file:C:/Users/ragha/Downloads/rhesusmacaque/65ythgfgfdn.jpg",
        "size": {
            "width": 216,
            "height": 233
        },
        "state": 2,
        "type": 1
    },
    "regions": [
        {
            "id": "AnCeK5u-Q",
            "type": "RECTANGLE",
            "tags": [
                "monkey"
            ],
            "boundingBox": {
                "height": 209.5683575646352,
                "width": 189.65855668230756,
                "left": 14.775914634146343,
                "top": 9.214689265536723
            },
            "points": [
                {
                    "x": 14.775914634146343,
                    "y": 9.214689265536723
                },
                {
                    "x": 204.4344713164539,
                    "y": 9.214689265536723
                },
                {
                    "x": 204.4344713164539,
                    "y": 218.7830468301719
                },
                {
                    "x": 14.775914634146343,
                    "y": 218.7830468301719
                }
            ]
        }
    ],
    "version": "2.2.0"
}