{
    "asset": {
        "format": "jpg",
        "id": "4a8d537454e65a9f29f1a5cfbecb8b48",
        "name": "images%20(39).jpg",
        "path": "file:C:/Users/ragha/Downloads/rhesusmacaque/images%20(39).jpg",
        "size": {
            "width": 183,
            "height": 275
        },
        "state": 2,
        "type": 1
    },
    "regions": [
        {
            "id": "OSmi-r1rm",
            "type": "RECTANGLE",
            "tags": [
                "monkey"
            ],
            "boundingBox": {
                "height": 235.8474682953398,
                "width": 118.11464968152869,
                "left": 40.592211680807125,
                "top": 31.927964916337007
            },
            "points": [
                {
                    "x": 40.592211680807125,
                    "y": 31.927964916337007
                },
                {
                    "x": 158.70686136233581,
                    "y": 31.927964916337007
                },
                {
                    "x": 158.70686136233581,
                    "y": 267.77543321167684
                },
                {
                    "x": 40.592211680807125,
                    "y": 267.77543321167684
                }
            ]
        }
    ],
    "version": "2.2.0"
}