{
    "asset": {
        "format": "jpg",
        "id": "4aad584ac01c2f2c56239be929c34018",
        "name": "aSZwaWQ9QXBp.jpg",
        "path": "file:C:/Users/ragha/Downloads/rhesusmacaque/aSZwaWQ9QXBp.jpg",
        "size": {
            "width": 299,
            "height": 225
        },
        "state": 2,
        "type": 1
    },
    "regions": [
        {
            "id": "armVwD3EH",
            "type": "RECTANGLE",
            "tags": [
                "monkey"
            ],
            "boundingBox": {
                "height": 164.74577531976215,
                "width": 116.42253698172655,
                "left": 29.212871944739636,
                "top": 49.3220329284668
            },
            "points": [
                {
                    "x": 29.212871944739636,
                    "y": 49.3220329284668
                },
                {
                    "x": 145.6354089264662,
                    "y": 49.3220329284668
                },
                {
                    "x": 145.6354089264662,
                    "y": 214.06780824822894
                },
                {
                    "x": 29.212871944739636,
                    "y": 214.06780824822894
                }
            ]
        },
        {
            "id": "Y9k8Evj8J",
            "type": "RECTANGLE",
            "tags": [
                "monkey"
            ],
            "boundingBox": {
                "height": 79.32202613959878,
                "width": 47.534964744900286,
                "left": 5.5724913123816915,
                "top": 145.6779738604012
            },
            "points": [
                {
                    "x": 5.5724913123816915,
                    "y": 145.6779738604012
                },
                {
                    "x": 53.10745605728198,
                    "y": 145.6779738604012
                },
                {
                    "x": 53.10745605728198,
                    "y": 225
                },
                {
                    "x": 5.5724913123816915,
                    "y": 225
                }
            ]
        },
        {
            "id": "dd49rOnKE",
            "type": "RECTANGLE",
            "tags": [
                "monkey"
            ],
            "boundingBox": {
                "height": 188.89830314506918,
                "width": 108.28820015950866,
                "left": 150.97355595101206,
                "top": 36.101696854930815
            },
            "points": [
                {
                    "x": 150.97355595101206,
                    "y": 36.101696854930815
                },
                {
                    "x": 259.2617561105207,
                    "y": 36.101696854930815
                },
                {
                    "x": 259.2617561105207,
                    "y": 225
                },
                {
                    "x": 150.97355595101206,
                    "y": 225
                }
            ]
        }
    ],
    "version": "2.2.0"
}