{
    "asset": {
        "format": "jpg",
        "id": "4ada93468e22acb4ff07cd5d36323d41",
        "name": "OCZwaWQ9QXBp%20(6).jpg",
        "path": "file:C:/Users/ragha/Downloads/rhesusmacaque/OCZwaWQ9QXBp%20(6).jpg",
        "size": {
            "width": 338,
            "height": 225
        },
        "state": 2,
        "type": 1
    },
    "regions": [
        {
            "id": "PoEXNRyWE",
            "type": "RECTANGLE",
            "tags": [
                "monkey"
            ],
            "boundingBox": {
                "height": 140.89785191550186,
                "width": 246.20916153469807,
                "left": 67.53280318091451,
                "top": 84.10214808449817
            },
            "points": [
                {
                    "x": 67.53280318091451,
                    "y": 84.10214808449817
                },
                {
                    "x": 313.7419647156126,
                    "y": 84.10214808449817
                },
                {
                    "x": 313.7419647156126,
                    "y": 225.00000000000003
                },
                {
                    "x": 67.53280318091451,
                    "y": 225.00000000000003
                }
            ]
        },
        {
            "id": "A5EcrE713",
            "type": "RECTANGLE",
            "tags": [
                "monkey"
            ],
            "boundingBox": {
                "height": 137.01493562157475,
                "width": 251.31611363314255,
                "left": 15.925644072576262,
                "top": 8.878267487483239
            },
            "points": [
                {
                    "x": 15.925644072576262,
                    "y": 8.878267487483239
                },
                {
                    "x": 267.24175770571884,
                    "y": 8.878267487483239
                },
                {
                    "x": 267.24175770571884,
                    "y": 145.893203109058
                },
                {
                    "x": 15.925644072576262,
                    "y": 145.893203109058
                }
            ]
        }
    ],
    "version": "2.2.0"
}