{
    "asset": {
        "format": "jpg",
        "id": "4b772483856e4c2a8ef43eaf5fe0348c",
        "name": "images%20-%202022-02-02T104625.938.jpg",
        "path": "file:C:/Users/ragha/Downloads/rhesusmacaque/images%20-%202022-02-02T104625.938.jpg",
        "size": {
            "width": 275,
            "height": 183
        },
        "state": 2,
        "type": 1
    },
    "regions": [
        {
            "id": "jM71NYHHU",
            "type": "RECTANGLE",
            "tags": [
                "monkey"
            ],
            "boundingBox": {
                "height": 157.89212811598136,
                "width": 205.40257448230537,
                "left": 69.59742551769462,
                "top": 25.107871884018625
            },
            "points": [
                {
                    "x": 69.59742551769462,
                    "y": 25.107871884018625
                },
                {
                    "x": 275,
                    "y": 25.107871884018625
                },
                {
                    "x": 275,
                    "y": 183
                },
                {
                    "x": 69.59742551769462,
                    "y": 183
                }
            ]
        }
    ],
    "version": "2.2.0"
}