{
    "asset": {
        "format": "jpg",
        "id": "4c5a61007be63ed8af7a4574b3a9f76f",
        "name": "images%20(56).jpg",
        "path": "file:C:/Users/ragha/Downloads/rhesusmacaque/images%20(56).jpg",
        "size": {
            "width": 225,
            "height": 225
        },
        "state": 2,
        "type": 1
    },
    "regions": [
        {
            "id": "ReXDEkKZe",
            "type": "RECTANGLE",
            "tags": [
                "monkey"
            ],
            "boundingBox": {
                "height": 201.61017240104027,
                "width": 178.72883101641122,
                "left": 25.519073615639897,
                "top": 10.42372978339761
            },
            "points": [
                {
                    "x": 25.519073615639897,
                    "y": 10.42372978339761
                },
                {
                    "x": 204.2479046320511,
                    "y": 10.42372978339761
                },
                {
                    "x": 204.2479046320511,
                    "y": 212.0339021844379
                },
                {
                    "x": 25.519073615639897,
                    "y": 212.0339021844379
                }
            ]
        }
    ],
    "version": "2.2.0"
}