{
    "asset": {
        "format": "jpg",
        "id": "4ce291713044a611ab0c7f638d63db35",
        "name": "tynthbyhty.jpg",
        "path": "file:C:/Users/ragha/Downloads/rhesusmacaque/tynthbyhty.jpg",
        "size": {
            "width": 275,
            "height": 183
        },
        "state": 2,
        "type": 1
    },
    "regions": [
        {
            "id": "pCXE01Zze",
            "type": "RECTANGLE",
            "tags": [
                "monkey"
            ],
            "boundingBox": {
                "height": 159.78761885651443,
                "width": 204.92631953451158,
                "left": 70.0736804654884,
                "top": 15.742589731132034
            },
            "points": [
                {
                    "x": 70.0736804654884,
                    "y": 15.742589731132034
                },
                {
                    "x": 275,
                    "y": 15.742589731132034
                },
                {
                    "x": 275,
                    "y": 175.53020858764646
                },
                {
                    "x": 70.0736804654884,
                    "y": 175.53020858764646
                }
            ]
        }
    ],
    "version": "2.2.0"
}