{
    "asset": {
        "format": "jpg",
        "id": "4cf4adaaba2aa3b38edcdd20bab3372b",
        "name": "OCZwaWQ9QXBp%20(24).jpg",
        "path": "file:C:/Users/ragha/Downloads/rhesusmacaque/OCZwaWQ9QXBp%20(24).jpg",
        "size": {
            "width": 338,
            "height": 225
        },
        "state": 2,
        "type": 1
    },
    "regions": [
        {
            "id": "3-g7Z-E_iU",
            "type": "RECTANGLE",
            "tags": [
                "monkey"
            ],
            "boundingBox": {
                "height": 195.4351684228698,
                "width": 192.45169601288754,
                "left": 17.269580454286004,
                "top": 29.56483157713022
            },
            "points": [
                {
                    "x": 17.269580454286004,
                    "y": 29.56483157713022
                },
                {
                    "x": 209.72127646717354,
                    "y": 29.56483157713022
                },
                {
                    "x": 209.72127646717354,
                    "y": 225.00000000000003
                },
                {
                    "x": 17.269580454286004,
                    "y": 225.00000000000003
                }
            ]
        }
    ],
    "version": "2.2.0"
}