{
    "asset": {
        "format": "jpg",
        "id": "4cf43657a63e7429227e0f5b1c7652ff",
        "name": "images%20-%202022-02-02T104625.811.jpg",
        "path": "file:C:/Users/ragha/Downloads/rhesusmacaque/images%20-%202022-02-02T104625.811.jpg",
        "size": {
            "width": 304,
            "height": 166
        },
        "state": 2,
        "type": 1
    },
    "regions": [
        {
            "id": "KomCuVRNP",
            "type": "RECTANGLE",
            "tags": [
                "monkey"
            ],
            "boundingBox": {
                "height": 90.54545454545455,
                "width": 154.23619028019382,
                "left": 9.730421183834492,
                "top": 44.87281910289418
            },
            "points": [
                {
                    "x": 9.730421183834492,
                    "y": 44.87281910289418
                },
                {
                    "x": 163.96661146402832,
                    "y": 44.87281910289418
                },
                {
                    "x": 163.96661146402832,
                    "y": 135.41827364834873
                },
                {
                    "x": 9.730421183834492,
                    "y": 135.41827364834873
                }
            ]
        },
        {
            "id": "4WB997u_t",
            "type": "RECTANGLE",
            "tags": [
                "monkey"
            ],
            "boundingBox": {
                "height": 123.86618918678977,
                "width": 159.07119878385933,
                "left": 97.243733885748,
                "top": 6.240091830166904
            },
            "points": [
                {
                    "x": 97.243733885748,
                    "y": 6.240091830166904
                },
                {
                    "x": 256.31493266960734,
                    "y": 6.240091830166904
                },
                {
                    "x": 256.31493266960734,
                    "y": 130.10628101695667
                },
                {
                    "x": 97.243733885748,
                    "y": 130.10628101695667
                }
            ]
        }
    ],
    "version": "2.2.0"
}