{
    "asset": {
        "format": "jpg",
        "id": "4d41b4f156c00258ce569c8504b94f6d",
        "name": "NyZwaWQ9QXBp%20(10).jpg",
        "path": "file:C:/Users/ragha/Downloads/rhesusmacaque/NyZwaWQ9QXBp%20(10).jpg",
        "size": {
            "width": 339,
            "height": 225
        },
        "state": 2,
        "type": 1
    },
    "regions": [
        {
            "id": "V47kygqqb",
            "type": "RECTANGLE",
            "tags": [
                "monkey"
            ],
            "boundingBox": {
                "height": 201.55689445084442,
                "width": 133.71291835170615,
                "left": 114.90954274353876,
                "top": 10.72791864772043
            },
            "points": [
                {
                    "x": 114.90954274353876,
                    "y": 10.72791864772043
                },
                {
                    "x": 248.62246109524492,
                    "y": 10.72791864772043
                },
                {
                    "x": 248.62246109524492,
                    "y": 212.28481309856485
                },
                {
                    "x": 114.90954274353876,
                    "y": 212.28481309856485
                }
            ]
        },
        {
            "id": "-ISidegl4",
            "type": "RECTANGLE",
            "tags": [
                "monkey"
            ],
            "boundingBox": {
                "height": 119.10179846301051,
                "width": 117.53796805349542,
                "left": 84.98588880535148,
                "top": 94.79977699097046
            },
            "points": [
                {
                    "x": 84.98588880535148,
                    "y": 94.79977699097046
                },
                {
                    "x": 202.5238568588469,
                    "y": 94.79977699097046
                },
                {
                    "x": 202.5238568588469,
                    "y": 213.90157545398097
                },
                {
                    "x": 84.98588880535148,
                    "y": 213.90157545398097
                }
            ]
        }
    ],
    "version": "2.2.0"
}