{
    "asset": {
        "format": "jpg",
        "id": "4d576c912decb05d6972624328de12b8",
        "name": "OCZwaWQ9QXBp%20(17).jpg",
        "path": "file:C:/Users/ragha/Downloads/rhesusmacaque/OCZwaWQ9QXBp%20(17).jpg",
        "size": {
            "width": 338,
            "height": 225
        },
        "state": 2,
        "type": 1
    },
    "regions": [
        {
            "id": "S3A5CjYQq",
            "type": "RECTANGLE",
            "tags": [
                "monkey"
            ],
            "boundingBox": {
                "height": 172.477624238427,
                "width": 175.2492959722136,
                "left": 136.8799286798739,
                "top": 39.23647439301904
            },
            "points": [
                {
                    "x": 136.8799286798739,
                    "y": 39.23647439301904
                },
                {
                    "x": 312.1292246520875,
                    "y": 39.23647439301904
                },
                {
                    "x": 312.1292246520875,
                    "y": 211.71409863144606
                },
                {
                    "x": 136.8799286798739,
                    "y": 211.71409863144606
                }
            ]
        },
        {
            "id": "2yow1LavV",
            "type": "RECTANGLE",
            "tags": [
                "monkey"
            ],
            "boundingBox": {
                "height": 207.13433963149342,
                "width": 159.1220696451176,
                "left": 25.06441556957086,
                "top": 8.609609746221286
            },
            "points": [
                {
                    "x": 25.06441556957086,
                    "y": 8.609609746221286
                },
                {
                    "x": 184.18648521468845,
                    "y": 8.609609746221286
                },
                {
                    "x": 184.18648521468845,
                    "y": 215.74394937771473
                },
                {
                    "x": 25.06441556957086,
                    "y": 215.74394937771473
                }
            ]
        }
    ],
    "version": "2.2.0"
}