{
    "asset": {
        "format": "jpg",
        "id": "4df24252c9a9a69175414662e39b2026",
        "name": "images%20-%202022-02-02T104626.389.jpg",
        "path": "file:C:/Users/ragha/Downloads/rhesusmacaque/images%20-%202022-02-02T104626.389.jpg",
        "size": {
            "width": 251,
            "height": 200
        },
        "state": 2,
        "type": 1
    },
    "regions": [
        {
            "id": "Umy8rfP-2",
            "type": "RECTANGLE",
            "tags": [
                "monkey"
            ],
            "boundingBox": {
                "height": 123.84181911662473,
                "width": 195.60494593479768,
                "left": 29.77978237568326,
                "top": 43.84180704752604
            },
            "points": [
                {
                    "x": 29.77978237568326,
                    "y": 43.84180704752604
                },
                {
                    "x": 225.38472831048094,
                    "y": 43.84180704752604
                },
                {
                    "x": 225.38472831048094,
                    "y": 167.68362616415078
                },
                {
                    "x": 29.77978237568326,
                    "y": 167.68362616415078
                }
            ]
        }
    ],
    "version": "2.2.0"
}