{
    "asset": {
        "format": "jpg",
        "id": "4e4cbe59b031a40c7abb53365bb5f05b",
        "name": "imagesdfgjdn.jpg",
        "path": "file:C:/Users/ragha/Downloads/rhesusmacaque/imagesdfgjdn.jpg",
        "size": {
            "width": 226,
            "height": 223
        },
        "state": 2,
        "type": 1
    },
    "regions": [
        {
            "id": "EAZXAD__9",
            "type": "RECTANGLE",
            "tags": [
                "monkey"
            ],
            "boundingBox": {
                "height": 194.02260367614403,
                "width": 173.2456901359027,
                "left": 30.457271395287474,
                "top": 13.354805143539515
            },
            "points": [
                {
                    "x": 30.457271395287474,
                    "y": 13.354805143539515
                },
                {
                    "x": 203.70296153119017,
                    "y": 13.354805143539515
                },
                {
                    "x": 203.70296153119017,
                    "y": 207.37740881968352
                },
                {
                    "x": 30.457271395287474,
                    "y": 207.37740881968352
                }
            ]
        }
    ],
    "version": "2.2.0"
}