{
    "asset": {
        "format": "jpg",
        "id": "4e9e66314d67ae50ee7734debc40b219",
        "name": "images%20-%202022-02-02T104626.211.jpg",
        "path": "file:C:/Users/ragha/Downloads/rhesusmacaque/images%20-%202022-02-02T104626.211.jpg",
        "size": {
            "width": 310,
            "height": 163
        },
        "state": 2,
        "type": 1
    },
    "regions": [
        {
            "id": "Ldm5JPxJz",
            "type": "RECTANGLE",
            "tags": [
                "monkey"
            ],
            "boundingBox": {
                "height": 137.58324575153776,
                "width": 99.34792004807095,
                "left": 115.18687496602416,
                "top": 25.416754248462237
            },
            "points": [
                {
                    "x": 115.18687496602416,
                    "y": 25.416754248462237
                },
                {
                    "x": 214.53479501409512,
                    "y": 25.416754248462237
                },
                {
                    "x": 214.53479501409512,
                    "y": 163
                },
                {
                    "x": 115.18687496602416,
                    "y": 163
                }
            ]
        },
        {
            "id": "XgX1wHJs8",
            "type": "RECTANGLE",
            "tags": [
                "monkey"
            ],
            "boundingBox": {
                "height": 163,
                "width": 164.67595185721606,
                "left": 110.00994035785288,
                "top": 0
            },
            "points": [
                {
                    "x": 110.00994035785288,
                    "y": 0
                },
                {
                    "x": 274.685892215069,
                    "y": 0
                },
                {
                    "x": 274.685892215069,
                    "y": 163
                },
                {
                    "x": 110.00994035785288,
                    "y": 163
                }
            ]
        }
    ],
    "version": "2.2.0"
}