{
    "asset": {
        "format": "jpg",
        "id": "4eaf2a0c576594d27d5979e86991dc2c",
        "name": "images%20(40).jpg",
        "path": "file:C:/Users/ragha/Downloads/rhesusmacaque/images%20(40).jpg",
        "size": {
            "width": 266,
            "height": 190
        },
        "state": 2,
        "type": 1
    },
    "regions": [
        {
            "id": "WsKH2eA-1",
            "type": "RECTANGLE",
            "tags": [
                "monkey"
            ],
            "boundingBox": {
                "height": 139.11863833497475,
                "width": 120.67972728679207,
                "left": 107.44682630737182,
                "top": 26.406782117940615
            },
            "points": [
                {
                    "x": 107.44682630737182,
                    "y": 26.406782117940615
                },
                {
                    "x": 228.1265535941639,
                    "y": 26.406782117940615
                },
                {
                    "x": 228.1265535941639,
                    "y": 165.52542045291537
                },
                {
                    "x": 107.44682630737182,
                    "y": 165.52542045291537
                }
            ]
        }
    ],
    "version": "2.2.0"
}