{
    "asset": {
        "format": "jpg",
        "id": "4edf6fbcbb41b27811a26b2ca424abd0",
        "name": "images%20(7).jpg",
        "path": "file:C:/Users/ragha/Downloads/rhesusmacaque/images%20(7).jpg",
        "size": {
            "width": 287,
            "height": 175
        },
        "state": 2,
        "type": 1
    },
    "regions": [
        {
            "id": "V8j0tL3r1",
            "type": "RECTANGLE",
            "tags": [
                "monkey"
            ],
            "boundingBox": {
                "height": 166.27692472017728,
                "width": 211.30945922508346,
                "left": 32.00843486410496,
                "top": 6.707213181715745
            },
            "points": [
                {
                    "x": 32.00843486410496,
                    "y": 6.707213181715745
                },
                {
                    "x": 243.31789408918843,
                    "y": 6.707213181715745
                },
                {
                    "x": 243.31789408918843,
                    "y": 172.984137901893
                },
                {
                    "x": 32.00843486410496,
                    "y": 172.984137901893
                }
            ]
        }
    ],
    "version": "2.2.0"
}