{
    "asset": {
        "format": "jpg",
        "id": "4f06a019f5927c950eda7f1da2d853db",
        "name": "465rthfgddc.jpg",
        "path": "file:C:/Users/ragha/Downloads/rhesusmacaque/465rthfgddc.jpg",
        "size": {
            "width": 259,
            "height": 194
        },
        "state": 2,
        "type": 1,
        "predicted": true
    },
    "regions": [
        {
            "id": "0gYP3DBF3",
            "type": "RECTANGLE",
            "tags": [
                "monkey"
            ],
            "boundingBox": {
                "height": 166.59887214703747,
                "width": 228.66469678818297,
                "left": 3.6447542283298096,
                "top": 0.876837412516276
            },
            "points": [
                {
                    "x": 3.6447542283298096,
                    "y": 0.876837412516276
                },
                {
                    "x": 232.30945101651278,
                    "y": 0.876837412516276
                },
                {
                    "x": 232.30945101651278,
                    "y": 167.47570955955374
                },
                {
                    "x": 3.6447542283298096,
                    "y": 167.47570955955374
                }
            ]
        }
    ],
    "version": "2.2.0"
}