{
    "asset": {
        "format": "jpg",
        "id": "4ffcb58bdab9b1c0ac266e5d5061fd3c",
        "name": "sdfsdfcxz.jpg",
        "path": "file:C:/Users/ragha/Downloads/rhesusmacaque/sdfsdfcxz.jpg",
        "size": {
            "width": 275,
            "height": 183
        },
        "state": 2,
        "type": 1
    },
    "regions": [
        {
            "id": "pveyCYZ_W",
            "type": "RECTANGLE",
            "tags": [
                "monkey"
            ],
            "boundingBox": {
                "height": 139.9221263649189,
                "width": 208.7623004126408,
                "left": 25.771118194040472,
                "top": 17.685951739285898
            },
            "points": [
                {
                    "x": 25.771118194040472,
                    "y": 17.685951739285898
                },
                {
                    "x": 234.53341860668127,
                    "y": 17.685951739285898
                },
                {
                    "x": 234.53341860668127,
                    "y": 157.60807810420482
                },
                {
                    "x": 25.771118194040472,
                    "y": 157.60807810420482
                }
            ]
        }
    ],
    "version": "2.2.0"
}