{
    "asset": {
        "format": "jpg",
        "id": "50596aa7806db65933abbafc6770eaa9",
        "name": "SCZwaWQ9QXBp%20(2).jpg",
        "path": "file:C:/Users/ragha/Downloads/rhesusmacaque/SCZwaWQ9QXBp%20(2).jpg",
        "size": {
            "width": 150,
            "height": 225
        },
        "state": 2,
        "type": 1
    },
    "regions": [
        {
            "id": "CXi_tH1ei",
            "type": "RECTANGLE",
            "tags": [
                "monkey"
            ],
            "boundingBox": {
                "height": 175.169485706394,
                "width": 128.38983050847457,
                "left": 12.966097815562103,
                "top": 13.220340922727422
            },
            "points": [
                {
                    "x": 12.966097815562103,
                    "y": 13.220340922727422
                },
                {
                    "x": 141.35592832403668,
                    "y": 13.220340922727422
                },
                {
                    "x": 141.35592832403668,
                    "y": 188.38982662912142
                },
                {
                    "x": 12.966097815562103,
                    "y": 188.38982662912142
                }
            ]
        }
    ],
    "version": "2.2.0"
}