{
    "asset": {
        "format": "jpg",
        "id": "51412de9fddff9b24eb14c3a6678d1f3",
        "name": "images%20-%202022-02-02T104626.352.jpg",
        "path": "file:C:/Users/ragha/Downloads/rhesusmacaque/images%20-%202022-02-02T104626.352.jpg",
        "size": {
            "width": 183,
            "height": 275
        },
        "state": 2,
        "type": 1
    },
    "regions": [
        {
            "id": "gWu7oXFhi",
            "type": "RECTANGLE",
            "tags": [
                "monkey"
            ],
            "boundingBox": {
                "height": 167.79659831591246,
                "width": 152.5485668789809,
                "left": 30.45143312101911,
                "top": 85.76271897655423
            },
            "points": [
                {
                    "x": 30.45143312101911,
                    "y": 85.76271897655423
                },
                {
                    "x": 183,
                    "y": 85.76271897655423
                },
                {
                    "x": 183,
                    "y": 253.5593172924667
                },
                {
                    "x": 30.45143312101911,
                    "y": 253.5593172924667
                }
            ]
        }
    ],
    "version": "2.2.0"
}