{
    "asset": {
        "format": "jpg",
        "id": "5161b26f0e5ef470b17388c7f369ff38",
        "name": "images%20-%202022-02-02T104626.404.jpg",
        "path": "file:C:/Users/ragha/Downloads/rhesusmacaque/images%20-%202022-02-02T104626.404.jpg",
        "size": {
            "width": 168,
            "height": 300
        },
        "state": 2,
        "type": 1
    },
    "regions": [
        {
            "id": "61T6tAzSw",
            "type": "RECTANGLE",
            "tags": [
                "monkey"
            ],
            "boundingBox": {
                "height": 264.4067796610169,
                "width": 147.26448362720402,
                "left": 17.032745591939545,
                "top": 10.169491525423728
            },
            "points": [
                {
                    "x": 17.032745591939545,
                    "y": 10.169491525423728
                },
                {
                    "x": 164.29722921914356,
                    "y": 10.169491525423728
                },
                {
                    "x": 164.29722921914356,
                    "y": 274.5762711864407
                },
                {
                    "x": 17.032745591939545,
                    "y": 274.5762711864407
                }
            ]
        }
    ],
    "version": "2.2.0"
}