{
    "asset": {
        "format": "jpg",
        "id": "517be92b6013c84fb3be001aeabcf55b",
        "name": "images%20-%202022-02-02T104626.367.jpg",
        "path": "file:C:/Users/ragha/Downloads/rhesusmacaque/images%20-%202022-02-02T104626.367.jpg",
        "size": {
            "width": 259,
            "height": 194
        },
        "state": 2,
        "type": 1
    },
    "regions": [
        {
            "id": "O424HXfE8",
            "type": "RECTANGLE",
            "tags": [
                "monkey"
            ],
            "boundingBox": {
                "height": 132.62147310763427,
                "width": 77.53573272898636,
                "left": 56.786290884521996,
                "top": 34.63503075723594
            },
            "points": [
                {
                    "x": 56.786290884521996,
                    "y": 34.63503075723594
                },
                {
                    "x": 134.32202361350835,
                    "y": 34.63503075723594
                },
                {
                    "x": 134.32202361350835,
                    "y": 167.2565038648702
                },
                {
                    "x": 56.786290884521996,
                    "y": 167.2565038648702
                }
            ]
        }
    ],
    "version": "2.2.0"
}