{
    "asset": {
        "format": "jpg",
        "id": "52777654771c134cc6df3f1b00898956",
        "name": "byZwaWQ9QXBp.jpg",
        "path": "file:C:/Users/ragha/Downloads/rhesusmacaque/byZwaWQ9QXBp.jpg",
        "size": {
            "width": 360,
            "height": 225
        },
        "state": 2,
        "type": 1
    },
    "regions": [
        {
            "id": "u3Q7BhDTG",
            "type": "RECTANGLE",
            "tags": [
                "monkey"
            ],
            "boundingBox": {
                "height": 224.65001925535645,
                "width": 285.3008352492385,
                "left": 21.255857544517337,
                "top": 0.34998074464354734
            },
            "points": [
                {
                    "x": 21.255857544517337,
                    "y": 0.34998074464354734
                },
                {
                    "x": 306.5566927937559,
                    "y": 0.34998074464354734
                },
                {
                    "x": 306.5566927937559,
                    "y": 225
                },
                {
                    "x": 21.255857544517337,
                    "y": 225
                }
            ]
        }
    ],
    "version": "2.2.0"
}