{
    "asset": {
        "format": "jpg",
        "id": "52b121c51ceee8c639b38c5c82afb96c",
        "name": "images%20(43).jpg",
        "path": "file:C:/Users/ragha/Downloads/rhesusmacaque/images%20(43).jpg",
        "size": {
            "width": 275,
            "height": 183
        },
        "state": 2,
        "type": 1
    },
    "regions": [
        {
            "id": "LvfUahhVL",
            "type": "RECTANGLE",
            "tags": [
                "monkey"
            ],
            "boundingBox": {
                "height": 175.14237248695503,
                "width": 162.9323371370932,
                "left": 75.43762142496897,
                "top": 7.857627513044971
            },
            "points": [
                {
                    "x": 75.43762142496897,
                    "y": 7.857627513044971
                },
                {
                    "x": 238.36995856206218,
                    "y": 7.857627513044971
                },
                {
                    "x": 238.36995856206218,
                    "y": 182.99999999999997
                },
                {
                    "x": 75.43762142496897,
                    "y": 182.99999999999997
                }
            ]
        }
    ],
    "version": "2.2.0"
}