{
    "asset": {
        "format": "jpg",
        "id": "52d023f3689f61e69c25ce98903efb63",
        "name": "trhgfdb.jpg",
        "path": "file:C:/Users/ragha/Downloads/rhesusmacaque/trhgfdb.jpg",
        "size": {
            "width": 275,
            "height": 183
        },
        "state": 2,
        "type": 1
    },
    "regions": [
        {
            "id": "_1XmUAyzb",
            "type": "RECTANGLE",
            "tags": [
                "monkey"
            ],
            "boundingBox": {
                "height": 87.66725334234997,
                "width": 110.64832346378468,
                "left": 141.8222003929273,
                "top": 76.85055268549286
            },
            "points": [
                {
                    "x": 141.8222003929273,
                    "y": 76.85055268549286
                },
                {
                    "x": 252.47052385671196,
                    "y": 76.85055268549286
                },
                {
                    "x": 252.47052385671196,
                    "y": 164.51780602784282
                },
                {
                    "x": 141.8222003929273,
                    "y": 164.51780602784282
                }
            ]
        },
        {
            "id": "3wW-K5orT",
            "type": "RECTANGLE",
            "tags": [
                "monkey"
            ],
            "boundingBox": {
                "height": 175.03086242000612,
                "width": 125.12771291676579,
                "left": 11.72396691702672,
                "top": 7.9691375799938635
            },
            "points": [
                {
                    "x": 11.72396691702672,
                    "y": 7.9691375799938635
                },
                {
                    "x": 136.8516798337925,
                    "y": 7.9691375799938635
                },
                {
                    "x": 136.8516798337925,
                    "y": 182.99999999999997
                },
                {
                    "x": 11.72396691702672,
                    "y": 182.99999999999997
                }
            ]
        }
    ],
    "version": "2.2.0"
}