{
    "asset": {
        "format": "jpg",
        "id": "52de0ee2c3c18e13dd999f9c68f61f22",
        "name": "OCZwaWQ9QXBp%20(7).jpg",
        "path": "file:C:/Users/ragha/Downloads/rhesusmacaque/OCZwaWQ9QXBp%20(7).jpg",
        "size": {
            "width": 338,
            "height": 225
        },
        "state": 2,
        "type": 1
    },
    "regions": [
        {
            "id": "2SoRIWPno",
            "type": "RECTANGLE",
            "tags": [
                "monkey"
            ],
            "boundingBox": {
                "height": 213.8507575419412,
                "width": 265.29304380018715,
                "left": 3.2926502872413956,
                "top": 3.2364754178630775
            },
            "points": [
                {
                    "x": 3.2926502872413956,
                    "y": 3.2364754178630775
                },
                {
                    "x": 268.5856940874286,
                    "y": 3.2364754178630775
                },
                {
                    "x": 268.5856940874286,
                    "y": 217.08723295980425
                },
                {
                    "x": 3.2926502872413956,
                    "y": 217.08723295980425
                }
            ]
        }
    ],
    "version": "2.2.0"
}