{
    "asset": {
        "format": "jpg",
        "id": "54eaee234f9217aa6a56f29df28f7ceb",
        "name": "5trgfhythgdbf.jpg",
        "path": "file:C:/Users/karan/Pictures/rhesusmacaque/5trgfhythgdbf.jpg",
        "size": {
            "width": 183,
            "height": 275
        },
        "state": 2,
        "type": 1,
        "predicted": true
    },
    "regions": [
        {
            "id": "hbRVUy88Me",
            "type": "RECTANGLE",
            "tags": [
                "Monkey"
            ],
            "boundingBox": {
                "left": 33.825577050447464,
                "top": 47.87757694721222,
                "width": 107.26790794730185,
                "height": 179.0036976337433
            },
            "points": [
                {
                    "x": 33.825577050447464,
                    "y": 47.87757694721222
                },
                {
                    "x": 141.09348499774933,
                    "y": 47.87757694721222
                },
                {
                    "x": 141.09348499774933,
                    "y": 226.8812745809555
                },
                {
                    "x": 33.825577050447464,
                    "y": 226.8812745809555
                }
            ]
        }
    ],
    "version": "2.2.0"
}