{
    "asset": {
        "format": "jpg",
        "id": "5539f95c58a6a9bb48aebc88ad5260eb",
        "name": "images%20(34).jpg",
        "path": "file:C:/Users/ragha/Downloads/rhesusmacaque/images%20(34).jpg",
        "size": {
            "width": 100,
            "height": 100
        },
        "state": 2,
        "type": 1
    },
    "regions": [
        {
            "id": "BvQ_D3Nf7",
            "type": "RECTANGLE",
            "tags": [
                "monkey"
            ],
            "boundingBox": {
                "height": 83.38982749119991,
                "width": 92.31638504286944,
                "left": 4.5621494788908015,
                "top": 10.508475869388905
            },
            "points": [
                {
                    "x": 4.5621494788908015,
                    "y": 10.508475869388905
                },
                {
                    "x": 96.87853452176024,
                    "y": 10.508475869388905
                },
                {
                    "x": 96.87853452176024,
                    "y": 93.89830336058881
                },
                {
                    "x": 4.5621494788908015,
                    "y": 93.89830336058881
                }
            ]
        }
    ],
    "version": "2.2.0"
}