{
    "asset": {
        "format": "jpg",
        "id": "55992b8010552f5653669792cb5b5d0b",
        "name": "hgnhdntjfb.jpg",
        "path": "file:C:/Users/ragha/Downloads/rhesusmacaque/hgnhdntjfb.jpg",
        "size": {
            "width": 211,
            "height": 238
        },
        "state": 2,
        "type": 1
    },
    "regions": [
        {
            "id": "eKuJx2ntk",
            "type": "RECTANGLE",
            "tags": [
                "monkey"
            ],
            "boundingBox": {
                "height": 193.89605135298046,
                "width": 174.71338604969583,
                "left": 5.694988177840117,
                "top": 23.396612221238303
            },
            "points": [
                {
                    "x": 5.694988177840117,
                    "y": 23.396612221238303
                },
                {
                    "x": 180.40837422753594,
                    "y": 23.396612221238303
                },
                {
                    "x": 180.40837422753594,
                    "y": 217.29266357421875
                },
                {
                    "x": 5.694988177840117,
                    "y": 217.29266357421875
                }
            ]
        }
    ],
    "version": "2.2.0"
}