{
    "asset": {
        "format": "jpg",
        "id": "56418930133f29a25822784a6c359cde",
        "name": "hngbvcfgbv.jpg",
        "path": "file:C:/Users/ragha/Downloads/rhesusmacaque/hngbvcfgbv.jpg",
        "size": {
            "width": 275,
            "height": 183
        },
        "state": 2,
        "type": 1
    },
    "regions": [
        {
            "id": "gGOPzf5eY",
            "type": "RECTANGLE",
            "tags": [
                "monkey"
            ],
            "boundingBox": {
                "height": 53.76271975242485,
                "width": 93.66541984386014,
                "left": 102.73084819765019,
                "top": 83.33220181222688
            },
            "points": [
                {
                    "x": 102.73084819765019,
                    "y": 83.33220181222688
                },
                {
                    "x": 196.39626804151033,
                    "y": 83.33220181222688
                },
                {
                    "x": 196.39626804151033,
                    "y": 137.09492156465174
                },
                {
                    "x": 102.73084819765019,
                    "y": 137.09492156465174
                }
            ]
        },
        {
            "id": "bHqcqmfqF",
            "type": "RECTANGLE",
            "tags": [
                "monkey"
            ],
            "boundingBox": {
                "height": 139.36948679261286,
                "width": 241.91730112061464,
                "left": 30.982726319391922,
                "top": 26.261018526756153
            },
            "points": [
                {
                    "x": 30.982726319391922,
                    "y": 26.261018526756153
                },
                {
                    "x": 272.90002744000657,
                    "y": 26.261018526756153
                },
                {
                    "x": 272.90002744000657,
                    "y": 165.63050531936904
                },
                {
                    "x": 30.982726319391922,
                    "y": 165.63050531936904
                }
            ]
        }
    ],
    "version": "2.2.0"
}