{
    "asset": {
        "format": "jpg",
        "id": "564498fdd19a45ce0359cff943a530d2",
        "name": "images%20-%202022-02-02T104626.334.jpg",
        "path": "file:C:/Users/ragha/Downloads/rhesusmacaque/images%20-%202022-02-02T104626.334.jpg",
        "size": {
            "width": 210,
            "height": 175
        },
        "state": 2,
        "type": 1
    },
    "regions": [
        {
            "id": "vDWzHB-Ev",
            "type": "RECTANGLE",
            "tags": [
                "monkey"
            ],
            "boundingBox": {
                "height": 147.90961055432336,
                "width": 197.8447104061351,
                "left": 12.15528959386489,
                "top": 0.9887005649717514
            },
            "points": [
                {
                    "x": 12.15528959386489,
                    "y": 0.9887005649717514
                },
                {
                    "x": 210,
                    "y": 0.9887005649717514
                },
                {
                    "x": 210,
                    "y": 148.8983111192951
                },
                {
                    "x": 12.15528959386489,
                    "y": 148.8983111192951
                }
            ]
        }
    ],
    "version": "2.2.0"
}