{
    "asset": {
        "format": "jpg",
        "id": "568f7fd982ab2222de5131d7e0954ed0",
        "name": "gfdbgffdnggfnngnfg.jpg",
        "path": "file:C:/Users/ragha/Downloads/rhesusmacaque/gfdbgffdnggfnngnfg.jpg",
        "size": {
            "width": 310,
            "height": 163
        },
        "state": 2,
        "type": 1
    },
    "regions": [
        {
            "id": "xe1JTakMz",
            "type": "RECTANGLE",
            "tags": [
                "monkey"
            ],
            "boundingBox": {
                "height": 162.7312379724839,
                "width": 270.3130165393261,
                "left": 21.557641784610766,
                "top": 0.2687620275160845
            },
            "points": [
                {
                    "x": 21.557641784610766,
                    "y": 0.2687620275160845
                },
                {
                    "x": 291.8706583239369,
                    "y": 0.2687620275160845
                },
                {
                    "x": 291.8706583239369,
                    "y": 163
                },
                {
                    "x": 21.557641784610766,
                    "y": 163
                }
            ]
        }
    ],
    "version": "2.2.0"
}