{
    "asset": {
        "format": "jpg",
        "id": "58da23290fa1da53f0ef10c1fb0b2eb9",
        "name": "dghnhgjjghndghg.jpg",
        "path": "file:C:/Users/ragha/Downloads/rhesusmacaque/dghnhgjjghndghg.jpg",
        "size": {
            "width": 271,
            "height": 186
        },
        "state": 2,
        "type": 1
    },
    "regions": [
        {
            "id": "dPRpDbK7t",
            "type": "RECTANGLE",
            "tags": [
                "monkey"
            ],
            "boundingBox": {
                "height": 145.64745401932024,
                "width": 89.15928210342659,
                "left": 131.76093438016224,
                "top": 7.986441078832595
            },
            "points": [
                {
                    "x": 131.76093438016224,
                    "y": 7.986441078832595
                },
                {
                    "x": 220.92021648358883,
                    "y": 7.986441078832595
                },
                {
                    "x": 220.92021648358883,
                    "y": 153.6338950981528
                },
                {
                    "x": 131.76093438016224,
                    "y": 153.6338950981528
                }
            ]
        }
    ],
    "version": "2.2.0"
}