{
    "asset": {
        "format": "jpg",
        "id": "598f4e0b2ac20f6a03c8bf2ff00afeda",
        "name": "images%20(62).jpg",
        "path": "file:C:/Users/ragha/Downloads/rhesusmacaque/images%20(62).jpg",
        "size": {
            "width": 251,
            "height": 201
        },
        "state": 2,
        "type": 1
    },
    "regions": [
        {
            "id": "WU7DHNQ4L",
            "type": "RECTANGLE",
            "tags": [
                "monkey"
            ],
            "boundingBox": {
                "height": 93.79999826722226,
                "width": 75.41358505870421,
                "left": 21.454963235294116,
                "top": 107.20000173277775
            },
            "points": [
                {
                    "x": 21.454963235294116,
                    "y": 107.20000173277775
                },
                {
                    "x": 96.86854829399833,
                    "y": 107.20000173277775
                },
                {
                    "x": 96.86854829399833,
                    "y": 201.00000000000003
                },
                {
                    "x": 21.454963235294116,
                    "y": 201.00000000000003
                }
            ]
        },
        {
            "id": "GvRL9BD2A",
            "type": "RECTANGLE",
            "tags": [
                "monkey"
            ],
            "boundingBox": {
                "height": 163.29829988641256,
                "width": 92.90407586421362,
                "left": 149.56718389588784,
                "top": 34.52203563108283
            },
            "points": [
                {
                    "x": 149.56718389588784,
                    "y": 34.52203563108283
                },
                {
                    "x": 242.47125976010145,
                    "y": 34.52203563108283
                },
                {
                    "x": 242.47125976010145,
                    "y": 197.82033551749538
                },
                {
                    "x": 149.56718389588784,
                    "y": 197.82033551749538
                }
            ]
        }
    ],
    "version": "2.2.0"
}