{
    "asset": {
        "format": "jpg",
        "id": "599d7b5da268b4dc515d0e2847279a4e",
        "name": "images%20-%202022-02-02T104626.297.jpg",
        "path": "file:C:/Users/ragha/Downloads/rhesusmacaque/images%20-%202022-02-02T104626.297.jpg",
        "size": {
            "width": 259,
            "height": 194
        },
        "state": 2,
        "type": 1
    },
    "regions": [
        {
            "id": "oViYacahh",
            "type": "RECTANGLE",
            "tags": [
                "monkey"
            ],
            "boundingBox": {
                "height": 177.99773760434596,
                "width": 143.68202625621447,
                "left": 64.01420454545455,
                "top": 16.002262395654018
            },
            "points": [
                {
                    "x": 64.01420454545455,
                    "y": 16.002262395654018
                },
                {
                    "x": 207.69623080166903,
                    "y": 16.002262395654018
                },
                {
                    "x": 207.69623080166903,
                    "y": 193.99999999999997
                },
                {
                    "x": 64.01420454545455,
                    "y": 193.99999999999997
                }
            ]
        },
        {
            "id": "53XyrZofo",
            "type": "RECTANGLE",
            "tags": [
                "monkey"
            ],
            "boundingBox": {
                "height": 125.6067779885847,
                "width": 42.32362898005996,
                "left": 216.67637101994004,
                "top": 40.992092067912466
            },
            "points": [
                {
                    "x": 216.67637101994004,
                    "y": 40.992092067912466
                },
                {
                    "x": 259,
                    "y": 40.992092067912466
                },
                {
                    "x": 259,
                    "y": 166.59887005649716
                },
                {
                    "x": 216.67637101994004,
                    "y": 166.59887005649716
                }
            ]
        }
    ],
    "version": "2.2.0"
}