{
    "asset": {
        "format": "jpg",
        "id": "5a358315868edcae81313bd101eab6b3",
        "name": "images%20-%202022-02-02T104626.356.jpg",
        "path": "file:C:/Users/ragha/Downloads/rhesusmacaque/images%20-%202022-02-02T104626.356.jpg",
        "size": {
            "width": 275,
            "height": 183
        },
        "state": 2,
        "type": 1
    },
    "regions": [
        {
            "id": "6z6TfcfyJ",
            "type": "RECTANGLE",
            "tags": [
                "monkey"
            ],
            "boundingBox": {
                "height": 170.43581672782327,
                "width": 167.2962310062962,
                "left": 47.94731443492366,
                "top": 9.156828774978866
            },
            "points": [
                {
                    "x": 47.94731443492366,
                    "y": 9.156828774978866
                },
                {
                    "x": 215.24354544121985,
                    "y": 9.156828774978866
                },
                {
                    "x": 215.24354544121985,
                    "y": 179.59264550280216
                },
                {
                    "x": 47.94731443492366,
                    "y": 179.59264550280216
                }
            ]
        }
    ],
    "version": "2.2.0"
}