{
    "asset": {
        "format": "jpg",
        "id": "5b433ef1a4a3e0aa825917cd6dded0de",
        "name": "tygfdvc.jpg",
        "path": "file:C:/Users/ragha/Downloads/rhesusmacaque/tygfdvc.jpg",
        "size": {
            "width": 275,
            "height": 183
        },
        "state": 2,
        "type": 1
    },
    "regions": [
        {
            "id": "Qa0X89PZm",
            "type": "RECTANGLE",
            "tags": [
                "monkey"
            ],
            "boundingBox": {
                "height": 162.37875859083326,
                "width": 127.9371250354939,
                "left": 65.96758679463025,
                "top": 19.197457811473743
            },
            "points": [
                {
                    "x": 65.96758679463025,
                    "y": 19.197457811473743
                },
                {
                    "x": 193.90471183012414,
                    "y": 19.197457811473743
                },
                {
                    "x": 193.90471183012414,
                    "y": 181.576216402307
                },
                {
                    "x": 65.96758679463025,
                    "y": 181.576216402307
                }
            ]
        }
    ],
    "version": "2.2.0"
}