{
    "asset": {
        "format": "jpg",
        "id": "5b95fd14beb0d024abd3b50972c46488",
        "name": "RCZwaWQ9QXBp%20(1).jpg",
        "path": "file:C:/Users/ragha/Downloads/rhesusmacaque/RCZwaWQ9QXBp%20(1).jpg",
        "size": {
            "width": 330,
            "height": 225
        },
        "state": 2,
        "type": 1
    },
    "regions": [
        {
            "id": "FOrhCRJtM",
            "type": "RECTANGLE",
            "tags": [
                "monkey"
            ],
            "boundingBox": {
                "height": 152.71137226427263,
                "width": 121.76540154823016,
                "left": 3.4771391790856425,
                "top": 62.76466686593548
            },
            "points": [
                {
                    "x": 3.4771391790856425,
                    "y": 62.76466686593548
                },
                {
                    "x": 125.2425407273158,
                    "y": 62.76466686593548
                },
                {
                    "x": 125.2425407273158,
                    "y": 215.4760391302081
                },
                {
                    "x": 3.4771391790856425,
                    "y": 215.4760391302081
                }
            ]
        },
        {
            "id": "kGnsUj68q",
            "type": "RECTANGLE",
            "tags": [
                "monkey"
            ],
            "boundingBox": {
                "height": 138.80467373150083,
                "width": 89.22465208747515,
                "left": 191.3737654638575,
                "top": 47.0212316374042
            },
            "points": [
                {
                    "x": 191.3737654638575,
                    "y": 47.0212316374042
                },
                {
                    "x": 280.59841755133266,
                    "y": 47.0212316374042
                },
                {
                    "x": 280.59841755133266,
                    "y": 185.82590536890504
                },
                {
                    "x": 191.3737654638575,
                    "y": 185.82590536890504
                }
            ]
        },
        {
            "id": "w021T5v3t",
            "type": "RECTANGLE",
            "tags": [
                "monkey"
            ],
            "boundingBox": {
                "height": 141.4285804370402,
                "width": 66.65606762258481,
                "left": 127.07953087141216,
                "top": 47.28361830419424
            },
            "points": [
                {
                    "x": 127.07953087141216,
                    "y": 47.28361830419424
                },
                {
                    "x": 193.73559849399697,
                    "y": 47.28361830419424
                },
                {
                    "x": 193.73559849399697,
                    "y": 188.71219874123443
                },
                {
                    "x": 127.07953087141216,
                    "y": 188.71219874123443
                }
            ]
        }
    ],
    "version": "2.2.0"
}