{
    "asset": {
        "format": "jpg",
        "id": "5ba7fd7da0acac0f7deab7a1e0408754",
        "name": "NyZwaWQ9QXBp%20(8).jpg",
        "path": "file:C:/Users/ragha/Downloads/rhesusmacaque/NyZwaWQ9QXBp%20(8).jpg",
        "size": {
            "width": 339,
            "height": 225
        },
        "state": 2,
        "type": 1
    },
    "regions": [
        {
            "id": "3mTZgWId9",
            "type": "RECTANGLE",
            "tags": [
                "monkey"
            ],
            "boundingBox": {
                "height": 205.86825730557928,
                "width": 222.67513470810874,
                "left": 46.43559265136718,
                "top": 18.00336980534171
            },
            "points": [
                {
                    "x": 46.43559265136718,
                    "y": 18.00336980534171
                },
                {
                    "x": 269.11072735947596,
                    "y": 18.00336980534171
                },
                {
                    "x": 269.11072735947596,
                    "y": 223.871627110921
                },
                {
                    "x": 46.43559265136718,
                    "y": 223.871627110921
                }
            ]
        }
    ],
    "version": "2.2.0"
}