{
    "asset": {
        "format": "jpg",
        "id": "5bddeaf81168a07b7e9a2d390fecc555",
        "name": "NCZwaWQ9QXBp%20(6).jpg",
        "path": "file:C:/Users/ragha/Downloads/rhesusmacaque/NCZwaWQ9QXBp%20(6).jpg",
        "size": {
            "width": 169,
            "height": 225
        },
        "state": 2,
        "type": 1
    },
    "regions": [
        {
            "id": "sR3Sg_li8",
            "type": "RECTANGLE",
            "tags": [
                "monkey"
            ],
            "boundingBox": {
                "height": 209.745774834843,
                "width": 134.69172932330827,
                "left": 17.75769513352473,
                "top": 8.13559273541984
            },
            "points": [
                {
                    "x": 17.75769513352473,
                    "y": 8.13559273541984
                },
                {
                    "x": 152.449424456833,
                    "y": 8.13559273541984
                },
                {
                    "x": 152.449424456833,
                    "y": 217.88136757026282
                },
                {
                    "x": 17.75769513352473,
                    "y": 217.88136757026282
                }
            ]
        }
    ],
    "version": "2.2.0"
}