{
    "asset": {
        "format": "jpg",
        "id": "5c686fb7527e66eeea65bb758fe3090c",
        "name": "images%20-%202022-02-02T104626.372.jpg",
        "path": "file:C:/Users/ragha/Downloads/rhesusmacaque/images%20-%202022-02-02T104626.372.jpg",
        "size": {
            "width": 276,
            "height": 183
        },
        "state": 2,
        "type": 1
    },
    "regions": [
        {
            "id": "WodyhQZ9C",
            "type": "RECTANGLE",
            "tags": [
                "monkey"
            ],
            "boundingBox": {
                "height": 73.52923538230885,
                "width": 68.03976143141153,
                "left": 75.55706435216824,
                "top": 19.620370227178892
            },
            "points": [
                {
                    "x": 75.55706435216824,
                    "y": 19.620370227178892
                },
                {
                    "x": 143.59682578357976,
                    "y": 19.620370227178892
                },
                {
                    "x": 143.59682578357976,
                    "y": 93.14960560948774
                },
                {
                    "x": 75.55706435216824,
                    "y": 93.14960560948774
                }
            ]
        },
        {
            "id": "u50fLMEFk",
            "type": "RECTANGLE",
            "tags": [
                "monkey"
            ],
            "boundingBox": {
                "height": 102.28245542145919,
                "width": 113.47275672139041,
                "left": 128.67196819085487,
                "top": 40.25245753435538
            },
            "points": [
                {
                    "x": 128.67196819085487,
                    "y": 40.25245753435538
                },
                {
                    "x": 242.1447249122453,
                    "y": 40.25245753435538
                },
                {
                    "x": 242.1447249122453,
                    "y": 142.53491295581458
                },
                {
                    "x": 128.67196819085487,
                    "y": 142.53491295581458
                }
            ]
        },
        {
            "id": "5ecs2bLZh",
            "type": "RECTANGLE",
            "tags": [
                "monkey"
            ],
            "boundingBox": {
                "height": 72.87076629226891,
                "width": 171.1968107128712,
                "left": 41.317695511501306,
                "top": 100.39278234570459
            },
            "points": [
                {
                    "x": 41.317695511501306,
                    "y": 100.39278234570459
                },
                {
                    "x": 212.51450622437252,
                    "y": 100.39278234570459
                },
                {
                    "x": 212.51450622437252,
                    "y": 173.2635486379735
                },
                {
                    "x": 41.317695511501306,
                    "y": 173.2635486379735
                }
            ]
        }
    ],
    "version": "2.2.0"
}