{
    "asset": {
        "format": "jpg",
        "id": "5d05ac637dca55e6cfdffdf7592b960b",
        "name": "images%20-%202022-02-02T104626.200.jpg",
        "path": "file:C:/Users/ragha/Downloads/rhesusmacaque/images%20-%202022-02-02T104626.200.jpg",
        "size": {
            "width": 180,
            "height": 281
        },
        "state": 2,
        "type": 1
    },
    "regions": [
        {
            "id": "KmtjoDcHb",
            "type": "RECTANGLE",
            "tags": [
                "monkey"
            ],
            "boundingBox": {
                "height": 243.8508510912879,
                "width": 172.71969429721915,
                "left": 7.280305702780836,
                "top": 16.19322155020331
            },
            "points": [
                {
                    "x": 7.280305702780836,
                    "y": 16.19322155020331
                },
                {
                    "x": 180,
                    "y": 16.19322155020331
                },
                {
                    "x": 180,
                    "y": 260.0440726414912
                },
                {
                    "x": 7.280305702780836,
                    "y": 260.0440726414912
                }
            ]
        }
    ],
    "version": "2.2.0"
}