{
    "asset": {
        "format": "jpg",
        "id": "5d3a62803ce427fc097263dea8912a55",
        "name": "images%20(65).jpg",
        "path": "file:C:/Users/ragha/Downloads/rhesusmacaque/images%20(65).jpg",
        "size": {
            "width": 275,
            "height": 183
        },
        "state": 2,
        "type": 1
    },
    "regions": [
        {
            "id": "8djxLyYyM",
            "type": "RECTANGLE",
            "tags": [
                "monkey"
            ],
            "boundingBox": {
                "height": 138.9559337809934,
                "width": 139.36090541065187,
                "left": 48.144378877223865,
                "top": 41.76949310302734
            },
            "points": [
                {
                    "x": 48.144378877223865,
                    "y": 41.76949310302734
                },
                {
                    "x": 187.50528428787575,
                    "y": 41.76949310302734
                },
                {
                    "x": 187.50528428787575,
                    "y": 180.72542688402075
                },
                {
                    "x": 48.144378877223865,
                    "y": 180.72542688402075
                }
            ]
        }
    ],
    "version": "2.2.0"
}