{
    "asset": {
        "format": "jpg",
        "id": "5d98f0c2da541b0521d2b8768b687021",
        "name": "images%20-%202022-02-02T104626.405.jpg",
        "path": "file:C:/Users/ragha/Downloads/rhesusmacaque/images%20-%202022-02-02T104626.405.jpg",
        "size": {
            "width": 183,
            "height": 275
        },
        "state": 2,
        "type": 1
    },
    "regions": [
        {
            "id": "hWwgpEon8",
            "type": "RECTANGLE",
            "tags": [
                "monkey"
            ],
            "boundingBox": {
                "height": 196.07344751304151,
                "width": 142.35924515450836,
                "left": 32.00557324840764,
                "top": 38.53107226096978
            },
            "points": [
                {
                    "x": 32.00557324840764,
                    "y": 38.53107226096978
                },
                {
                    "x": 174.364818402916,
                    "y": 38.53107226096978
                },
                {
                    "x": 174.364818402916,
                    "y": 234.6045197740113
                },
                {
                    "x": 32.00557324840764,
                    "y": 234.6045197740113
                }
            ]
        }
    ],
    "version": "2.2.0"
}