{
    "asset": {
        "format": "jpg",
        "id": "5eb95fd7365070aa01831cffa1ac4394",
        "name": "images%20(5).jpg",
        "path": "file:C:/Users/ragha/Downloads/rhesusmacaque/images%20(5).jpg",
        "size": {
            "width": 190,
            "height": 266
        },
        "state": 2,
        "type": 1
    },
    "regions": [
        {
            "id": "8OG05FgjL",
            "type": "RECTANGLE",
            "tags": [
                "monkey"
            ],
            "boundingBox": {
                "height": 155.39209268860898,
                "width": 151.8638833992095,
                "left": 38.136116600790515,
                "top": 98.58530844133452
            },
            "points": [
                {
                    "x": 38.136116600790515,
                    "y": 98.58530844133452
                },
                {
                    "x": 190,
                    "y": 98.58530844133452
                },
                {
                    "x": 190,
                    "y": 253.9774011299435
                },
                {
                    "x": 38.136116600790515,
                    "y": 253.9774011299435
                }
            ]
        },
        {
            "id": "MjLOoIZRu",
            "type": "RECTANGLE",
            "tags": [
                "monkey"
            ],
            "boundingBox": {
                "height": 235.0418073363223,
                "width": 188.2117163616678,
                "left": 1.7882836383322012,
                "top": 0.9016954885364252
            },
            "points": [
                {
                    "x": 1.7882836383322012,
                    "y": 0.9016954885364252
                },
                {
                    "x": 190,
                    "y": 0.9016954885364252
                },
                {
                    "x": 190,
                    "y": 235.94350282485874
                },
                {
                    "x": 1.7882836383322012,
                    "y": 235.94350282485874
                }
            ]
        }
    ],
    "version": "2.2.0"
}