{
    "asset": {
        "format": "jpg",
        "id": "5f3dde212515f60af610f74d3a2712df",
        "name": "images%20(93).jpg",
        "path": "file:C:/Users/ragha/Downloads/rhesusmacaque/images%20(93).jpg",
        "size": {
            "width": 300,
            "height": 168
        },
        "state": 2,
        "type": 1
    },
    "regions": [
        {
            "id": "AMQ14Zkdv",
            "type": "RECTANGLE",
            "tags": [
                "monkey"
            ],
            "boundingBox": {
                "height": 157.55595481967416,
                "width": 134.07553943914635,
                "left": 50.15904936591389,
                "top": 6.590944117381771
            },
            "points": [
                {
                    "x": 50.15904936591389,
                    "y": 6.590944117381771
                },
                {
                    "x": 184.23458880506024,
                    "y": 6.590944117381771
                },
                {
                    "x": 184.23458880506024,
                    "y": 164.14689893705594
                },
                {
                    "x": 50.15904936591389,
                    "y": 164.14689893705594
                }
            ]
        },
        {
            "id": "S-8yPhaDV",
            "type": "RECTANGLE",
            "tags": [
                "monkey"
            ],
            "boundingBox": {
                "height": 164.24014482786134,
                "width": 153.16104471801998,
                "left": 143.91651191483908,
                "top": 1.3390772872030416
            },
            "points": [
                {
                    "x": 143.91651191483908,
                    "y": 1.3390772872030416
                },
                {
                    "x": 297.07755663285906,
                    "y": 1.3390772872030416
                },
                {
                    "x": 297.07755663285906,
                    "y": 165.57922211506437
                },
                {
                    "x": 143.91651191483908,
                    "y": 165.57922211506437
                }
            ]
        }
    ],
    "version": "2.2.0"
}