{
    "asset": {
        "format": "jpg",
        "id": "6082a73e57349f3c30e9c1992afb3d56",
        "name": "images%20-%202022-02-02T104625.889.jpg",
        "path": "file:C:/Users/ragha/Downloads/rhesusmacaque/images%20-%202022-02-02T104625.889.jpg",
        "size": {
            "width": 295,
            "height": 171
        },
        "state": 2,
        "type": 1
    },
    "regions": [
        {
            "id": "9ZO8AP10u",
            "type": "RECTANGLE",
            "tags": [
                "monkey"
            ],
            "boundingBox": {
                "height": 123.6596885668066,
                "width": 138.17495387780738,
                "left": 136.59144771264988,
                "top": 16.418054963466847
            },
            "points": [
                {
                    "x": 136.59144771264988,
                    "y": 16.418054963466847
                },
                {
                    "x": 274.7664015904573,
                    "y": 16.418054963466847
                },
                {
                    "x": 274.7664015904573,
                    "y": 140.07774353027344
                },
                {
                    "x": 136.59144771264988,
                    "y": 140.07774353027344
                }
            ]
        }
    ],
    "version": "2.2.0"
}