{
    "asset": {
        "format": "jpg",
        "id": "610adcab09eaebe03f060b5df767633c",
        "name": "images%20-%202022-02-02T104626.336.jpg",
        "path": "file:C:/Users/ragha/Downloads/rhesusmacaque/images%20-%202022-02-02T104626.336.jpg",
        "size": {
            "width": 235,
            "height": 215
        },
        "state": 2,
        "type": 1
    },
    "regions": [
        {
            "id": "0D5qzuczH",
            "type": "RECTANGLE",
            "tags": [
                "monkey"
            ],
            "boundingBox": {
                "height": 166.4124340122029,
                "width": 196.01551499477654,
                "left": 23.116686522806646,
                "top": 31.096047977943204
            },
            "points": [
                {
                    "x": 23.116686522806646,
                    "y": 31.096047977943204
                },
                {
                    "x": 219.13220151758318,
                    "y": 31.096047977943204
                },
                {
                    "x": 219.13220151758318,
                    "y": 197.5084819901461
                },
                {
                    "x": 23.116686522806646,
                    "y": 197.5084819901461
                }
            ]
        }
    ],
    "version": "2.2.0"
}