{
    "asset": {
        "format": "jpg",
        "id": "612e5cf0327c0311424d1d16531f1c89",
        "name": "images%20(52).jpg",
        "path": "file:C:/Users/ragha/Downloads/rhesusmacaque/images%20(52).jpg",
        "size": {
            "width": 300,
            "height": 168
        },
        "state": 2,
        "type": 1
    },
    "regions": [
        {
            "id": "SVOoDrpdD",
            "type": "RECTANGLE",
            "tags": [
                "monkey"
            ],
            "boundingBox": {
                "height": 162.1670577135373,
                "width": 244.94845704040245,
                "left": 45.60450202634431,
                "top": 5.832942286462687
            },
            "points": [
                {
                    "x": 45.60450202634431,
                    "y": 5.832942286462687
                },
                {
                    "x": 290.5529590667467,
                    "y": 5.832942286462687
                },
                {
                    "x": 290.5529590667467,
                    "y": 168
                },
                {
                    "x": 45.60450202634431,
                    "y": 168
                }
            ]
        }
    ],
    "version": "2.2.0"
}