{
    "asset": {
        "format": "jpg",
        "id": "61c7eeb2f6f1f86d6ff0ae1e41cbe7b0",
        "name": "images%20(45).jpg",
        "path": "file:C:/Users/ragha/Downloads/rhesusmacaque/images%20(45).jpg",
        "size": {
            "width": 259,
            "height": 194
        },
        "state": 2,
        "type": 1
    },
    "regions": [
        {
            "id": "iF14_cWJw",
            "type": "RECTANGLE",
            "tags": [
                "monkey"
            ],
            "boundingBox": {
                "height": 136.34802427130228,
                "width": 84.32558975058429,
                "left": 18.757645621108203,
                "top": 42.088137265652584
            },
            "points": [
                {
                    "x": 18.757645621108203,
                    "y": 42.088137265652584
                },
                {
                    "x": 103.08323537169248,
                    "y": 42.088137265652584
                },
                {
                    "x": 103.08323537169248,
                    "y": 178.43616153695487
                },
                {
                    "x": 18.757645621108203,
                    "y": 178.43616153695487
                }
            ]
        },
        {
            "id": "SufDTHVCl",
            "type": "RECTANGLE",
            "tags": [
                "monkey"
            ],
            "boundingBox": {
                "height": 151.47345552606097,
                "width": 49.06215979029714,
                "left": 108.1208574807165,
                "top": 30.908475412487306
            },
            "points": [
                {
                    "x": 108.1208574807165,
                    "y": 30.908475412487306
                },
                {
                    "x": 157.18301727101363,
                    "y": 30.908475412487306
                },
                {
                    "x": 157.18301727101363,
                    "y": 182.38193093854827
                },
                {
                    "x": 108.1208574807165,
                    "y": 182.38193093854827
                }
            ]
        },
        {
            "id": "p59QjzmNC",
            "type": "RECTANGLE",
            "tags": [
                "monkey"
            ],
            "boundingBox": {
                "height": 137.88249340165132,
                "width": 94.61988317638824,
                "left": 136.15638213530656,
                "top": 14.02937769485732
            },
            "points": [
                {
                    "x": 136.15638213530656,
                    "y": 14.02937769485732
                },
                {
                    "x": 230.7762653116948,
                    "y": 14.02937769485732
                },
                {
                    "x": 230.7762653116948,
                    "y": 151.91187109650863
                },
                {
                    "x": 136.15638213530656,
                    "y": 151.91187109650863
                }
            ]
        }
    ],
    "version": "2.2.0"
}