{
    "asset": {
        "format": "jpg",
        "id": "61c9a904f9838688fc9d71453616824a",
        "name": "NyZwaWQ9QXBp%20(4).jpg",
        "path": "file:C:/Users/ragha/Downloads/rhesusmacaque/NyZwaWQ9QXBp%20(4).jpg",
        "size": {
            "width": 339,
            "height": 225
        },
        "state": 2,
        "type": 1
    },
    "regions": [
        {
            "id": "8RzehJKuo",
            "type": "RECTANGLE",
            "tags": [
                "monkey"
            ],
            "boundingBox": {
                "height": 220.7391461926306,
                "width": 302.471572633292,
                "left": 11.389867005243927,
                "top": 4.260853807369393
            },
            "points": [
                {
                    "x": 11.389867005243927,
                    "y": 4.260853807369393
                },
                {
                    "x": 313.86143963853596,
                    "y": 4.260853807369393
                },
                {
                    "x": 313.86143963853596,
                    "y": 225
                },
                {
                    "x": 11.389867005243927,
                    "y": 225
                }
            ]
        }
    ],
    "version": "2.2.0"
}