{
    "asset": {
        "format": "jpg",
        "id": "623f8e5f2eaff77ec1519eb069bf7750",
        "name": "76yghbv.jpg",
        "path": "file:C:/Users/ragha/Downloads/rhesusmacaque/76yghbv.jpg",
        "size": {
            "width": 275,
            "height": 183
        },
        "state": 2,
        "type": 1
    },
    "regions": [
        {
            "id": "LFgt79L_h",
            "type": "RECTANGLE",
            "tags": [
                "monkey"
            ],
            "boundingBox": {
                "height": 143.29830350714212,
                "width": 234.4736834217731,
                "left": 6.790999362343236,
                "top": 25.22712022167141
            },
            "points": [
                {
                    "x": 6.790999362343236,
                    "y": 25.22712022167141
                },
                {
                    "x": 241.26468278411633,
                    "y": 25.22712022167141
                },
                {
                    "x": 241.26468278411633,
                    "y": 168.52542372881354
                },
                {
                    "x": 6.790999362343236,
                    "y": 168.52542372881354
                }
            ]
        }
    ],
    "version": "2.2.0"
}