{
    "asset": {
        "format": "jpg",
        "id": "62c1415fc10dab6c92257327411b38bc",
        "name": "jghjtyjhgjg.jpg",
        "path": "file:C:/Users/ragha/Downloads/rhesusmacaque/jghjtyjhgjg.jpg",
        "size": {
            "width": 197,
            "height": 255
        },
        "state": 2,
        "type": 1
    },
    "regions": [
        {
            "id": "U5KHWTacBO",
            "type": "RECTANGLE",
            "tags": [
                "monkey"
            ],
            "boundingBox": {
                "height": 140.3220306008549,
                "width": 104.87459306176446,
                "left": 63.48927365709267,
                "top": 24.203388731358412
            },
            "points": [
                {
                    "x": 63.48927365709267,
                    "y": 24.203388731358412
                },
                {
                    "x": 168.36386671885714,
                    "y": 24.203388731358412
                },
                {
                    "x": 168.36386671885714,
                    "y": 164.52541933221332
                },
                {
                    "x": 63.48927365709267,
                    "y": 164.52541933221332
                }
            ]
        }
    ],
    "version": "2.2.0"
}