{
    "asset": {
        "format": "jpg",
        "id": "63296cbc595515e648606c97ecbe8c18",
        "name": "images%20(31).jpg",
        "path": "file:C:/Users/ragha/Downloads/rhesusmacaque/images%20(31).jpg",
        "size": {
            "width": 275,
            "height": 183
        },
        "state": 2,
        "type": 1
    },
    "regions": [
        {
            "id": "mWF0iwIj_",
            "type": "RECTANGLE",
            "tags": [
                "monkey"
            ],
            "boundingBox": {
                "height": 150.53560347476247,
                "width": 125.71428413677931,
                "left": 34.91130090297612,
                "top": 14.267795821367683
            },
            "points": [
                {
                    "x": 34.91130090297612,
                    "y": 14.267795821367683
                },
                {
                    "x": 160.62558503975544,
                    "y": 14.267795821367683
                },
                {
                    "x": 160.62558503975544,
                    "y": 164.80339929613015
                },
                {
                    "x": 34.91130090297612,
                    "y": 164.80339929613015
                }
            ]
        }
    ],
    "version": "2.2.0"
}