{
    "asset": {
        "format": "jpg",
        "id": "637440aaaebdef172cbe8d8b44177540",
        "name": "images%20(59).jpg",
        "path": "file:C:/Users/ragha/Downloads/rhesusmacaque/images%20(59).jpg",
        "size": {
            "width": 275,
            "height": 183
        },
        "state": 2,
        "type": 1
    },
    "regions": [
        {
            "id": "-aRqB_8o1",
            "type": "RECTANGLE",
            "tags": [
                "monkey"
            ],
            "boundingBox": {
                "height": 147.22712810968946,
                "width": 212.5564051750011,
                "left": 33.67070255422951,
                "top": 12.406779661016948
            },
            "points": [
                {
                    "x": 33.67070255422951,
                    "y": 12.406779661016948
                },
                {
                    "x": 246.2271077292306,
                    "y": 12.406779661016948
                },
                {
                    "x": 246.2271077292306,
                    "y": 159.63390777070643
                },
                {
                    "x": 33.67070255422951,
                    "y": 159.63390777070643
                }
            ]
        }
    ],
    "version": "2.2.0"
}