{
    "asset": {
        "format": "jpg",
        "id": "63d9448d2b9118089abf70556297eae0",
        "name": "657675thgf.jpg",
        "path": "file:C:/Users/ragha/Downloads/rhesusmacaque/657675thgf.jpg",
        "size": {
            "width": 299,
            "height": 168
        },
        "state": 2,
        "type": 1
    },
    "regions": [
        {
            "id": "S_Hil6AvS",
            "type": "RECTANGLE",
            "tags": [
                "monkey"
            ],
            "boundingBox": {
                "height": 159.75425452740242,
                "width": 242.33850724024535,
                "left": 36.9336508667793,
                "top": 3.4111870206855173
            },
            "points": [
                {
                    "x": 36.9336508667793,
                    "y": 3.4111870206855173
                },
                {
                    "x": 279.27215810702467,
                    "y": 3.4111870206855173
                },
                {
                    "x": 279.27215810702467,
                    "y": 163.16544154808795
                },
                {
                    "x": 36.9336508667793,
                    "y": 163.16544154808795
                }
            ]
        }
    ],
    "version": "2.2.0"
}