{
    "asset": {
        "format": "jpg",
        "id": "64055b118d214da449399b3e5a171437",
        "name": "65ytthggfh.jpg",
        "path": "file:C:/Users/karan/Pictures/rhesusmacaque/65ytthggfh.jpg",
        "size": {
            "width": 217,
            "height": 232
        },
        "state": 2,
        "type": 1,
        "predicted": true
    },
    "regions": [
        {
            "id": "8KLbJ9AQWv",
            "type": "RECTANGLE",
            "tags": [
                "Monkey"
            ],
            "boundingBox": {
                "left": 1.2570692002773285,
                "top": 1.6606171131134033,
                "width": 212.23907974362376,
                "height": 228.1592996120453
            },
            "points": [
                {
                    "x": 1.2570692002773285,
                    "y": 1.6606171131134033
                },
                {
                    "x": 213.4961489439011,
                    "y": 1.6606171131134033
                },
                {
                    "x": 213.4961489439011,
                    "y": 229.8199167251587
                },
                {
                    "x": 1.2570692002773285,
                    "y": 229.8199167251587
                }
            ]
        }
    ],
    "version": "2.2.0"
}