{
    "asset": {
        "format": "jpg",
        "id": "644d5c580fe00e3f3e7485c343656eae",
        "name": "images%20(67).jpg",
        "path": "file:C:/Users/ragha/Downloads/rhesusmacaque/images%20(67).jpg",
        "size": {
            "width": 245,
            "height": 205
        },
        "state": 2,
        "type": 1
    },
    "regions": [
        {
            "id": "oPiDf5787",
            "type": "RECTANGLE",
            "tags": [
                "monkey"
            ],
            "boundingBox": {
                "height": 187.62711864406782,
                "width": 158.93143854524507,
                "left": 57.15941787611508,
                "top": 17.372881355932204
            },
            "points": [
                {
                    "x": 57.15941787611508,
                    "y": 17.372881355932204
                },
                {
                    "x": 216.09085642136014,
                    "y": 17.372881355932204
                },
                {
                    "x": 216.09085642136014,
                    "y": 205.00000000000003
                },
                {
                    "x": 57.15941787611508,
                    "y": 205.00000000000003
                }
            ]
        }
    ],
    "version": "2.2.0"
}