{
    "asset": {
        "format": "jpg",
        "id": "644ea64764c606102eb5651f0e5295d7",
        "name": "uyjthrgbfv.jpg",
        "path": "file:C:/Users/ragha/Downloads/rhesusmacaque/uyjthrgbfv.jpg",
        "size": {
            "width": 189,
            "height": 266
        },
        "state": 2,
        "type": 1
    },
    "regions": [
        {
            "id": "Vdd8Fw7JZ",
            "type": "RECTANGLE",
            "tags": [
                "monkey"
            ],
            "boundingBox": {
                "height": 209.1932214855474,
                "width": 166.831013916501,
                "left": 17.561401973898796,
                "top": 34.26440563309664
            },
            "points": [
                {
                    "x": 17.561401973898796,
                    "y": 34.26440563309664
                },
                {
                    "x": 184.3924158903998,
                    "y": 34.26440563309664
                },
                {
                    "x": 184.3924158903998,
                    "y": 243.45762711864404
                },
                {
                    "x": 17.561401973898796,
                    "y": 243.45762711864404
                }
            ]
        }
    ],
    "version": "2.2.0"
}