{
    "asset": {
        "format": "jpg",
        "id": "64af80e0812d2865ad86c563d8817db2",
        "name": "images%20-%202022-02-02T104625.814.jpg",
        "path": "file:C:/Users/ragha/Downloads/rhesusmacaque/images%20-%202022-02-02T104625.814.jpg",
        "size": {
            "width": 225,
            "height": 225
        },
        "state": 2,
        "type": 1
    },
    "regions": [
        {
            "id": "cW22ZDObN",
            "type": "RECTANGLE",
            "tags": [
                "monkey"
            ],
            "boundingBox": {
                "height": 88.47457433150986,
                "width": 85.67796804137149,
                "left": 5.847455687442068,
                "top": 52.37288717496193
            },
            "points": [
                {
                    "x": 5.847455687442068,
                    "y": 52.37288717496193
                },
                {
                    "x": 91.52542372881355,
                    "y": 52.37288717496193
                },
                {
                    "x": 91.52542372881355,
                    "y": 140.8474615064718
                },
                {
                    "x": 5.847455687442068,
                    "y": 140.8474615064718
                }
            ]
        },
        {
            "id": "J-Ux5YHSW",
            "type": "RECTANGLE",
            "tags": [
                "monkey"
            ],
            "boundingBox": {
                "height": 110.84746344614837,
                "width": 62.54236900200278,
                "left": 100.42372881355932,
                "top": 36.101696854930815
            },
            "points": [
                {
                    "x": 100.42372881355932,
                    "y": 36.101696854930815
                },
                {
                    "x": 162.9660978155621,
                    "y": 36.101696854930815
                },
                {
                    "x": 162.9660978155621,
                    "y": 146.9491603010792
                },
                {
                    "x": 100.42372881355932,
                    "y": 146.9491603010792
                }
            ]
        },
        {
            "id": "XnfyNz-6k",
            "type": "RECTANGLE",
            "tags": [
                "monkey"
            ],
            "boundingBox": {
                "height": 106.52541790978381,
                "width": 34.83053950940148,
                "left": 177.20338207180217,
                "top": 70.80509056479242
            },
            "points": [
                {
                    "x": 177.20338207180217,
                    "y": 70.80509056479242
                },
                {
                    "x": 212.0339215812036,
                    "y": 70.80509056479242
                },
                {
                    "x": 212.0339215812036,
                    "y": 177.33050847457622
                },
                {
                    "x": 177.20338207180217,
                    "y": 177.33050847457622
                }
            ]
        }
    ],
    "version": "2.2.0"
}