{
    "asset": {
        "format": "jpg",
        "id": "652c253b1a948e0f7f64e36b3e1cccef",
        "name": "NyZwaWQ9QXBp%20(7).jpg",
        "path": "file:C:/Users/ragha/Downloads/rhesusmacaque/NyZwaWQ9QXBp%20(7).jpg",
        "size": {
            "width": 339,
            "height": 225
        },
        "state": 2,
        "type": 1
    },
    "regions": [
        {
            "id": "T5IjZCqXl",
            "type": "RECTANGLE",
            "tags": [
                "monkey"
            ],
            "boundingBox": {
                "height": 108.86228983987591,
                "width": 83.57057654075545,
                "left": 162.89523685523577,
                "top": 91.02731778950034
            },
            "points": [
                {
                    "x": 162.89523685523577,
                    "y": 91.02731778950034
                },
                {
                    "x": 246.46581339599123,
                    "y": 91.02731778950034
                },
                {
                    "x": 246.46581339599123,
                    "y": 199.88960762937626
                },
                {
                    "x": 162.89523685523577,
                    "y": 199.88960762937626
                }
            ]
        },
        {
            "id": "ZO1CzVb8-",
            "type": "RECTANGLE",
            "tags": [
                "monkey"
            ],
            "boundingBox": {
                "height": 219.12237869765232,
                "width": 170.71311304536064,
                "left": 168.28688695463933,
                "top": 5.8776213023476975
            },
            "points": [
                {
                    "x": 168.28688695463933,
                    "y": 5.8776213023476975
                },
                {
                    "x": 339,
                    "y": 5.8776213023476975
                },
                {
                    "x": 339,
                    "y": 225
                },
                {
                    "x": 168.28688695463933,
                    "y": 225
                }
            ]
        }
    ],
    "version": "2.2.0"
}