{
    "asset": {
        "format": "jpg",
        "id": "66e0a02844ce3ae3297bdbec0e5f82c2",
        "name": "SyZwaWQ9QXBp%20(2).jpg",
        "path": "file:C:/Users/ragha/Downloads/rhesusmacaque/SyZwaWQ9QXBp%20(2).jpg",
        "size": {
            "width": 233,
            "height": 225
        },
        "state": 2,
        "type": 1
    },
    "regions": [
        {
            "id": "f1a3_UjxM",
            "type": "RECTANGLE",
            "tags": [
                "monkey"
            ],
            "boundingBox": {
                "height": 163.47456948231843,
                "width": 173.6851470655829,
                "left": 21.929174155200162,
                "top": 13.474579180701303
            },
            "points": [
                {
                    "x": 21.929174155200162,
                    "y": 13.474579180701303
                },
                {
                    "x": 195.61432122078307,
                    "y": 13.474579180701303
                },
                {
                    "x": 195.61432122078307,
                    "y": 176.9491486630197
                },
                {
                    "x": 21.929174155200162,
                    "y": 176.9491486630197
                }
            ]
        }
    ],
    "version": "2.2.0"
}