{
    "asset": {
        "format": "jpg",
        "id": "66e306a3ab245b8264c21c62bf6619d0",
        "name": "OCZwaWQ9QXBp%20(9).jpg",
        "path": "file:C:/Users/ragha/Downloads/rhesusmacaque/OCZwaWQ9QXBp%20(9).jpg",
        "size": {
            "width": 338,
            "height": 225
        },
        "state": 2,
        "type": 1
    },
    "regions": [
        {
            "id": "71r-O_fOq",
            "type": "RECTANGLE",
            "tags": [
                "monkey"
            ],
            "boundingBox": {
                "height": 184.83583421849494,
                "width": 115.30974565206418,
                "left": 105.16302186878728,
                "top": 9.415577845786935
            },
            "points": [
                {
                    "x": 105.16302186878728,
                    "y": 9.415577845786935
                },
                {
                    "x": 220.47276752085148,
                    "y": 9.415577845786935
                },
                {
                    "x": 220.47276752085148,
                    "y": 194.25141206428188
                },
                {
                    "x": 105.16302186878728,
                    "y": 194.25141206428188
                }
            ]
        },
        {
            "id": "1PaKesfXo",
            "type": "RECTANGLE",
            "tags": [
                "monkey"
            ],
            "boundingBox": {
                "height": 58.29849926393424,
                "width": 141.11334058636464,
                "left": 138.49264823655722,
                "top": 119.56483670135043
            },
            "points": [
                {
                    "x": 138.49264823655722,
                    "y": 119.56483670135043
                },
                {
                    "x": 279.60598882292186,
                    "y": 119.56483670135043
                },
                {
                    "x": 279.60598882292186,
                    "y": 177.86333596528468
                },
                {
                    "x": 138.49264823655722,
                    "y": 177.86333596528468
                }
            ]
        }
    ],
    "version": "2.2.0"
}