{
    "asset": {
        "format": "jpg",
        "id": "6746a088937f76e7d57ee11bf02b6d4a",
        "name": "fgbvcx.jpg",
        "path": "file:C:/Users/ragha/Downloads/rhesusmacaque/fgbvcx.jpg",
        "size": {
            "width": 255,
            "height": 197
        },
        "state": 2,
        "type": 1
    },
    "regions": [
        {
            "id": "naoQAMNzo",
            "type": "RECTANGLE",
            "tags": [
                "monkey"
            ],
            "boundingBox": {
                "height": 191.88022556412693,
                "width": 137.03817303074098,
                "left": 3.7054286944307187,
                "top": 2.893785735308114
            },
            "points": [
                {
                    "x": 3.7054286944307187,
                    "y": 2.893785735308114
                },
                {
                    "x": 140.7436017251717,
                    "y": 2.893785735308114
                },
                {
                    "x": 140.7436017251717,
                    "y": 194.77401129943505
                },
                {
                    "x": 3.7054286944307187,
                    "y": 194.77401129943505
                }
            ]
        },
        {
            "id": "dT_n5v1Lm",
            "type": "RECTANGLE",
            "tags": [
                "monkey"
            ],
            "boundingBox": {
                "height": 138.67910283837617,
                "width": 98.55182310747087,
                "left": 151.4218903419886,
                "top": 53.201133340092035
            },
            "points": [
                {
                    "x": 151.4218903419886,
                    "y": 53.201133340092035
                },
                {
                    "x": 249.97371344945947,
                    "y": 53.201133340092035
                },
                {
                    "x": 249.97371344945947,
                    "y": 191.88023617846818
                },
                {
                    "x": 151.4218903419886,
                    "y": 191.88023617846818
                }
            ]
        }
    ],
    "version": "2.2.0"
}