{
    "asset": {
        "format": "jpg",
        "id": "685eb7bd892f79a70e8e545cb8642891",
        "name": "657rtyhgfcb.jpg",
        "path": "file:C:/Users/karan/Pictures/rhesusmacaque/657rtyhgfcb.jpg",
        "size": {
            "width": 195,
            "height": 258
        },
        "state": 2,
        "type": 1,
        "predicted": true
    },
    "regions": [
        {
            "id": "b2zQQlgVXG",
            "type": "RECTANGLE",
            "tags": [
                "Monkey"
            ],
            "boundingBox": {
                "left": 14.94438350200653,
                "top": 8.775739252567291,
                "width": 165.6321483850479,
                "height": 246.55377906560895
            },
            "points": [
                {
                    "x": 14.94438350200653,
                    "y": 8.775739252567291
                },
                {
                    "x": 180.57653188705444,
                    "y": 8.775739252567291
                },
                {
                    "x": 180.57653188705444,
                    "y": 255.32951831817624
                },
                {
                    "x": 14.94438350200653,
                    "y": 255.32951831817624
                }
            ]
        }
    ],
    "version": "2.2.0"
}