{
    "asset": {
        "format": "jpg",
        "id": "68626fb2c9c3b60aeda18dfceb03365a",
        "name": "SyZwaWQ9QXBp%20(1).jpg",
        "path": "file:C:/Users/ragha/Downloads/rhesusmacaque/SyZwaWQ9QXBp%20(1).jpg",
        "size": {
            "width": 401,
            "height": 225
        },
        "state": 2,
        "type": 1
    },
    "regions": [
        {
            "id": "98QkLEjH1",
            "type": "RECTANGLE",
            "tags": [
                "monkey"
            ],
            "boundingBox": {
                "height": 173.69527265612172,
                "width": 320.80002163810207,
                "left": 44.82692273332937,
                "top": 12.13659764171273
            },
            "points": [
                {
                    "x": 44.82692273332937,
                    "y": 12.13659764171273
                },
                {
                    "x": 365.6269443714314,
                    "y": 12.13659764171273
                },
                {
                    "x": 365.6269443714314,
                    "y": 185.83187029783446
                },
                {
                    "x": 44.82692273332937,
                    "y": 185.83187029783446
                }
            ]
        }
    ],
    "version": "2.2.0"
}