{
    "asset": {
        "format": "jpg",
        "id": "686af53ea3b939f7ed77d9548f4f62ff",
        "name": "56yethgf.jpg",
        "path": "file:C:/Users/ragha/Downloads/rhesusmacaque/56yethgf.jpg",
        "size": {
            "width": 259,
            "height": 194
        },
        "state": 2,
        "type": 1
    },
    "regions": [
        {
            "id": "KgPtKUmMc",
            "type": "RECTANGLE",
            "tags": [
                "monkey"
            ],
            "boundingBox": {
                "height": 171.85989453159482,
                "width": 187.04949151133886,
                "left": 47.66927519913204,
                "top": 16.221468090337545
            },
            "points": [
                {
                    "x": 47.66927519913204,
                    "y": 16.221468090337545
                },
                {
                    "x": 234.7187667104709,
                    "y": 16.221468090337545
                },
                {
                    "x": 234.7187667104709,
                    "y": 188.08136262193236
                },
                {
                    "x": 47.66927519913204,
                    "y": 188.08136262193236
                }
            ]
        }
    ],
    "version": "2.2.0"
}