{
    "asset": {
        "format": "jpg",
        "id": "688675f676a60e971a68d62fcbbe2e4d",
        "name": "dSZwaWQ9QXBp.jpg",
        "path": "file:C:/Users/ragha/Downloads/rhesusmacaque/dSZwaWQ9QXBp.jpg",
        "size": {
            "width": 291,
            "height": 225
        },
        "state": 2,
        "type": 1
    },
    "regions": [
        {
            "id": "3WsU6t3X5",
            "type": "RECTANGLE",
            "tags": [
                "monkey"
            ],
            "boundingBox": {
                "height": 187.88136466074798,
                "width": 200.268983999194,
                "left": 72.73412929351673,
                "top": 21.35593123355154
            },
            "points": [
                {
                    "x": 72.73412929351673,
                    "y": 21.35593123355154
                },
                {
                    "x": 273.00311329271074,
                    "y": 21.35593123355154
                },
                {
                    "x": 273.00311329271074,
                    "y": 209.2372958942995
                },
                {
                    "x": 72.73412929351673,
                    "y": 209.2372958942995
                }
            ]
        }
    ],
    "version": "2.2.0"
}