{
    "asset": {
        "format": "jpg",
        "id": "69fbf62c60e998019120ed326d7ae56c",
        "name": "images%20-%202022-02-02T104626.034.jpg",
        "path": "file:C:/Users/ragha/Downloads/rhesusmacaque/images%20-%202022-02-02T104626.034.jpg",
        "size": {
            "width": 183,
            "height": 275
        },
        "state": 2,
        "type": 1
    },
    "regions": [
        {
            "id": "k9yJ3RmHd",
            "type": "RECTANGLE",
            "tags": [
                "monkey"
            ],
            "boundingBox": {
                "height": 244.8587517280363,
                "width": 147.3324888192924,
                "left": 16.464171974522294,
                "top": 5.593220931662005
            },
            "points": [
                {
                    "x": 16.464171974522294,
                    "y": 5.593220931662005
                },
                {
                    "x": 163.7966607938147,
                    "y": 5.593220931662005
                },
                {
                    "x": 163.7966607938147,
                    "y": 250.45197265969833
                },
                {
                    "x": 16.464171974522294,
                    "y": 250.45197265969833
                }
            ]
        }
    ],
    "version": "2.2.0"
}