{
    "asset": {
        "format": "jpg",
        "id": "6a3686385e84c09009f7b92de97b67f0",
        "name": "images%20(61).jpg",
        "path": "file:C:/Users/ragha/Downloads/rhesusmacaque/images%20(61).jpg",
        "size": {
            "width": 295,
            "height": 171
        },
        "state": 2,
        "type": 1
    },
    "regions": [
        {
            "id": "7BL6ggHjJ",
            "type": "RECTANGLE",
            "tags": [
                "monkey"
            ],
            "boundingBox": {
                "height": 130.3805816798534,
                "width": 93.55951096481995,
                "left": 23.168702344527954,
                "top": 14.40218531043784
            },
            "points": [
                {
                    "x": 23.168702344527954,
                    "y": 14.40218531043784
                },
                {
                    "x": 116.72821330934791,
                    "y": 14.40218531043784
                },
                {
                    "x": 116.72821330934791,
                    "y": 144.78276699029126
                },
                {
                    "x": 23.168702344527954,
                    "y": 144.78276699029126
                }
            ]
        }
    ],
    "version": "2.2.0"
}