{
    "asset": {
        "format": "jpg",
        "id": "6a5747411f4d7bab5b8dd81cd879297b",
        "name": "5u64yhtrgd.jpg",
        "path": "file:C:/Users/karan/Pictures/rhesusmacaque/5u64yhtrgd.jpg",
        "size": {
            "width": 275,
            "height": 183
        },
        "state": 2,
        "type": 1,
        "predicted": true
    },
    "regions": [
        {
            "id": "wKpmzSV-JE",
            "type": "RECTANGLE",
            "tags": [
                "Monkey"
            ],
            "boundingBox": {
                "left": 80.97387701272964,
                "top": 14.985916703939438,
                "width": 93.89364570379257,
                "height": 152.11103501915932
            },
            "points": [
                {
                    "x": 80.97387701272964,
                    "y": 14.985916703939438
                },
                {
                    "x": 174.86752271652222,
                    "y": 14.985916703939438
                },
                {
                    "x": 174.86752271652222,
                    "y": 167.09695172309875
                },
                {
                    "x": 80.97387701272964,
                    "y": 167.09695172309875
                }
            ]
        }
    ],
    "version": "2.2.0"
}