{
    "asset": {
        "format": "jpg",
        "id": "6a8c67a2cab2ba0836dab7afb7e3257c",
        "name": "OCZwaWQ9QXBp%20(26).jpg",
        "path": "file:C:/Users/ragha/Downloads/rhesusmacaque/OCZwaWQ9QXBp%20(26).jpg",
        "size": {
            "width": 338,
            "height": 225
        },
        "state": 2,
        "type": 1
    },
    "regions": [
        {
            "id": "iiBitO98f",
            "type": "RECTANGLE",
            "tags": [
                "monkey"
            ],
            "boundingBox": {
                "height": 181.88060418883367,
                "width": 300.5713738200679,
                "left": 37.42862617993213,
                "top": 32.78871422383323
            },
            "points": [
                {
                    "x": 37.42862617993213,
                    "y": 32.78871422383323
                },
                {
                    "x": 338,
                    "y": 32.78871422383323
                },
                {
                    "x": 338,
                    "y": 214.6693184126669
                },
                {
                    "x": 37.42862617993213,
                    "y": 214.6693184126669
                }
            ]
        }
    ],
    "version": "2.2.0"
}