{
    "asset": {
        "format": "jpg",
        "id": "6adbeb9782efe37b19beb261eaeb39a8",
        "name": "images%20(19).jpg",
        "path": "file:C:/Users/ragha/Downloads/rhesusmacaque/images%20(19).jpg",
        "size": {
            "width": 100,
            "height": 100
        },
        "state": 2,
        "type": 1
    },
    "regions": [
        {
            "id": "mUdHPdSmH",
            "type": "RECTANGLE",
            "tags": [
                "monkey"
            ],
            "boundingBox": {
                "height": 90.62146871103405,
                "width": 71.07344805184057,
                "left": 20.381354208046435,
                "top": 3.7288137748416537
            },
            "points": [
                {
                    "x": 20.381354208046435,
                    "y": 3.7288137748416537
                },
                {
                    "x": 91.454802259887,
                    "y": 3.7288137748416537
                },
                {
                    "x": 91.454802259887,
                    "y": 94.35028248587571
                },
                {
                    "x": 20.381354208046435,
                    "y": 94.35028248587571
                }
            ]
        }
    ],
    "version": "2.2.0"
}