{
    "asset": {
        "format": "jpg",
        "id": "6b236c29bb6d48d24c349a2a69c30362",
        "name": "NyZwaWQ9QXBp.jpg",
        "path": "file:C:/Users/ragha/Downloads/rhesusmacaque/NyZwaWQ9QXBp.jpg",
        "size": {
            "width": 281,
            "height": 225
        },
        "state": 2,
        "type": 1
    },
    "regions": [
        {
            "id": "WI6gyn4OM",
            "type": "RECTANGLE",
            "tags": [
                "monkey"
            ],
            "boundingBox": {
                "height": 202.88135884171825,
                "width": 238.0235352321987,
                "left": 4.358835729538585,
                "top": 12.966102664753542
            },
            "points": [
                {
                    "x": 4.358835729538585,
                    "y": 12.966102664753542
                },
                {
                    "x": 242.3823709617373,
                    "y": 12.966102664753542
                },
                {
                    "x": 242.3823709617373,
                    "y": 215.84746150647177
                },
                {
                    "x": 4.358835729538585,
                    "y": 215.84746150647177
                }
            ]
        },
        {
            "id": "8CNupL_Xg",
            "type": "RECTANGLE",
            "tags": [
                "monkey"
            ],
            "boundingBox": {
                "height": 81.86440871933759,
                "width": 215.390952166389,
                "left": 49.11539293522209,
                "top": 92.28813365354375
            },
            "points": [
                {
                    "x": 49.11539293522209,
                    "y": 92.28813365354375
                },
                {
                    "x": 264.5063451016111,
                    "y": 92.28813365354375
                },
                {
                    "x": 264.5063451016111,
                    "y": 174.15254237288136
                },
                {
                    "x": 49.11539293522209,
                    "y": 174.15254237288136
                }
            ]
        }
    ],
    "version": "2.2.0"
}