{
    "asset": {
        "format": "jpg",
        "id": "6b62d3802ad4ac0221c697123d271d6f",
        "name": "images%20-%202022-02-02T104626.346.jpg",
        "path": "file:C:/Users/ragha/Downloads/rhesusmacaque/images%20-%202022-02-02T104626.346.jpg",
        "size": {
            "width": 273,
            "height": 184
        },
        "state": 2,
        "type": 1
    },
    "regions": [
        {
            "id": "iygooXrWL",
            "type": "RECTANGLE",
            "tags": [
                "monkey"
            ],
            "boundingBox": {
                "height": 136.99586689366703,
                "width": 244.8858830355271,
                "left": 23.500796884950066,
                "top": 30.673451741536457
            },
            "points": [
                {
                    "x": 23.500796884950066,
                    "y": 30.673451741536457
                },
                {
                    "x": 268.38667992047715,
                    "y": 30.673451741536457
                },
                {
                    "x": 268.38667992047715,
                    "y": 167.6693186352035
                },
                {
                    "x": 23.500796884950066,
                    "y": 167.6693186352035
                }
            ]
        }
    ],
    "version": "2.2.0"
}