{
    "asset": {
        "format": "jpg",
        "id": "6b95686e58d9bef8364618a2b6398278",
        "name": "6tryhgfd.jpg",
        "path": "file:C:/Users/karan/Pictures/rhesusmacaque/6tryhgfd.jpg",
        "size": {
            "width": 263,
            "height": 191
        },
        "state": 2,
        "type": 1,
        "predicted": true
    },
    "regions": [
        {
            "id": "3Sc3QPPrrk",
            "type": "RECTANGLE",
            "tags": [
                "Monkey"
            ],
            "boundingBox": {
                "height": 128.39402410387993,
                "width": 76.54284679889678,
                "left": 141.86515918392806,
                "top": 12.413083082024668
            },
            "points": [
                {
                    "x": 141.86515918392806,
                    "y": 12.413083082024668
                },
                {
                    "x": 218.40800598282485,
                    "y": 12.413083082024668
                },
                {
                    "x": 218.40800598282485,
                    "y": 140.80710718590458
                },
                {
                    "x": 141.86515918392806,
                    "y": 140.80710718590458
                }
            ]
        },
        {
            "id": "ZGVGawrYtv",
            "type": "RECTANGLE",
            "tags": [
                "Monkey"
            ],
            "boundingBox": {
                "left": 48.650485932826996,
                "top": 59.050987631082535,
                "width": 56.93469899892807,
                "height": 106.14568516612053
            },
            "points": [
                {
                    "x": 48.650485932826996,
                    "y": 59.050987631082535
                },
                {
                    "x": 105.58518493175507,
                    "y": 59.050987631082535
                },
                {
                    "x": 105.58518493175507,
                    "y": 165.19667279720306
                },
                {
                    "x": 48.650485932826996,
                    "y": 165.19667279720306
                }
            ]
        },
        {
            "id": "sa9cXSk-Yy",
            "type": "RECTANGLE",
            "tags": [
                "Monkey"
            ],
            "boundingBox": {
                "height": 84.92155730724335,
                "width": 72.5668904185295,
                "left": 78.47586845601879,
                "top": 81.97796336371145
            },
            "points": [
                {
                    "x": 78.47586845601879,
                    "y": 81.97796336371145
                },
                {
                    "x": 151.0427588745483,
                    "y": 81.97796336371145
                },
                {
                    "x": 151.0427588745483,
                    "y": 166.8995206709548
                },
                {
                    "x": 78.47586845601879,
                    "y": 166.8995206709548
                }
            ]
        }
    ],
    "version": "2.2.0"
}