{
    "asset": {
        "format": "jpg",
        "id": "6c05c0bd31721e05767104a30a0eeca1",
        "name": "SiZwaWQ9QXBp.jpg",
        "path": "file:C:/Users/ragha/Downloads/rhesusmacaque/SiZwaWQ9QXBp.jpg",
        "size": {
            "width": 150,
            "height": 225
        },
        "state": 2,
        "type": 1
    },
    "regions": [
        {
            "id": "wwhlsnAPO",
            "type": "RECTANGLE",
            "tags": [
                "monkey"
            ],
            "boundingBox": {
                "height": 181.2711845010014,
                "width": 137.0339021844379,
                "left": 12.966097815562103,
                "top": 43.72881549899861
            },
            "points": [
                {
                    "x": 12.966097815562103,
                    "y": 43.72881549899861
                },
                {
                    "x": 150,
                    "y": 43.72881549899861
                },
                {
                    "x": 150,
                    "y": 225
                },
                {
                    "x": 12.966097815562103,
                    "y": 225
                }
            ]
        }
    ],
    "version": "2.2.0"
}