{
    "asset": {
        "format": "jpg",
        "id": "6c9a8690731c04993d2fd9d7fb4e0696",
        "name": "aiZwaWQ9QXBp%20(6).jpg",
        "path": "file:C:/Users/ragha/Downloads/rhesusmacaque/aiZwaWQ9QXBp%20(6).jpg",
        "size": {
            "width": 300,
            "height": 225
        },
        "state": 2,
        "type": 1
    },
    "regions": [
        {
            "id": "8W8zOTPb5",
            "type": "RECTANGLE",
            "tags": [
                "monkey"
            ],
            "boundingBox": {
                "height": 171.86441744788218,
                "width": 116.18645231602555,
                "left": 78.01906779661017,
                "top": 15.508475546109473
            },
            "points": [
                {
                    "x": 78.01906779661017,
                    "y": 15.508475546109473
                },
                {
                    "x": 194.20552011263572,
                    "y": 15.508475546109473
                },
                {
                    "x": 194.20552011263572,
                    "y": 187.37289299399166
                },
                {
                    "x": 78.01906779661017,
                    "y": 187.37289299399166
                }
            ]
        }
    ],
    "version": "2.2.0"
}