{
    "asset": {
        "format": "jpg",
        "id": "6ceb4f4c95e0885dfc27c1ea4e0b7cf5",
        "name": "images%20(50).jpg",
        "path": "file:C:/Users/ragha/Downloads/rhesusmacaque/images%20(50).jpg",
        "size": {
            "width": 266,
            "height": 190
        },
        "state": 2,
        "type": 1
    },
    "regions": [
        {
            "id": "MaG_y5tXd",
            "type": "RECTANGLE",
            "tags": [
                "monkey"
            ],
            "boundingBox": {
                "height": 179.90960288182492,
                "width": 219.45671203182158,
                "left": 30.572559529909817,
                "top": 10.090397118175098
            },
            "points": [
                {
                    "x": 30.572559529909817,
                    "y": 10.090397118175098
                },
                {
                    "x": 250.02927156173138,
                    "y": 10.090397118175098
                },
                {
                    "x": 250.02927156173138,
                    "y": 190.00000000000003
                },
                {
                    "x": 30.572559529909817,
                    "y": 190.00000000000003
                }
            ]
        }
    ],
    "version": "2.2.0"
}