{
    "asset": {
        "format": "jpg",
        "id": "6d99ebec2a7a319894f72035a860f4c1",
        "name": "cyZwaWQ9QXBp%20(1).jpg",
        "path": "file:C:/Users/ragha/Downloads/rhesusmacaque/cyZwaWQ9QXBp%20(1).jpg",
        "size": {
            "width": 452,
            "height": 225
        },
        "state": 2,
        "type": 1
    },
    "regions": [
        {
            "id": "R5JWlqxka",
            "type": "RECTANGLE",
            "tags": [
                "monkey"
            ],
            "boundingBox": {
                "height": 203.38983697406314,
                "width": 236.20921307092755,
                "left": 122.25604757149864,
                "top": 12.701273772676112
            },
            "points": [
                {
                    "x": 122.25604757149864,
                    "y": 12.701273772676112
                },
                {
                    "x": 358.4652606424262,
                    "y": 12.701273772676112
                },
                {
                    "x": 358.4652606424262,
                    "y": 216.09111074673928
                },
                {
                    "x": 122.25604757149864,
                    "y": 216.09111074673928
                }
            ]
        }
    ],
    "version": "2.2.0"
}