{
    "asset": {
        "format": "jpg",
        "id": "6ecaf70b3a529bd1fcf3dbad9df37d85",
        "name": "images%20-%202022-02-02T104626.378.jpg",
        "path": "file:C:/Users/ragha/Downloads/rhesusmacaque/images%20-%202022-02-02T104626.378.jpg",
        "size": {
            "width": 225,
            "height": 225
        },
        "state": 2,
        "type": 1
    },
    "regions": [
        {
            "id": "4I3QLn9_yI",
            "type": "RECTANGLE",
            "tags": [
                "monkey"
            ],
            "boundingBox": {
                "height": 171.6101791899083,
                "width": 138.5593220338983,
                "left": 47.542384519415386,
                "top": 24.661018888829116
            },
            "points": [
                {
                    "x": 47.542384519415386,
                    "y": 24.661018888829116
                },
                {
                    "x": 186.10170655331368,
                    "y": 24.661018888829116
                },
                {
                    "x": 186.10170655331368,
                    "y": 196.2711980787374
                },
                {
                    "x": 47.542384519415386,
                    "y": 196.2711980787374
                }
            ]
        }
    ],
    "version": "2.2.0"
}