{
    "asset": {
        "format": "jpg",
        "id": "6f259a77cd1c071370dd530516fb8f83",
        "name": "546ytrhgfgd.jpg",
        "path": "file:C:/Users/karan/Pictures/rhesusmacaque/546ytrhgfgd.jpg",
        "size": {
            "width": 276,
            "height": 182
        },
        "state": 2,
        "type": 1,
        "predicted": true
    },
    "regions": [
        {
            "id": "4o5N4M01we",
            "type": "RECTANGLE",
            "tags": [
                "Monkey"
            ],
            "boundingBox": {
                "height": 179.21741127967834,
                "width": 207.8431077003479,
                "left": 63.09303682774497,
                "top": 1.508498379678437
            },
            "points": [
                {
                    "x": 63.09303682774497,
                    "y": 1.508498379678437
                },
                {
                    "x": 270.9361445280928,
                    "y": 1.508498379678437
                },
                {
                    "x": 270.9361445280928,
                    "y": 180.72590965935677
                },
                {
                    "x": 63.09303682774497,
                    "y": 180.72590965935677
                }
            ]
        }
    ],
    "version": "2.2.0"
}