{
    "asset": {
        "format": "jpg",
        "id": "6f298e344796666f286784d929e97ee1",
        "name": "images%20(73).jpg",
        "path": "file:C:/Users/ragha/Downloads/rhesusmacaque/images%20(73).jpg",
        "size": {
            "width": 184,
            "height": 274
        },
        "state": 2,
        "type": 1
    },
    "regions": [
        {
            "id": "LAc8ERkz7",
            "type": "RECTANGLE",
            "tags": [
                "monkey"
            ],
            "boundingBox": {
                "height": 264.4022587059581,
                "width": 174.16083264802631,
                "left": 6.827368421052632,
                "top": 9.597741294041866
            },
            "points": [
                {
                    "x": 6.827368421052632,
                    "y": 9.597741294041866
                },
                {
                    "x": 180.98820106907894,
                    "y": 9.597741294041866
                },
                {
                    "x": 180.98820106907894,
                    "y": 274
                },
                {
                    "x": 6.827368421052632,
                    "y": 274
                }
            ]
        }
    ],
    "version": "2.2.0"
}