{
    "asset": {
        "format": "jpg",
        "id": "6f402b42a876baaf67ff606e64079838",
        "name": "images%20-%202022-02-02T104626.387.jpg",
        "path": "file:C:/Users/ragha/Downloads/rhesusmacaque/images%20-%202022-02-02T104626.387.jpg",
        "size": {
            "width": 192,
            "height": 263
        },
        "state": 2,
        "type": 1
    },
    "regions": [
        {
            "id": "dIbTElMlj",
            "type": "RECTANGLE",
            "tags": [
                "monkey"
            ],
            "boundingBox": {
                "height": 243.08927743987175,
                "width": 149.73772213491296,
                "left": 10.263834320599614,
                "top": 7.132205090280307
            },
            "points": [
                {
                    "x": 10.263834320599614,
                    "y": 7.132205090280307
                },
                {
                    "x": 160.00155645551257,
                    "y": 7.132205090280307
                },
                {
                    "x": 160.00155645551257,
                    "y": 250.22148253015206
                },
                {
                    "x": 10.263834320599614,
                    "y": 250.22148253015206
                }
            ]
        }
    ],
    "version": "2.2.0"
}