{
    "asset": {
        "format": "jpg",
        "id": "6f5cefc61ffa4b6fcd925f90faf12e5f",
        "name": "images%20(79).jpg",
        "path": "file:C:/Users/ragha/Downloads/rhesusmacaque/images%20(79).jpg",
        "size": {
            "width": 259,
            "height": 194
        },
        "state": 2,
        "type": 1
    },
    "regions": [
        {
            "id": "XwgMqUiF_",
            "type": "RECTANGLE",
            "tags": [
                "monkey"
            ],
            "boundingBox": {
                "height": 112.67344131038686,
                "width": 46.8718849488595,
                "left": 108.55892247528656,
                "top": 33.31977568373168
            },
            "points": [
                {
                    "x": 108.55892247528656,
                    "y": 33.31977568373168
                },
                {
                    "x": 155.43080742414608,
                    "y": 33.31977568373168
                },
                {
                    "x": 155.43080742414608,
                    "y": 145.99321699411854
                },
                {
                    "x": 108.55892247528656,
                    "y": 145.99321699411854
                }
            ]
        }
    ],
    "version": "2.2.0"
}