{
    "asset": {
        "format": "jpg",
        "id": "70540d613305d0734e0535eab61d004c",
        "name": "tdyjghjghg.jpg",
        "path": "file:C:/Users/ragha/Downloads/rhesusmacaque/tdyjghjghg.jpg",
        "size": {
            "width": 275,
            "height": 183
        },
        "state": 2,
        "type": 1
    },
    "regions": [
        {
            "id": "sNg4AuiVv",
            "type": "RECTANGLE",
            "tags": [
                "monkey"
            ],
            "boundingBox": {
                "height": 124.71935552411374,
                "width": 96.16895874263261,
                "left": 156.94990176817288,
                "top": 58.28064447588625
            },
            "points": [
                {
                    "x": 156.94990176817288,
                    "y": 58.28064447588625
                },
                {
                    "x": 253.1188605108055,
                    "y": 58.28064447588625
                },
                {
                    "x": 253.1188605108055,
                    "y": 182.99999999999997
                },
                {
                    "x": 156.94990176817288,
                    "y": 182.99999999999997
                }
            ]
        },
        {
            "id": "6rCbAJsD4",
            "type": "RECTANGLE",
            "tags": [
                "monkey"
            ],
            "boundingBox": {
                "height": 150.07079646017698,
                "width": 55.32416173189234,
                "left": 110.27014082213515,
                "top": 23.94789781823622
            },
            "points": [
                {
                    "x": 110.27014082213515,
                    "y": 23.94789781823622
                },
                {
                    "x": 165.59430255402748,
                    "y": 23.94789781823622
                },
                {
                    "x": 165.59430255402748,
                    "y": 174.0186942784132
                },
                {
                    "x": 110.27014082213515,
                    "y": 174.0186942784132
                }
            ]
        },
        {
            "id": "WMtvXZVEy",
            "type": "RECTANGLE",
            "tags": [
                "monkey"
            ],
            "boundingBox": {
                "height": 167.34513274336283,
                "width": 57.05304024027466,
                "left": 44.788806518075035,
                "top": 12.071791623545957
            },
            "points": [
                {
                    "x": 44.788806518075035,
                    "y": 12.071791623545957
                },
                {
                    "x": 101.8418467583497,
                    "y": 12.071791623545957
                },
                {
                    "x": 101.8418467583497,
                    "y": 179.41692436690877
                },
                {
                    "x": 44.788806518075035,
                    "y": 179.41692436690877
                }
            ]
        }
    ],
    "version": "2.2.0"
}