{
    "asset": {
        "format": "jpg",
        "id": "70ca9a2db8f52627d6c77a3e5d438371",
        "name": "SyZwaWQ9QXBp.jpg",
        "path": "file:C:/Users/ragha/Downloads/rhesusmacaque/SyZwaWQ9QXBp.jpg",
        "size": {
            "width": 149,
            "height": 225
        },
        "state": 2,
        "type": 1
    },
    "regions": [
        {
            "id": "CU10CjnXI",
            "type": "RECTANGLE",
            "tags": [
                "monkey"
            ],
            "boundingBox": {
                "height": 168.30507941165212,
                "width": 117.67506106118404,
                "left": 5.603388739547242,
                "top": 4.830509929333703
            },
            "points": [
                {
                    "x": 5.603388739547242,
                    "y": 4.830509929333703
                },
                {
                    "x": 123.27844980073128,
                    "y": 4.830509929333703
                },
                {
                    "x": 123.27844980073128,
                    "y": 173.13558934098583
                },
                {
                    "x": 5.603388739547242,
                    "y": 173.13558934098583
                }
            ]
        },
        {
            "id": "EBfaQOsL8",
            "type": "RECTANGLE",
            "tags": [
                "monkey"
            ],
            "boundingBox": {
                "height": 61.52543536687301,
                "width": 86.1594921510611,
                "left": 53.89336741758562,
                "top": 150.25423340878243
            },
            "points": [
                {
                    "x": 53.89336741758562,
                    "y": 150.25423340878243
                },
                {
                    "x": 140.05285956864674,
                    "y": 150.25423340878243
                },
                {
                    "x": 140.05285956864674,
                    "y": 211.77966877565544
                },
                {
                    "x": 53.89336741758562,
                    "y": 211.77966877565544
                }
            ]
        }
    ],
    "version": "2.2.0"
}