{
    "asset": {
        "format": "jpg",
        "id": "71e6f03d8429501d87c1717be710bb66",
        "name": "OCZwaWQ9QXBp%20(28).jpg",
        "path": "file:C:/Users/ragha/Downloads/rhesusmacaque/OCZwaWQ9QXBp%20(28).jpg",
        "size": {
            "width": 338,
            "height": 225
        },
        "state": 2,
        "type": 1
    },
    "regions": [
        {
            "id": "EtfNDZ-hd",
            "type": "RECTANGLE",
            "tags": [
                "monkey"
            ],
            "boundingBox": {
                "height": 178.92538440761282,
                "width": 194.87076509449165,
                "left": 61.35069787573388,
                "top": 18.012594820848154
            },
            "points": [
                {
                    "x": 61.35069787573388,
                    "y": 18.012594820848154
                },
                {
                    "x": 256.22146297022556,
                    "y": 18.012594820848154
                },
                {
                    "x": 256.22146297022556,
                    "y": 196.937979228461
                },
                {
                    "x": 61.35069787573388,
                    "y": 196.937979228461
                }
            ]
        }
    ],
    "version": "2.2.0"
}