{
    "asset": {
        "format": "jpg",
        "id": "72676f59d344f432669bcd2f6634e1de",
        "name": "images%20-%202022-02-02T104626.339.jpg",
        "path": "file:C:/Users/ragha/Downloads/rhesusmacaque/images%20-%202022-02-02T104626.339.jpg",
        "size": {
            "width": 275,
            "height": 183
        },
        "state": 2,
        "type": 1
    },
    "regions": [
        {
            "id": "Cx-VjBBvC",
            "type": "RECTANGLE",
            "tags": [
                "monkey"
            ],
            "boundingBox": {
                "height": 137.8782139564628,
                "width": 182.82305829330656,
                "left": 15.581510934393638,
                "top": 26.855934086130624
            },
            "points": [
                {
                    "x": 15.581510934393638,
                    "y": 26.855934086130624
                },
                {
                    "x": 198.4045692277002,
                    "y": 26.855934086130624
                },
                {
                    "x": 198.4045692277002,
                    "y": 164.73414804259343
                },
                {
                    "x": 15.581510934393638,
                    "y": 164.73414804259343
                }
            ]
        }
    ],
    "version": "2.2.0"
}