{
    "asset": {
        "format": "jpg",
        "id": "7280ff6b7ac71f98ae400f78d49e0645",
        "name": "YSZwaWQ9QXBp%20(1).jpg",
        "path": "file:C:/Users/ragha/Downloads/rhesusmacaque/YSZwaWQ9QXBp%20(1).jpg",
        "size": {
            "width": 225,
            "height": 225
        },
        "state": 2,
        "type": 1
    },
    "regions": [
        {
            "id": "GsfY76luA",
            "type": "RECTANGLE",
            "tags": [
                "monkey"
            ],
            "boundingBox": {
                "height": 216.1017021890414,
                "width": 204.40677384198722,
                "left": 20.466099755238677,
                "top": 7.118644552715754
            },
            "points": [
                {
                    "x": 20.466099755238677,
                    "y": 7.118644552715754
                },
                {
                    "x": 224.8728735972259,
                    "y": 7.118644552715754
                },
                {
                    "x": 224.8728735972259,
                    "y": 223.22034674175714
                },
                {
                    "x": 20.466099755238677,
                    "y": 223.22034674175714
                }
            ]
        }
    ],
    "version": "2.2.0"
}