{
    "asset": {
        "format": "jpg",
        "id": "7288c222ead23bdb936bfb3ea66c784a",
        "name": "images%20(75).jpg",
        "path": "file:C:/Users/ragha/Downloads/rhesusmacaque/images%20(75).jpg",
        "size": {
            "width": 295,
            "height": 171
        },
        "state": 2,
        "type": 1
    },
    "regions": [
        {
            "id": "VHSmCykhe",
            "type": "RECTANGLE",
            "tags": [
                "monkey"
            ],
            "boundingBox": {
                "height": 149.86020008568624,
                "width": 138.23805060918463,
                "left": 12.994376757263355,
                "top": 9.975000844418423
            },
            "points": [
                {
                    "x": 12.994376757263355,
                    "y": 9.975000844418423
                },
                {
                    "x": 151.23242736644798,
                    "y": 9.975000844418423
                },
                {
                    "x": 151.23242736644798,
                    "y": 159.83520093010466
                },
                {
                    "x": 12.994376757263355,
                    "y": 159.83520093010466
                }
            ]
        },
        {
            "id": "gJAXKDHri",
            "type": "RECTANGLE",
            "tags": [
                "monkey"
            ],
            "boundingBox": {
                "height": 153.62330012645535,
                "width": 120.76475763723128,
                "left": 166.0515565166098,
                "top": 6.65461249490386
            },
            "points": [
                {
                    "x": 166.0515565166098,
                    "y": 6.65461249490386
                },
                {
                    "x": 286.81631415384106,
                    "y": 6.65461249490386
                },
                {
                    "x": 286.81631415384106,
                    "y": 160.2779126213592
                },
                {
                    "x": 166.0515565166098,
                    "y": 160.2779126213592
                }
            ]
        }
    ],
    "version": "2.2.0"
}