{
    "asset": {
        "format": "jpg",
        "id": "730d8110fef6f43862223737665a05f2",
        "name": "65trgfdh.jpg",
        "path": "file:C:/Users/ragha/Downloads/rhesusmacaque/65trgfdh.jpg",
        "size": {
            "width": 259,
            "height": 194
        },
        "state": 2,
        "type": 1
    },
    "regions": [
        {
            "id": "Cks7RPC44",
            "type": "RECTANGLE",
            "tags": [
                "monkey"
            ],
            "boundingBox": {
                "height": 173.394351118702,
                "width": 248.15815457430753,
                "left": 4.082810867664426,
                "top": 10.741242101636983
            },
            "points": [
                {
                    "x": 4.082810867664426,
                    "y": 10.741242101636983
                },
                {
                    "x": 252.24096544197195,
                    "y": 10.741242101636983
                },
                {
                    "x": 252.24096544197195,
                    "y": 184.13559322033896
                },
                {
                    "x": 4.082810867664426,
                    "y": 184.13559322033896
                }
            ]
        }
    ],
    "version": "2.2.0"
}