{
    "asset": {
        "format": "jpg",
        "id": "73300b47b2e0cb0e5d95dc4c1cf40f6b",
        "name": "images%20(76).jpg",
        "path": "file:C:/Users/ragha/Downloads/rhesusmacaque/images%20(76).jpg",
        "size": {
            "width": 270,
            "height": 187
        },
        "state": 2,
        "type": 1
    },
    "regions": [
        {
            "id": "6Upeva41F",
            "type": "RECTANGLE",
            "tags": [
                "monkey"
            ],
            "boundingBox": {
                "height": 140.51413235421907,
                "width": 109.90216070425254,
                "left": 16.439091632044246,
                "top": 14.157063758979408
            },
            "points": [
                {
                    "x": 16.439091632044246,
                    "y": 14.157063758979408
                },
                {
                    "x": 126.34125233629678,
                    "y": 14.157063758979408
                },
                {
                    "x": 126.34125233629678,
                    "y": 154.67119611319848
                },
                {
                    "x": 16.439091632044246,
                    "y": 154.67119611319848
                }
            ]
        },
        {
            "id": "xaY00P9UZ",
            "type": "RECTANGLE",
            "tags": [
                "monkey"
            ],
            "boundingBox": {
                "height": 162.2779765802588,
                "width": 143.50685254001803,
                "left": 111.3353685950113,
                "top": 15.636157386047017
            },
            "points": [
                {
                    "x": 111.3353685950113,
                    "y": 15.636157386047017
                },
                {
                    "x": 254.84222113502935,
                    "y": 15.636157386047017
                },
                {
                    "x": 254.84222113502935,
                    "y": 177.91413396630583
                },
                {
                    "x": 111.3353685950113,
                    "y": 177.91413396630583
                }
            ]
        }
    ],
    "version": "2.2.0"
}