{
    "asset": {
        "format": "jpg",
        "id": "736e22433ba4b6b7d191eed4fb5ee984",
        "name": "images%20(60).jpg",
        "path": "file:C:/Users/ragha/Downloads/rhesusmacaque/images%20(60).jpg",
        "size": {
            "width": 300,
            "height": 168
        },
        "state": 2,
        "type": 1
    },
    "regions": [
        {
            "id": "z1YQ6AqTz",
            "type": "RECTANGLE",
            "tags": [
                "monkey"
            ],
            "boundingBox": {
                "height": 144.28896063865227,
                "width": 199.96250656685658,
                "left": 20.412372850098116,
                "top": 10.10317554282504
            },
            "points": [
                {
                    "x": 20.412372850098116,
                    "y": 10.10317554282504
                },
                {
                    "x": 220.37487941695468,
                    "y": 10.10317554282504
                },
                {
                    "x": 220.37487941695468,
                    "y": 154.3921361814773
                },
                {
                    "x": 20.412372850098116,
                    "y": 154.3921361814773
                }
            ]
        }
    ],
    "version": "2.2.0"
}