{
    "asset": {
        "format": "jpg",
        "id": "73dd53966a510cfccd58a9336d15a12f",
        "name": "657657th.jpg",
        "path": "file:C:/Users/karan/Pictures/rhesusmacaque/657657th.jpg",
        "size": {
            "width": 226,
            "height": 223
        },
        "state": 2,
        "type": 1,
        "predicted": true
    },
    "regions": [
        {
            "id": "vw90aEy2L",
            "type": "RECTANGLE",
            "tags": [
                "Monkey"
            ],
            "boundingBox": {
                "height": 53.819264069264065,
                "width": 105.99786324786325,
                "left": 19.00687767094017,
                "top": 97.74350649350649
            },
            "points": [
                {
                    "x": 19.00687767094017,
                    "y": 97.74350649350649
                },
                {
                    "x": 125.00474091880342,
                    "y": 97.74350649350649
                },
                {
                    "x": 125.00474091880342,
                    "y": 151.56277056277057
                },
                {
                    "x": 19.00687767094017,
                    "y": 151.56277056277057
                }
            ]
        }
    ],
    "version": "2.2.0"
}