{
    "asset": {
        "format": "jpg",
        "id": "74863b491bda0cdec3aa006f0e698956",
        "name": "images%20(77).jpg",
        "path": "file:C:/Users/ragha/Downloads/rhesusmacaque/images%20(77).jpg",
        "size": {
            "width": 183,
            "height": 276
        },
        "state": 2,
        "type": 1
    },
    "regions": [
        {
            "id": "PLEqwO0Z5",
            "type": "RECTANGLE",
            "tags": [
                "monkey"
            ],
            "boundingBox": {
                "height": 246.06101575948426,
                "width": 120.54639723757481,
                "left": 7.874830919630984,
                "top": 12.786441867634402
            },
            "points": [
                {
                    "x": 7.874830919630984,
                    "y": 12.786441867634402
                },
                {
                    "x": 128.42122815720577,
                    "y": 12.786441867634402
                },
                {
                    "x": 128.42122815720577,
                    "y": 258.8474576271187
                },
                {
                    "x": 7.874830919630984,
                    "y": 258.8474576271187
                }
            ]
        },
        {
            "id": "bwfI6_Z33",
            "type": "RECTANGLE",
            "tags": [
                "monkey"
            ],
            "boundingBox": {
                "height": 135.66101694915255,
                "width": 119.30043503781583,
                "left": 53.352272975191156,
                "top": 120.0677966101695
            },
            "points": [
                {
                    "x": 53.352272975191156,
                    "y": 120.0677966101695
                },
                {
                    "x": 172.652708013007,
                    "y": 120.0677966101695
                },
                {
                    "x": 172.652708013007,
                    "y": 255.72881355932205
                },
                {
                    "x": 53.352272975191156,
                    "y": 255.72881355932205
                }
            ]
        }
    ],
    "version": "2.2.0"
}