{
    "asset": {
        "format": "jpg",
        "id": "7509fd220b2250402ea3fb0ac52b6a52",
        "name": "rdgfzcx.jpg",
        "path": "file:C:/Users/ragha/Downloads/rhesusmacaque/rdgfzcx.jpg",
        "size": {
            "width": 275,
            "height": 183
        },
        "state": 2,
        "type": 1
    },
    "regions": [
        {
            "id": "a9eQ3XOsN",
            "type": "RECTANGLE",
            "tags": [
                "monkey"
            ],
            "boundingBox": {
                "height": 167.81373384390304,
                "width": 104.53279317017815,
                "left": 121.42644468880079,
                "top": 8.064291461546029
            },
            "points": [
                {
                    "x": 121.42644468880079,
                    "y": 8.064291461546029
                },
                {
                    "x": 225.95923785897892,
                    "y": 8.064291461546029
                },
                {
                    "x": 225.95923785897892,
                    "y": 175.87802530544906
                },
                {
                    "x": 121.42644468880079,
                    "y": 175.87802530544906
                }
            ]
        },
        {
            "id": "0sbN5z9OV",
            "type": "RECTANGLE",
            "tags": [
                "monkey"
            ],
            "boundingBox": {
                "height": 67.30029684038304,
                "width": 64.51291412292845,
                "left": 52.97714218230655,
                "top": 90.44160239376238
            },
            "points": [
                {
                    "x": 52.97714218230655,
                    "y": 90.44160239376238
                },
                {
                    "x": 117.49005630523499,
                    "y": 90.44160239376238
                },
                {
                    "x": 117.49005630523499,
                    "y": 157.74189923414542
                },
                {
                    "x": 52.97714218230655,
                    "y": 157.74189923414542
                }
            ]
        }
    ],
    "version": "2.2.0"
}