{
    "asset": {
        "format": "jpg",
        "id": "75423074cca6854b4f1fbadddc9c899c",
        "name": "RyZwaWQ9QXBp.jpg",
        "path": "file:C:/Users/ragha/Downloads/rhesusmacaque/RyZwaWQ9QXBp.jpg",
        "size": {
            "width": 150,
            "height": 225
        },
        "state": 2,
        "type": 1
    },
    "regions": [
        {
            "id": "Hg27PqsNp",
            "type": "RECTANGLE",
            "tags": [
                "monkey"
            ],
            "boundingBox": {
                "height": 119.49153512211169,
                "width": 93.30509638382216,
                "left": 44.11016561217227,
                "top": 56.44067990577827
            },
            "points": [
                {
                    "x": 44.11016561217227,
                    "y": 56.44067990577827
                },
                {
                    "x": 137.41526199599443,
                    "y": 56.44067990577827
                },
                {
                    "x": 137.41526199599443,
                    "y": 175.93221502788995
                },
                {
                    "x": 44.11016561217227,
                    "y": 175.93221502788995
                }
            ]
        },
        {
            "id": "9auVvmEBE",
            "type": "RECTANGLE",
            "tags": [
                "monkey"
            ],
            "boundingBox": {
                "height": 177.71186343694137,
                "width": 97.62712252342094,
                "left": 30.889834387827726,
                "top": 7.881356902041677
            },
            "points": [
                {
                    "x": 30.889834387827726,
                    "y": 7.881356902041677
                },
                {
                    "x": 128.51695691124868,
                    "y": 7.881356902041677
                },
                {
                    "x": 128.51695691124868,
                    "y": 185.59322033898303
                },
                {
                    "x": 30.889834387827726,
                    "y": 185.59322033898303
                }
            ]
        }
    ],
    "version": "2.2.0"
}