{
    "asset": {
        "format": "jpg",
        "id": "75a7081216fee3af6e0cf85100341d70",
        "name": "ytnfdgndfgntygb.jpg",
        "path": "file:C:/Users/ragha/Downloads/rhesusmacaque/ytnfdgndfgntygb.jpg",
        "size": {
            "width": 275,
            "height": 183
        },
        "state": 2,
        "type": 1
    },
    "regions": [
        {
            "id": "0ThlhCWPT",
            "type": "RECTANGLE",
            "tags": [
                "monkey"
            ],
            "boundingBox": {
                "height": 155.25309652142818,
                "width": 196.87621635631868,
                "left": 26.419454848133977,
                "top": 17.685951739285898
            },
            "points": [
                {
                    "x": 26.419454848133977,
                    "y": 17.685951739285898
                },
                {
                    "x": 223.29567120445265,
                    "y": 17.685951739285898
                },
                {
                    "x": 223.29567120445265,
                    "y": 172.9390482607141
                },
                {
                    "x": 26.419454848133977,
                    "y": 172.9390482607141
                }
            ]
        }
    ],
    "version": "2.2.0"
}