{
    "asset": {
        "format": "jpg",
        "id": "761f4e9482a7cdf71639e3bb88f37687",
        "name": "images%20(81).jpg",
        "path": "file:C:/Users/ragha/Downloads/rhesusmacaque/images%20(81).jpg",
        "size": {
            "width": 225,
            "height": 225
        },
        "state": 2,
        "type": 1
    },
    "regions": [
        {
            "id": "mGZ7zIYKg",
            "type": "RECTANGLE",
            "tags": [
                "monkey"
            ],
            "boundingBox": {
                "height": 193.474574816429,
                "width": 157.11867122326868,
                "left": 40.93219951047735,
                "top": 7.372882810689635
            },
            "points": [
                {
                    "x": 40.93219951047735,
                    "y": 7.372882810689635
                },
                {
                    "x": 198.05087073374602,
                    "y": 7.372882810689635
                },
                {
                    "x": 198.05087073374602,
                    "y": 200.84745762711864
                },
                {
                    "x": 40.93219951047735,
                    "y": 200.84745762711864
                }
            ]
        }
    ],
    "version": "2.2.0"
}