{
    "asset": {
        "format": "jpg",
        "id": "767867a1d7c6f5271c7b4b4a39640657",
        "name": "VSZwaWQ9QXBp%20(1).jpg",
        "path": "file:C:/Users/ragha/Downloads/rhesusmacaque/VSZwaWQ9QXBp%20(1).jpg",
        "size": {
            "width": 179,
            "height": 225
        },
        "state": 2,
        "type": 1
    },
    "regions": [
        {
            "id": "rq5VC0wjNf",
            "type": "RECTANGLE",
            "tags": [
                "monkey"
            ],
            "boundingBox": {
                "height": 139.57627021660238,
                "width": 91.31225965374527,
                "left": 56.47799151405348,
                "top": 25.677967071533203
            },
            "points": [
                {
                    "x": 56.47799151405348,
                    "y": 25.677967071533203
                },
                {
                    "x": 147.79025116779874,
                    "y": 25.677967071533203
                },
                {
                    "x": 147.79025116779874,
                    "y": 165.25423728813558
                },
                {
                    "x": 56.47799151405348,
                    "y": 165.25423728813558
                }
            ]
        }
    ],
    "version": "2.2.0"
}