{
    "asset": {
        "format": "jpg",
        "id": "7708f5717113022b0d5cbb27a55f0292",
        "name": "images%20-%202022-02-02T104626.337.jpg",
        "path": "file:C:/Users/ragha/Downloads/rhesusmacaque/images%20-%202022-02-02T104626.337.jpg",
        "size": {
            "width": 259,
            "height": 194
        },
        "state": 2,
        "type": 1
    },
    "regions": [
        {
            "id": "ZGJ-Wb0_I",
            "type": "RECTANGLE",
            "tags": [
                "monkey"
            ],
            "boundingBox": {
                "height": 110.04293534445897,
                "width": 56.0710325987092,
                "left": 49.77741807610993,
                "top": 39.23841724287992
            },
            "points": [
                {
                    "x": 49.77741807610993,
                    "y": 39.23841724287992
                },
                {
                    "x": 105.84845067481913,
                    "y": 39.23841724287992
                },
                {
                    "x": 105.84845067481913,
                    "y": 149.2813525873389
                },
                {
                    "x": 49.77741807610993,
                    "y": 149.2813525873389
                }
            ]
        },
        {
            "id": "It2YwVZds",
            "type": "RECTANGLE",
            "tags": [
                "monkey"
            ],
            "boundingBox": {
                "height": 85.71073948057357,
                "width": 54.97589517799039,
                "left": 107.60067723215761,
                "top": 45.15706716418939
            },
            "points": [
                {
                    "x": 107.60067723215761,
                    "y": 45.15706716418939
                },
                {
                    "x": 162.57657241014797,
                    "y": 45.15706716418939
                },
                {
                    "x": 162.57657241014797,
                    "y": 130.86780664476296
                },
                {
                    "x": 107.60067723215761,
                    "y": 130.86780664476296
                }
            ]
        },
        {
            "id": "m1uAl_dP5",
            "type": "RECTANGLE",
            "tags": [
                "monkey"
            ],
            "boundingBox": {
                "height": 58.090395480225986,
                "width": 65.48922110107938,
                "left": 164.10975811496596,
                "top": 76.50395814712438
            },
            "points": [
                {
                    "x": 164.10975811496596,
                    "y": 76.50395814712438
                },
                {
                    "x": 229.59897921604534,
                    "y": 76.50395814712438
                },
                {
                    "x": 229.59897921604534,
                    "y": 134.59435362735036
                },
                {
                    "x": 164.10975811496596,
                    "y": 134.59435362735036
                }
            ]
        }
    ],
    "version": "2.2.0"
}