{
    "asset": {
        "format": "jpg",
        "id": "7775795863eadf5190082fb7dbdc3986",
        "name": "TiZwaWQ9QXBp%20(2).jpg",
        "path": "file:C:/Users/ragha/Downloads/rhesusmacaque/TiZwaWQ9QXBp%20(2).jpg",
        "size": {
            "width": 396,
            "height": 225
        },
        "state": 2,
        "type": 1
    },
    "regions": [
        {
            "id": "DgZsWHjNj",
            "type": "RECTANGLE",
            "tags": [
                "monkey"
            ],
            "boundingBox": {
                "height": 195.41036018450782,
                "width": 293.7713329262724,
                "left": 91.25894147052279,
                "top": 29.589639815492202
            },
            "points": [
                {
                    "x": 91.25894147052279,
                    "y": 29.589639815492202
                },
                {
                    "x": 385.0302743967952,
                    "y": 29.589639815492202
                },
                {
                    "x": 385.0302743967952,
                    "y": 225
                },
                {
                    "x": 91.25894147052279,
                    "y": 225
                }
            ]
        }
    ],
    "version": "2.2.0"
}