{
    "asset": {
        "format": "jpg",
        "id": "7775f6f0a8ba175e2791d987b953b693",
        "name": "563yterhhgf.jpg",
        "path": "file:C:/Users/karan/Pictures/rhesusmacaque/563yterhhgf.jpg",
        "size": {
            "width": 230,
            "height": 219
        },
        "state": 2,
        "type": 1,
        "predicted": true
    },
    "regions": [
        {
            "id": "DPAPhUzLh1",
            "type": "RECTANGLE",
            "tags": [
                "Monkey"
            ],
            "boundingBox": {
                "left": 47.134655714035034,
                "top": 63.679079085588455,
                "width": 131.4197075366974,
                "height": 110.35743328928947
            },
            "points": [
                {
                    "x": 47.134655714035034,
                    "y": 63.679079085588455
                },
                {
                    "x": 178.55436325073242,
                    "y": 63.679079085588455
                },
                {
                    "x": 178.55436325073242,
                    "y": 174.03651237487793
                },
                {
                    "x": 47.134655714035034,
                    "y": 174.03651237487793
                }
            ]
        }
    ],
    "version": "2.2.0"
}