{
    "asset": {
        "format": "jpg",
        "id": "77c512278406ae07a44fe1a1a9c7411e",
        "name": "54eydtfhgbvc.jpg",
        "path": "file:C:/Users/karan/Pictures/rhesusmacaque/54eydtfhgbvc.jpg",
        "size": {
            "width": 194,
            "height": 260
        },
        "state": 2,
        "type": 1,
        "predicted": true
    },
    "regions": [
        {
            "id": "YNu8emYzK",
            "type": "RECTANGLE",
            "tags": [
                "Monkey"
            ],
            "boundingBox": {
                "height": 138.16017316017317,
                "width": 110.65602322206097,
                "left": 22.872958998548622,
                "top": 53.18181818181819
            },
            "points": [
                {
                    "x": 22.872958998548622,
                    "y": 53.18181818181819
                },
                {
                    "x": 133.52898222060958,
                    "y": 53.18181818181819
                },
                {
                    "x": 133.52898222060958,
                    "y": 191.34199134199136
                },
                {
                    "x": 22.872958998548622,
                    "y": 191.34199134199136
                }
            ]
        }
    ],
    "version": "2.2.0"
}