{
    "asset": {
        "format": "jpg",
        "id": "784665c0d7887e6a69854a4f73fb84c3",
        "name": "eSZwaWQ9QXBp.jpg",
        "path": "file:C:/Users/ragha/Downloads/rhesusmacaque/eSZwaWQ9QXBp.jpg",
        "size": {
            "width": 214,
            "height": 225
        },
        "state": 2,
        "type": 1
    },
    "regions": [
        {
            "id": "MMUIcGroh",
            "type": "RECTANGLE",
            "tags": [
                "monkey"
            ],
            "boundingBox": {
                "height": 193.72881064980717,
                "width": 170.43800738869507,
                "left": 29.401179191974222,
                "top": 14.74576562137927
            },
            "points": [
                {
                    "x": 29.401179191974222,
                    "y": 14.74576562137927
                },
                {
                    "x": 199.8391865806693,
                    "y": 14.74576562137927
                },
                {
                    "x": 199.8391865806693,
                    "y": 208.47457627118644
                },
                {
                    "x": 29.401179191974222,
                    "y": 208.47457627118644
                }
            ]
        }
    ],
    "version": "2.2.0"
}