{
    "asset": {
        "format": "jpg",
        "id": "78af004df3b790ce37e66aeb1b23645e",
        "name": "images%20-%202022-02-02T104626.212.jpg",
        "path": "file:C:/Users/ragha/Downloads/rhesusmacaque/images%20-%202022-02-02T104626.212.jpg",
        "size": {
            "width": 311,
            "height": 162
        },
        "state": 2,
        "type": 1
    },
    "regions": [
        {
            "id": "WMDr_G2GU",
            "type": "RECTANGLE",
            "tags": [
                "monkey"
            ],
            "boundingBox": {
                "height": 124.15877579550707,
                "width": 237.17615634925798,
                "left": 34.191453179118646,
                "top": 10.64284445493276
            },
            "points": [
                {
                    "x": 34.191453179118646,
                    "y": 10.64284445493276
                },
                {
                    "x": 271.36760952837665,
                    "y": 10.64284445493276
                },
                {
                    "x": 271.36760952837665,
                    "y": 134.80162025043984
                },
                {
                    "x": 34.191453179118646,
                    "y": 134.80162025043984
                }
            ]
        }
    ],
    "version": "2.2.0"
}