{
    "asset": {
        "format": "jpg",
        "id": "78f3b31790071a66e5c71e347ab0a0fc",
        "name": "images%20(96).jpg",
        "path": "file:C:/Users/ragha/Downloads/rhesusmacaque/images%20(96).jpg",
        "size": {
            "width": 250,
            "height": 201
        },
        "state": 2,
        "type": 1
    },
    "regions": [
        {
            "id": "HvAj7vEXj",
            "type": "RECTANGLE",
            "tags": [
                "monkey"
            ],
            "boundingBox": {
                "height": 142.40338723134187,
                "width": 161.94665499631986,
                "left": 88.05334500368012,
                "top": 17.942372014967063
            },
            "points": [
                {
                    "x": 88.05334500368012,
                    "y": 17.942372014967063
                },
                {
                    "x": 250,
                    "y": 17.942372014967063
                },
                {
                    "x": 250,
                    "y": 160.34575924630894
                },
                {
                    "x": 88.05334500368012,
                    "y": 160.34575924630894
                }
            ]
        }
    ],
    "version": "2.2.0"
}