{
    "asset": {
        "format": "jpg",
        "id": "799cc281d7762ee198c365f926584529",
        "name": "tehgfdhfgd.jpg",
        "path": "file:C:/Users/ragha/Downloads/rhesusmacaque/tehgfdhfgd.jpg",
        "size": {
            "width": 259,
            "height": 194
        },
        "state": 2,
        "type": 1
    },
    "regions": [
        {
            "id": "WKnJ_OCTZ",
            "type": "RECTANGLE",
            "tags": [
                "monkey"
            ],
            "boundingBox": {
                "height": 175.80564929940604,
                "width": 144.1200828955491,
                "left": 45.506380464259465,
                "top": 5.041808327712581
            },
            "points": [
                {
                    "x": 45.506380464259465,
                    "y": 5.041808327712581
                },
                {
                    "x": 189.62646335980855,
                    "y": 5.041808327712581
                },
                {
                    "x": 189.62646335980855,
                    "y": 180.84745762711862
                },
                {
                    "x": 45.506380464259465,
                    "y": 180.84745762711862
                }
            ]
        }
    ],
    "version": "2.2.0"
}