{
    "asset": {
        "format": "jpg",
        "id": "7a2d620f888528873aea647a8135aae6",
        "name": "images%20(97).jpg",
        "path": "file:C:/Users/ragha/Downloads/rhesusmacaque/images%20(97).jpg",
        "size": {
            "width": 186,
            "height": 271
        },
        "state": 2,
        "type": 1
    },
    "regions": [
        {
            "id": "YSaDQFyfd",
            "type": "RECTANGLE",
            "tags": [
                "monkey"
            ],
            "boundingBox": {
                "height": 254.77061796457753,
                "width": 165.11326693311148,
                "left": 0,
                "top": 8.574014803784044
            },
            "points": [
                {
                    "x": 0,
                    "y": 8.574014803784044
                },
                {
                    "x": 165.11326693311148,
                    "y": 8.574014803784044
                },
                {
                    "x": 165.11326693311148,
                    "y": 263.3446327683616
                },
                {
                    "x": 0,
                    "y": 263.3446327683616
                }
            ]
        }
    ],
    "version": "2.2.0"
}