{
    "asset": {
        "format": "jpg",
        "id": "7a67c68eda996f201d4717b0cba20d6b",
        "name": "SiZwaWQ9QXBp%20(1).jpg",
        "path": "file:C:/Users/ragha/Downloads/rhesusmacaque/SiZwaWQ9QXBp%20(1).jpg",
        "size": {
            "width": 150,
            "height": 225
        },
        "state": 2,
        "type": 1
    },
    "regions": [
        {
            "id": "-kSgV0vQt",
            "type": "RECTANGLE",
            "tags": [
                "monkey"
            ],
            "boundingBox": {
                "height": 156.3559322033898,
                "width": 117.20338595115531,
                "left": 20.8474692651781,
                "top": 35.59322033898305
            },
            "points": [
                {
                    "x": 20.8474692651781,
                    "y": 35.59322033898305
                },
                {
                    "x": 138.05085521633342,
                    "y": 35.59322033898305
                },
                {
                    "x": 138.05085521633342,
                    "y": 191.94915254237287
                },
                {
                    "x": 20.8474692651781,
                    "y": 191.94915254237287
                }
            ]
        }
    ],
    "version": "2.2.0"
}