{
    "asset": {
        "format": "jpg",
        "id": "7a86a304c390d155e80f43720f19c300",
        "name": "653ghg.jpg",
        "path": "file:C:/Users/karan/Pictures/rhesusmacaque/653ghg.jpg",
        "size": {
            "width": 249,
            "height": 203
        },
        "state": 2,
        "type": 1,
        "predicted": true
    },
    "regions": [
        {
            "id": "qXQmKmdGEU",
            "type": "RECTANGLE",
            "tags": [
                "Monkey"
            ],
            "boundingBox": {
                "left": 142.67842823266983,
                "top": 26.4577394425869,
                "width": 82.79332637786865,
                "height": 162.07387199997902
            },
            "points": [
                {
                    "x": 142.67842823266983,
                    "y": 26.4577394425869
                },
                {
                    "x": 225.47175461053848,
                    "y": 26.4577394425869
                },
                {
                    "x": 225.47175461053848,
                    "y": 188.53161144256592
                },
                {
                    "x": 142.67842823266983,
                    "y": 188.53161144256592
                }
            ]
        },
        {
            "id": "xX8_XYLPyX",
            "type": "RECTANGLE",
            "tags": [
                "Monkey"
            ],
            "boundingBox": {
                "left": 50.83167444169522,
                "top": 26.18066743016243,
                "width": 100.70403148233892,
                "height": 172.64801880717278
            },
            "points": [
                {
                    "x": 50.83167444169522,
                    "y": 26.18066743016243
                },
                {
                    "x": 151.53570592403415,
                    "y": 26.18066743016243
                },
                {
                    "x": 151.53570592403415,
                    "y": 198.8286862373352
                },
                {
                    "x": 50.83167444169522,
                    "y": 198.8286862373352
                }
            ]
        }
    ],
    "version": "2.2.0"
}