{
    "asset": {
        "format": "jpg",
        "id": "7a871716451f51e044fada4cbee58b97",
        "name": "65etfdgh.jpg",
        "path": "file:C:/Users/karan/Pictures/rhesusmacaque/65etfdgh.jpg",
        "size": {
            "width": 300,
            "height": 168
        },
        "state": 2,
        "type": 1,
        "predicted": true
    },
    "regions": [
        {
            "id": "E_4PJ7ZndN",
            "type": "RECTANGLE",
            "tags": [
                "Monkey"
            ],
            "boundingBox": {
                "height": 166.760147601476,
                "width": 182.02962177445525,
                "left": 32.374237632850054,
                "top": 0
            },
            "points": [
                {
                    "x": 32.374237632850054,
                    "y": 0
                },
                {
                    "x": 214.4038594073053,
                    "y": 0
                },
                {
                    "x": 214.4038594073053,
                    "y": 166.760147601476
                },
                {
                    "x": 32.374237632850054,
                    "y": 166.760147601476
                }
            ]
        }
    ],
    "version": "2.2.0"
}