{
    "asset": {
        "format": "jpg",
        "id": "7b725f5fdbb06bb46ae59240a62da03a",
        "name": "655ghjnh.jpg",
        "path": "file:C:/Users/ragha/Downloads/rhesusmacaque/655ghjnh.jpg",
        "size": {
            "width": 183,
            "height": 275
        },
        "state": 2,
        "type": 1
    },
    "regions": [
        {
            "id": "tvB-NQhtx",
            "type": "RECTANGLE",
            "tags": [
                "monkey"
            ],
            "boundingBox": {
                "height": 235.8474505149712,
                "width": 138.9401179028165,
                "left": 37.09539639418293,
                "top": 19.265539093879656
            },
            "points": [
                {
                    "x": 37.09539639418293,
                    "y": 19.265539093879656
                },
                {
                    "x": 176.03551429699942,
                    "y": 19.265539093879656
                },
                {
                    "x": 176.03551429699942,
                    "y": 255.11298960885085
                },
                {
                    "x": 37.09539639418293,
                    "y": 255.11298960885085
                }
            ]
        }
    ],
    "version": "2.2.0"
}