{
    "asset": {
        "format": "jpg",
        "id": "7b78d821073deef3b6d9c34065c5cb0b",
        "name": "aCZwaWQ9QXBp.jpg",
        "path": "file:C:/Users/ragha/Downloads/rhesusmacaque/aCZwaWQ9QXBp.jpg",
        "size": {
            "width": 369,
            "height": 225
        },
        "state": 2,
        "type": 1
    },
    "regions": [
        {
            "id": "XLwMsc692",
            "type": "RECTANGLE",
            "tags": [
                "monkey"
            ],
            "boundingBox": {
                "height": 225,
                "width": 293.8166949514373,
                "left": 38.11040722061343,
                "top": 0
            },
            "points": [
                {
                    "x": 38.11040722061343,
                    "y": 0
                },
                {
                    "x": 331.9271021720507,
                    "y": 0
                },
                {
                    "x": 331.9271021720507,
                    "y": 225
                },
                {
                    "x": 38.11040722061343,
                    "y": 225
                }
            ]
        }
    ],
    "version": "2.2.0"
}