{
    "asset": {
        "format": "jpg",
        "id": "7bc1373dbf1bc4eb533bec798e427f61",
        "name": "images%20-%202022-02-02T104626.406.jpg",
        "path": "file:C:/Users/ragha/Downloads/rhesusmacaque/images%20-%202022-02-02T104626.406.jpg",
        "size": {
            "width": 268,
            "height": 188
        },
        "state": 2,
        "type": 1
    },
    "regions": [
        {
            "id": "j5TlS95Mg",
            "type": "RECTANGLE",
            "tags": [
                "monkey"
            ],
            "boundingBox": {
                "height": 148.2696973244124,
                "width": 199.90776811300168,
                "left": 58.4485073203358,
                "top": 16.95261999027587
            },
            "points": [
                {
                    "x": 58.4485073203358,
                    "y": 16.95261999027587
                },
                {
                    "x": 258.3562754333375,
                    "y": 16.95261999027587
                },
                {
                    "x": 258.3562754333375,
                    "y": 165.22231731468827
                },
                {
                    "x": 58.4485073203358,
                    "y": 165.22231731468827
                }
            ]
        }
    ],
    "version": "2.2.0"
}