{
    "asset": {
        "format": "jpg",
        "id": "7c297a553bb543de2cd622455df3e330",
        "name": "images%20(95).jpg",
        "path": "file:C:/Users/ragha/Downloads/rhesusmacaque/images%20(95).jpg",
        "size": {
            "width": 200,
            "height": 252
        },
        "state": 2,
        "type": 1
    },
    "regions": [
        {
            "id": "1xy53hCU5",
            "type": "RECTANGLE",
            "tags": [
                "monkey"
            ],
            "boundingBox": {
                "height": 220.39323283050018,
                "width": 166.54804270462634,
                "left": 6.748218468499778,
                "top": 7.972881899041645
            },
            "points": [
                {
                    "x": 6.748218468499778,
                    "y": 7.972881899041645
                },
                {
                    "x": 173.2962611731261,
                    "y": 7.972881899041645
                },
                {
                    "x": 173.2962611731261,
                    "y": 228.36611472954183
                },
                {
                    "x": 6.748218468499778,
                    "y": 228.36611472954183
                }
            ]
        }
    ],
    "version": "2.2.0"
}