{
    "asset": {
        "format": "jpg",
        "id": "7c31a210ca6d8cb384fbcb2f4c17325f",
        "name": "ghdfvctgf.jpg",
        "path": "file:C:/Users/ragha/Downloads/rhesusmacaque/ghdfvctgf.jpg",
        "size": {
            "width": 180,
            "height": 195
        },
        "state": 2,
        "type": 1
    },
    "regions": [
        {
            "id": "6n6jR_3nP",
            "type": "RECTANGLE",
            "tags": [
                "monkey"
            ],
            "boundingBox": {
                "height": 159.08474324113232,
                "width": 149.7247874408687,
                "left": 23.415132575078843,
                "top": 11.677968623274463
            },
            "points": [
                {
                    "x": 23.415132575078843,
                    "y": 11.677968623274463
                },
                {
                    "x": 173.13992001594755,
                    "y": 11.677968623274463
                },
                {
                    "x": 173.13992001594755,
                    "y": 170.76271186440678
                },
                {
                    "x": 23.415132575078843,
                    "y": 170.76271186440678
                }
            ]
        }
    ],
    "version": "2.2.0"
}