{
    "asset": {
        "format": "jpg",
        "id": "7c376f1a973d4248b96cbbe797efccd2",
        "name": "9l8ikujyhgbf.jpg",
        "path": "file:C:/Users/ragha/Downloads/rhesusmacaque/9l8ikujyhgbf.jpg",
        "size": {
            "width": 275,
            "height": 183
        },
        "state": 2,
        "type": 1
    },
    "regions": [
        {
            "id": "CDoz813h2",
            "type": "RECTANGLE",
            "tags": [
                "monkey"
            ],
            "boundingBox": {
                "height": 170.59322428299208,
                "width": 98.83459277619096,
                "left": 57.24212639313891,
                "top": 11.166100906113446
            },
            "points": [
                {
                    "x": 57.24212639313891,
                    "y": 11.166100906113446
                },
                {
                    "x": 156.07671916932986,
                    "y": 11.166100906113446
                },
                {
                    "x": 156.07671916932986,
                    "y": 181.7593251891055
                },
                {
                    "x": 57.24212639313891,
                    "y": 181.7593251891055
                }
            ]
        },
        {
            "id": "Pq3ikVPiQ",
            "type": "RECTANGLE",
            "tags": [
                "monkey"
            ],
            "boundingBox": {
                "height": 167.07796255208677,
                "width": 103.79700194624132,
                "left": 153.59550669677273,
                "top": 3.722034292705988
            },
            "points": [
                {
                    "x": 153.59550669677273,
                    "y": 3.722034292705988
                },
                {
                    "x": 257.3925086430141,
                    "y": 3.722034292705988
                },
                {
                    "x": 257.3925086430141,
                    "y": 170.79999684479276
                },
                {
                    "x": 153.59550669677273,
                    "y": 170.79999684479276
                }
            ]
        }
    ],
    "version": "2.2.0"
}