{
    "asset": {
        "format": "jpg",
        "id": "7c49fba405dbd615ee274fefcea2673a",
        "name": "78iukjhmnb%20v.jpg",
        "path": "file:C:/Users/ragha/Downloads/rhesusmacaque/78iukjhmnb%20v.jpg",
        "size": {
            "width": 177,
            "height": 284
        },
        "state": 2,
        "type": 1
    },
    "regions": [
        {
            "id": "IB7u7YPTA",
            "type": "RECTANGLE",
            "tags": [
                "monkey"
            ],
            "boundingBox": {
                "height": 230.72994227867343,
                "width": 84.57557049919578,
                "left": 50.51208068019125,
                "top": 19.575142467089293
            },
            "points": [
                {
                    "x": 50.51208068019125,
                    "y": 19.575142467089293
                },
                {
                    "x": 135.08765117938702,
                    "y": 19.575142467089293
                },
                {
                    "x": 135.08765117938702,
                    "y": 250.3050847457627
                },
                {
                    "x": 50.51208068019125,
                    "y": 250.3050847457627
                }
            ]
        }
    ],
    "version": "2.2.0"
}