{
    "asset": {
        "format": "jpg",
        "id": "7cb7978442c01e0d9b9aee2b8f3f0752",
        "name": "54eydtfhgbvc.jpg",
        "path": "file:C:/Users/ragha/Downloads/rhesusmacaque/54eydtfhgbvc.jpg",
        "size": {
            "width": 194,
            "height": 260
        },
        "state": 2,
        "type": 1
    },
    "regions": [
        {
            "id": "O1TvBQaQS",
            "type": "RECTANGLE",
            "tags": [
                "monkey"
            ],
            "boundingBox": {
                "height": 230.32769090038235,
                "width": 159.60909987940934,
                "left": 9.718364484382398,
                "top": 8.519775692352468
            },
            "points": [
                {
                    "x": 9.718364484382398,
                    "y": 8.519775692352468
                },
                {
                    "x": 169.32746436379173,
                    "y": 8.519775692352468
                },
                {
                    "x": 169.32746436379173,
                    "y": 238.8474665927348
                },
                {
                    "x": 9.718364484382398,
                    "y": 238.8474665927348
                }
            ]
        }
    ],
    "version": "2.2.0"
}