{
    "asset": {
        "format": "jpg",
        "id": "7d015f1755ab25b28e6c683d99ef4312",
        "name": "56ytgfh.jpg",
        "path": "file:C:/Users/karan/Pictures/rhesusmacaque/56ytgfh.jpg",
        "size": {
            "width": 276,
            "height": 183
        },
        "state": 2,
        "type": 1,
        "predicted": true
    },
    "regions": [
        {
            "id": "2QHNLOslf",
            "type": "RECTANGLE",
            "tags": [
                "Monkey"
            ],
            "boundingBox": {
                "left": 98.76565825939178,
                "top": 8.750596761703491,
                "width": 58.392940163612366,
                "height": 101.7910623550415
            },
            "points": [
                {
                    "x": 98.76565825939178,
                    "y": 8.750596761703491
                },
                {
                    "x": 157.15859842300415,
                    "y": 8.750596761703491
                },
                {
                    "x": 157.15859842300415,
                    "y": 110.541659116745
                },
                {
                    "x": 98.76565825939178,
                    "y": 110.541659116745
                }
            ]
        },
        {
            "id": "L1a3a8hkwQ",
            "type": "RECTANGLE",
            "tags": [
                "Monkey"
            ],
            "boundingBox": {
                "left": 140.99537658691406,
                "top": 52.0545617043972,
                "width": 67.58769178390503,
                "height": 128.71104982495308
            },
            "points": [
                {
                    "x": 140.99537658691406,
                    "y": 52.0545617043972
                },
                {
                    "x": 208.5830683708191,
                    "y": 52.0545617043972
                },
                {
                    "x": 208.5830683708191,
                    "y": 180.76561152935028
                },
                {
                    "x": 140.99537658691406,
                    "y": 180.76561152935028
                }
            ]
        }
    ],
    "version": "2.2.0"
}