{
    "asset": {
        "format": "jpg",
        "id": "7daa568a5e075d6689eda78408050755",
        "name": "images%20-%202022-02-02T104626.340.jpg",
        "path": "file:C:/Users/ragha/Downloads/rhesusmacaque/images%20-%202022-02-02T104626.340.jpg",
        "size": {
            "width": 275,
            "height": 183
        },
        "state": 2,
        "type": 1
    },
    "regions": [
        {
            "id": "ov3HzCtE3G",
            "type": "RECTANGLE",
            "tags": [
                "monkey"
            ],
            "boundingBox": {
                "height": 155.14029433976359,
                "width": 101.90856205540196,
                "left": 89.06063284599045,
                "top": 20.082201909307223
            },
            "points": [
                {
                    "x": 89.06063284599045,
                    "y": 20.082201909307223
                },
                {
                    "x": 190.96919490139243,
                    "y": 20.082201909307223
                },
                {
                    "x": 190.96919490139243,
                    "y": 175.22249624907082
                },
                {
                    "x": 89.06063284599045,
                    "y": 175.22249624907082
                }
            ]
        }
    ],
    "version": "2.2.0"
}