{
    "asset": {
        "format": "jpg",
        "id": "7e8cefd2f8e392f24077b1a5d8da22af",
        "name": "SyZwaWQ9QXBp%20(4).jpg",
        "path": "file:C:/Users/ragha/Downloads/rhesusmacaque/SyZwaWQ9QXBp%20(4).jpg",
        "size": {
            "width": 401,
            "height": 225
        },
        "state": 2,
        "type": 1
    },
    "regions": [
        {
            "id": "VSGOCVfUW",
            "type": "RECTANGLE",
            "tags": [
                "monkey"
            ],
            "boundingBox": {
                "height": 210.97198259183278,
                "width": 277.94262299603236,
                "left": 88.62966601178782,
                "top": 14.028017408167209
            },
            "points": [
                {
                    "x": 88.62966601178782,
                    "y": 14.028017408167209
                },
                {
                    "x": 366.5722890078202,
                    "y": 14.028017408167209
                },
                {
                    "x": 366.5722890078202,
                    "y": 225
                },
                {
                    "x": 88.62966601178782,
                    "y": 225
                }
            ]
        }
    ],
    "version": "2.2.0"
}