{
    "asset": {
        "format": "jpg",
        "id": "7ec734116ec93a4e165f8098bdf1ed7d",
        "name": "images%20(99).jpg",
        "path": "file:C:/Users/ragha/Downloads/rhesusmacaque/images%20(99).jpg",
        "size": {
            "width": 275,
            "height": 183
        },
        "state": 2,
        "type": 1
    },
    "regions": [
        {
            "id": "DT47zdguA",
            "type": "RECTANGLE",
            "tags": [
                "monkey"
            ],
            "boundingBox": {
                "height": 104.88358208955223,
                "width": 175.3876839669988,
                "left": 1.3667992047713717,
                "top": 69.901905902464
            },
            "points": [
                {
                    "x": 1.3667992047713717,
                    "y": 69.901905902464
                },
                {
                    "x": 176.75448317177015,
                    "y": 69.901905902464
                },
                {
                    "x": 176.75448317177015,
                    "y": 174.78548799201624
                },
                {
                    "x": 1.3667992047713717,
                    "y": 174.78548799201624
                }
            ]
        },
        {
            "id": "rcNquOAs4",
            "type": "RECTANGLE",
            "tags": [
                "monkey"
            ],
            "boundingBox": {
                "height": 176.55403860291437,
                "width": 229.89562624254472,
                "left": 45.104373757455264,
                "top": 3.257127699211462
            },
            "points": [
                {
                    "x": 45.104373757455264,
                    "y": 3.257127699211462
                },
                {
                    "x": 275,
                    "y": 3.257127699211462
                },
                {
                    "x": 275,
                    "y": 179.81116630212583
                },
                {
                    "x": 45.104373757455264,
                    "y": 179.81116630212583
                }
            ]
        }
    ],
    "version": "2.2.0"
}