{
    "asset": {
        "format": "jpg",
        "id": "7ec911ef4dab75518045c64acf0b863f",
        "name": "SCZwaWQ9QXBp%20(9).jpg",
        "path": "file:C:/Users/ragha/Downloads/rhesusmacaque/SCZwaWQ9QXBp%20(9).jpg",
        "size": {
            "width": 150,
            "height": 225
        },
        "state": 2,
        "type": 1
    },
    "regions": [
        {
            "id": "sp-QjYbFH",
            "type": "RECTANGLE",
            "tags": [
                "monkey"
            ],
            "boundingBox": {
                "height": 182.28814238208835,
                "width": 107.54238064006223,
                "left": 25.423728813559322,
                "top": 32.03389927492303
            },
            "points": [
                {
                    "x": 25.423728813559322,
                    "y": 32.03389927492303
                },
                {
                    "x": 132.96610945362156,
                    "y": 32.03389927492303
                },
                {
                    "x": 132.96610945362156,
                    "y": 214.32204165701137
                },
                {
                    "x": 25.423728813559322,
                    "y": 214.32204165701137
                }
            ]
        }
    ],
    "version": "2.2.0"
}