{
    "asset": {
        "format": "jpg",
        "id": "7f4bd7a989dc4e7f8bff1e87cc084ec1",
        "name": "images%20(9).jpg",
        "path": "file:C:/Users/ragha/Downloads/rhesusmacaque/images%20(9).jpg",
        "size": {
            "width": 183,
            "height": 275
        },
        "state": 2,
        "type": 1
    },
    "regions": [
        {
            "id": "-ohKkkJ5i",
            "type": "RECTANGLE",
            "tags": [
                "monkey"
            ],
            "boundingBox": {
                "height": 226.21468096803136,
                "width": 145.77834869190386,
                "left": 22.680732484076433,
                "top": 24.237291691666943
            },
            "points": [
                {
                    "x": 22.680732484076433,
                    "y": 24.237291691666943
                },
                {
                    "x": 168.45908117598032,
                    "y": 24.237291691666943
                },
                {
                    "x": 168.45908117598032,
                    "y": 250.45197265969833
                },
                {
                    "x": 22.680732484076433,
                    "y": 250.45197265969833
                }
            ]
        }
    ],
    "version": "2.2.0"
}