{
    "asset": {
        "format": "jpg",
        "id": "80292271c7fbec1d78b84e671b512846",
        "name": "NyZwaWQ9QXBp%20(6).jpg",
        "path": "file:C:/Users/ragha/Downloads/rhesusmacaque/NyZwaWQ9QXBp%20(6).jpg",
        "size": {
            "width": 339,
            "height": 225
        },
        "state": 2,
        "type": 1
    },
    "regions": [
        {
            "id": "h7x8iqSiT",
            "type": "RECTANGLE",
            "tags": [
                "monkey"
            ],
            "boundingBox": {
                "height": 213.14370846320057,
                "width": 271.469574277965,
                "left": 46.16600397614314,
                "top": 9.380613258498872
            },
            "points": [
                {
                    "x": 46.16600397614314,
                    "y": 9.380613258498872
                },
                {
                    "x": 317.6355782541081,
                    "y": 9.380613258498872
                },
                {
                    "x": 317.6355782541081,
                    "y": 222.52432172169944
                },
                {
                    "x": 46.16600397614314,
                    "y": 222.52432172169944
                }
            ]
        }
    ],
    "version": "2.2.0"
}