{
    "asset": {
        "format": "jpg",
        "id": "80d749b393afece0bf525829ee6b3cb0",
        "name": "dhgfbthgfsdf.jpg",
        "path": "file:C:/Users/ragha/Downloads/rhesusmacaque/dhgfbthgfsdf.jpg",
        "size": {
            "width": 275,
            "height": 183
        },
        "state": 2,
        "type": 1
    },
    "regions": [
        {
            "id": "7nakQVbqy",
            "type": "RECTANGLE",
            "tags": [
                "monkey"
            ],
            "boundingBox": {
                "height": 174.52203310950327,
                "width": 140.87933812822612,
                "left": 130.7800751879699,
                "top": 8.47796689049672
            },
            "points": [
                {
                    "x": 130.7800751879699,
                    "y": 8.47796689049672
                },
                {
                    "x": 271.65941331619604,
                    "y": 8.47796689049672
                },
                {
                    "x": 271.65941331619604,
                    "y": 182.99999999999997
                },
                {
                    "x": 130.7800751879699,
                    "y": 182.99999999999997
                }
            ]
        },
        {
            "id": "FlFLSEhGc",
            "type": "RECTANGLE",
            "tags": [
                "monkey"
            ],
            "boundingBox": {
                "height": 49.83389909388655,
                "width": 33.49625006654208,
                "left": 46.903780528477256,
                "top": 38.46101773795434
            },
            "points": [
                {
                    "x": 46.903780528477256,
                    "y": 38.46101773795434
                },
                {
                    "x": 80.40003059501935,
                    "y": 38.46101773795434
                },
                {
                    "x": 80.40003059501935,
                    "y": 88.2949168318409
                },
                {
                    "x": 46.903780528477256,
                    "y": 88.2949168318409
                }
            ]
        },
        {
            "id": "KxYOXKNG9",
            "type": "RECTANGLE",
            "tags": [
                "monkey"
            ],
            "boundingBox": {
                "height": 79.40339495772021,
                "width": 74.6428618753763,
                "left": 64.68574014821446,
                "top": 1.4474572327177402
            },
            "points": [
                {
                    "x": 64.68574014821446,
                    "y": 1.4474572327177402
                },
                {
                    "x": 139.32860202359078,
                    "y": 1.4474572327177402
                },
                {
                    "x": 139.32860202359078,
                    "y": 80.85085219043796
                },
                {
                    "x": 64.68574014821446,
                    "y": 80.85085219043796
                }
            ]
        },
        {
            "id": "oUwldL5jr",
            "type": "RECTANGLE",
            "tags": [
                "monkey"
            ],
            "boundingBox": {
                "height": 50.454232555324744,
                "width": 19.02255796848383,
                "left": 10.71957000216147,
                "top": 52.93559795314982
            },
            "points": [
                {
                    "x": 10.71957000216147,
                    "y": 52.93559795314982
                },
                {
                    "x": 29.7421279706453,
                    "y": 52.93559795314982
                },
                {
                    "x": 29.7421279706453,
                    "y": 103.38983050847457
                },
                {
                    "x": 10.71957000216147,
                    "y": 103.38983050847457
                }
            ]
        }
    ],
    "version": "2.2.0"
}