{
    "asset": {
        "format": "jpg",
        "id": "80e140e4330aa5daf7779cad6c9c7446",
        "name": "yhgbv.jpg",
        "path": "file:C:/Users/ragha/Downloads/rhesusmacaque/yhgbv.jpg",
        "size": {
            "width": 275,
            "height": 183
        },
        "state": 2,
        "type": 1
    },
    "regions": [
        {
            "id": "9-oqbczmNi",
            "type": "RECTANGLE",
            "tags": [
                "monkey"
            ],
            "boundingBox": {
                "height": 123.94336200815385,
                "width": 138.95876571565339,
                "left": 70.72200063169588,
                "top": 20.924889792383244
            },
            "points": [
                {
                    "x": 70.72200063169588,
                    "y": 20.924889792383244
                },
                {
                    "x": 209.68076634734925,
                    "y": 20.924889792383244
                },
                {
                    "x": 209.68076634734925,
                    "y": 144.8682518005371
                },
                {
                    "x": 70.72200063169588,
                    "y": 144.8682518005371
                }
            ]
        }
    ],
    "version": "2.2.0"
}