{
    "asset": {
        "format": "jpg",
        "id": "80fcf686fd802d42ef16e1424e3cd501",
        "name": "images%20(68).jpg",
        "path": "file:C:/Users/ragha/Downloads/rhesusmacaque/images%20(68).jpg",
        "size": {
            "width": 100,
            "height": 100
        },
        "state": 2,
        "type": 1
    },
    "regions": [
        {
            "id": "4ftIANF9-",
            "type": "RECTANGLE",
            "tags": [
                "monkey"
            ],
            "boundingBox": {
                "height": 87.11864773163015,
                "width": 52.99434769625044,
                "left": 5.240113856428761,
                "top": 3.6158189935199285
            },
            "points": [
                {
                    "x": 5.240113856428761,
                    "y": 3.6158189935199285
                },
                {
                    "x": 58.2344615526792,
                    "y": 3.6158189935199285
                },
                {
                    "x": 58.2344615526792,
                    "y": 90.73446672515007
                },
                {
                    "x": 5.240113856428761,
                    "y": 90.73446672515007
                }
            ]
        },
        {
            "id": "1s7UuB3Ae",
            "type": "RECTANGLE",
            "tags": [
                "monkey"
            ],
            "boundingBox": {
                "height": 90.8474593512756,
                "width": 49.67514296709481,
                "left": 50.32485703290519,
                "top": 1.1299435028248588
            },
            "points": [
                {
                    "x": 50.32485703290519,
                    "y": 1.1299435028248588
                },
                {
                    "x": 100,
                    "y": 1.1299435028248588
                },
                {
                    "x": 100,
                    "y": 91.97740285410046
                },
                {
                    "x": 50.32485703290519,
                    "y": 91.97740285410046
                }
            ]
        }
    ],
    "version": "2.2.0"
}