{
    "asset": {
        "format": "jpg",
        "id": "811e3580ccd63dffca05cbce399e09f4",
        "name": "images%20(35).jpg",
        "path": "file:C:/Users/ragha/Downloads/rhesusmacaque/images%20(35).jpg",
        "size": {
            "width": 225,
            "height": 225
        },
        "state": 2,
        "type": 1
    },
    "regions": [
        {
            "id": "ytgTd20ch",
            "type": "RECTANGLE",
            "tags": [
                "monkey"
            ],
            "boundingBox": {
                "height": 206.4406847549697,
                "width": 143.8983012053926,
                "left": 41.79025423728813,
                "top": 5.3389840206857455
            },
            "points": [
                {
                    "x": 41.79025423728813,
                    "y": 5.3389840206857455
                },
                {
                    "x": 185.68855544268075,
                    "y": 5.3389840206857455
                },
                {
                    "x": 185.68855544268075,
                    "y": 211.77966877565544
                },
                {
                    "x": 41.79025423728813,
                    "y": 211.77966877565544
                }
            ]
        },
        {
            "id": "wF8GOowYl",
            "type": "RECTANGLE",
            "tags": [
                "monkey"
            ],
            "boundingBox": {
                "height": 126.61017725023171,
                "width": 102.96610169491525,
                "left": 87.29873269291247,
                "top": 56.94915642172603
            },
            "points": [
                {
                    "x": 87.29873269291247,
                    "y": 56.94915642172603
                },
                {
                    "x": 190.26483438782773,
                    "y": 56.94915642172603
                },
                {
                    "x": 190.26483438782773,
                    "y": 183.55933367195775
                },
                {
                    "x": 87.29873269291247,
                    "y": 183.55933367195775
                }
            ]
        }
    ],
    "version": "2.2.0"
}