{
    "asset": {
        "format": "jpg",
        "id": "81f7372518b071f38d4b6cc475bbc58d",
        "name": "NSZwaWQ9QXBp.jpg",
        "path": "file:C:/Users/ragha/Downloads/rhesusmacaque/NSZwaWQ9QXBp.jpg",
        "size": {
            "width": 341,
            "height": 225
        },
        "state": 2,
        "type": 1
    },
    "regions": [
        {
            "id": "k2-N3P39K",
            "type": "RECTANGLE",
            "tags": [
                "monkey"
            ],
            "boundingBox": {
                "height": 188.40362738413984,
                "width": 117.96023856858847,
                "left": 1.423662189460891,
                "top": 3.8968373493975905
            },
            "points": [
                {
                    "x": 1.423662189460891,
                    "y": 3.8968373493975905
                },
                {
                    "x": 119.38390075804936,
                    "y": 3.8968373493975905
                },
                {
                    "x": 119.38390075804936,
                    "y": 192.3004647335374
                },
                {
                    "x": 1.423662189460891,
                    "y": 192.3004647335374
                }
            ]
        },
        {
            "id": "n9hlP3NeL",
            "type": "RECTANGLE",
            "tags": [
                "monkey"
            ],
            "boundingBox": {
                "height": 106.53614251010389,
                "width": 165.1443277893673,
                "left": 48.065413761328514,
                "top": 116.12575973372861
            },
            "points": [
                {
                    "x": 48.065413761328514,
                    "y": 116.12575973372861
                },
                {
                    "x": 213.2097415506958,
                    "y": 116.12575973372861
                },
                {
                    "x": 213.2097415506958,
                    "y": 222.66190224383251
                },
                {
                    "x": 48.065413761328514,
                    "y": 222.66190224383251
                }
            ]
        }
    ],
    "version": "2.2.0"
}