{
    "asset": {
        "format": "jpg",
        "id": "822e0f6417dc59d27211cdd10b6f3172",
        "name": "QSZwaWQ9QXBp.jpg",
        "path": "file:C:/Users/ragha/Downloads/rhesusmacaque/QSZwaWQ9QXBp.jpg",
        "size": {
            "width": 300,
            "height": 225
        },
        "state": 2,
        "type": 1
    },
    "regions": [
        {
            "id": "LCAP-5Hgk",
            "type": "RECTANGLE",
            "tags": [
                "monkey"
            ],
            "boundingBox": {
                "height": 216.61018112958487,
                "width": 234.40680099745927,
                "left": 40.55084939730369,
                "top": 3.813559322033898
            },
            "points": [
                {
                    "x": 40.55084939730369,
                    "y": 3.813559322033898
                },
                {
                    "x": 274.95765039476294,
                    "y": 3.813559322033898
                },
                {
                    "x": 274.95765039476294,
                    "y": 220.42374045161876
                },
                {
                    "x": 40.55084939730369,
                    "y": 220.42374045161876
                }
            ]
        }
    ],
    "version": "2.2.0"
}