{
    "asset": {
        "format": "jpg",
        "id": "822f806ccec9eb29336c05771dc33a34",
        "name": "ery65rtdfgh.jpg",
        "path": "file:C:/Users/ragha/Downloads/rhesusmacaque/ery65rtdfgh.jpg",
        "size": {
            "width": 275,
            "height": 183
        },
        "state": 2,
        "type": 1
    },
    "regions": [
        {
            "id": "Utwwj2Wlg",
            "type": "RECTANGLE",
            "tags": [
                "monkey"
            ],
            "boundingBox": {
                "height": 56.24406937421378,
                "width": 54.37969767061391,
                "left": 23.332356689567852,
                "top": 47.972882933535814
            },
            "points": [
                {
                    "x": 23.332356689567852,
                    "y": 47.972882933535814
                },
                {
                    "x": 77.71205436018175,
                    "y": 47.972882933535814
                },
                {
                    "x": 77.71205436018175,
                    "y": 104.2169523077496
                },
                {
                    "x": 23.332356689567852,
                    "y": 104.2169523077496
                }
            ]
        },
        {
            "id": "n7-R5ziVN",
            "type": "RECTANGLE",
            "tags": [
                "monkey"
            ],
            "boundingBox": {
                "height": 58.932203389830505,
                "width": 30.808273831704504,
                "left": 113.2759578245923,
                "top": 43.010167913921805
            },
            "points": [
                {
                    "x": 113.2759578245923,
                    "y": 43.010167913921805
                },
                {
                    "x": 144.0842316562968,
                    "y": 43.010167913921805
                },
                {
                    "x": 144.0842316562968,
                    "y": 101.94237130375231
                },
                {
                    "x": 113.2759578245923,
                    "y": 101.94237130375231
                }
            ]
        },
        {
            "id": "uxRoFFiwu",
            "type": "RECTANGLE",
            "tags": [
                "monkey"
            ],
            "boundingBox": {
                "height": 55.93389672748114,
                "width": 47.226861724279935,
                "left": 155.14625857647192,
                "top": 22.12542530641716
            },
            "points": [
                {
                    "x": 155.14625857647192,
                    "y": 22.12542530641716
                },
                {
                    "x": 202.37312030075185,
                    "y": 22.12542530641716
                },
                {
                    "x": 202.37312030075185,
                    "y": 78.0593220338983
                },
                {
                    "x": 155.14625857647192,
                    "y": 78.0593220338983
                }
            ]
        },
        {
            "id": "q3-PYToFI",
            "type": "RECTANGLE",
            "tags": [
                "monkey"
            ],
            "boundingBox": {
                "height": 58.932203389830505,
                "width": 82.50001893007665,
                "left": 162.69325421268778,
                "top": 80.43729129080045
            },
            "points": [
                {
                    "x": 162.69325421268778,
                    "y": 80.43729129080045
                },
                {
                    "x": 245.1932731427644,
                    "y": 80.43729129080045
                },
                {
                    "x": 245.1932731427644,
                    "y": 139.36949468063094
                },
                {
                    "x": 162.69325421268778,
                    "y": 139.36949468063094
                }
            ]
        }
    ],
    "version": "2.2.0"
}