{
    "asset": {
        "format": "jpg",
        "id": "830730d9eecede57d94a3cdb4c2fa797",
        "name": "images_3.jpg",
        "path": "file:C:/Users/ragha/Downloads/rhesusmacaque/images_3.jpg",
        "size": {
            "width": 259,
            "height": 194
        },
        "state": 2,
        "type": 1
    },
    "regions": [
        {
            "id": "iwfgIEd8f",
            "type": "RECTANGLE",
            "tags": [
                "monkey"
            ],
            "boundingBox": {
                "height": 170.10621552548164,
                "width": 87.17294537340611,
                "left": 34.664518328096094,
                "top": 23.893784474518338
            },
            "points": [
                {
                    "x": 34.664518328096094,
                    "y": 23.893784474518338
                },
                {
                    "x": 121.83746370150222,
                    "y": 23.893784474518338
                },
                {
                    "x": 121.83746370150222,
                    "y": 193.99999999999997
                },
                {
                    "x": 34.664518328096094,
                    "y": 193.99999999999997
                }
            ]
        },
        {
            "id": "YcLpfV8bL",
            "type": "RECTANGLE",
            "tags": [
                "monkey"
            ],
            "boundingBox": {
                "height": 184.57401088132696,
                "width": 154.41439303182392,
                "left": 98.23724894291755,
                "top": 8.603955220367949
            },
            "points": [
                {
                    "x": 98.23724894291755,
                    "y": 8.603955220367949
                },
                {
                    "x": 252.65164197474147,
                    "y": 8.603955220367949
                },
                {
                    "x": 252.65164197474147,
                    "y": 193.17796610169486
                },
                {
                    "x": 98.23724894291755,
                    "y": 193.17796610169486
                }
            ]
        }
    ],
    "version": "2.2.0"
}