{
    "asset": {
        "format": "jpg",
        "id": "83a836d94dbc646984efcf37fc404fc2",
        "name": "65ytgfhh.jpg",
        "path": "file:C:/Users/karan/Pictures/rhesusmacaque/65ytgfhh.jpg",
        "size": {
            "width": 300,
            "height": 168
        },
        "state": 2,
        "type": 1,
        "predicted": true
    },
    "regions": [
        {
            "id": "jsI13WxNd7",
            "type": "RECTANGLE",
            "tags": [
                "Monkey"
            ],
            "boundingBox": {
                "left": 39.61969614028931,
                "top": 8.778590440750122,
                "width": 178.69770526885986,
                "height": 136.81800627708435
            },
            "points": [
                {
                    "x": 39.61969614028931,
                    "y": 8.778590440750122
                },
                {
                    "x": 218.31740140914917,
                    "y": 8.778590440750122
                },
                {
                    "x": 218.31740140914917,
                    "y": 145.59659671783447
                },
                {
                    "x": 39.61969614028931,
                    "y": 145.59659671783447
                }
            ]
        }
    ],
    "version": "2.2.0"
}