{
    "asset": {
        "format": "jpg",
        "id": "844d8021f49ac3b2728c07725da056b3",
        "name": "hnghgghnchgchdn.jpg",
        "path": "file:C:/Users/ragha/Downloads/rhesusmacaque/hnghgghnchgchdn.jpg",
        "size": {
            "width": 194,
            "height": 259
        },
        "state": 2,
        "type": 1
    },
    "regions": [
        {
            "id": "Okl20uLCk",
            "type": "RECTANGLE",
            "tags": [
                "monkey"
            ],
            "boundingBox": {
                "height": 239.9774095028807,
                "width": 184.7758557589549,
                "left": 3.3172169811320753,
                "top": 6.731074004523498
            },
            "points": [
                {
                    "x": 3.3172169811320753,
                    "y": 6.731074004523498
                },
                {
                    "x": 188.09307274008697,
                    "y": 6.731074004523498
                },
                {
                    "x": 188.09307274008697,
                    "y": 246.70848350740422
                },
                {
                    "x": 3.3172169811320753,
                    "y": 246.70848350740422
                }
            ]
        }
    ],
    "version": "2.2.0"
}