{
    "asset": {
        "format": "jpg",
        "id": "848656a04051cb40b166706b915ce8dd",
        "name": "65trgfdh.jpg",
        "path": "file:C:/Users/karan/Pictures/rhesusmacaque/65trgfdh.jpg",
        "size": {
            "width": 259,
            "height": 194
        },
        "state": 2,
        "type": 1,
        "predicted": true
    },
    "regions": [
        {
            "id": "pm8w9n7Ti",
            "type": "RECTANGLE",
            "tags": [
                "Monkey"
            ],
            "boundingBox": {
                "left": 22.573233604431152,
                "top": 20.96854329109192,
                "width": 219.8533571958542,
                "height": 173.14572525024414
            },
            "points": [
                {
                    "x": 22.573233604431152,
                    "y": 20.96854329109192
                },
                {
                    "x": 242.42659080028534,
                    "y": 20.96854329109192
                },
                {
                    "x": 242.42659080028534,
                    "y": 194.11426854133606
                },
                {
                    "x": 22.573233604431152,
                    "y": 194.11426854133606
                }
            ]
        }
    ],
    "version": "2.2.0"
}