{
    "asset": {
        "format": "jpg",
        "id": "84e9c0fd5a44544b8fb710e670a6df83",
        "name": "images%20-%202022-02-02T104626.205.jpg",
        "path": "file:C:/Users/ragha/Downloads/rhesusmacaque/images%20-%202022-02-02T104626.205.jpg",
        "size": {
            "width": 217,
            "height": 232
        },
        "state": 2,
        "type": 1
    },
    "regions": [
        {
            "id": "INRFDyKuz",
            "type": "RECTANGLE",
            "tags": [
                "monkey"
            ],
            "boundingBox": {
                "height": 148.63729513567046,
                "width": 146.32748044293453,
                "left": 40.2244981840658,
                "top": 33.030509474587305
            },
            "points": [
                {
                    "x": 40.2244981840658,
                    "y": 33.030509474587305
                },
                {
                    "x": 186.55197862700032,
                    "y": 33.030509474587305
                },
                {
                    "x": 186.55197862700032,
                    "y": 181.66780461025775
                },
                {
                    "x": 40.2244981840658,
                    "y": 181.66780461025775
                }
            ]
        }
    ],
    "version": "2.2.0"
}