{
    "asset": {
        "format": "jpg",
        "id": "854013d9ca2672939935ac7dae640c19",
        "name": "images%20-%202022-02-02T104626.305.jpg",
        "path": "file:C:/Users/ragha/Downloads/rhesusmacaque/images%20-%202022-02-02T104626.305.jpg",
        "size": {
            "width": 278,
            "height": 181
        },
        "state": 2,
        "type": 1
    },
    "regions": [
        {
            "id": "tiPTi3MbA",
            "type": "RECTANGLE",
            "tags": [
                "monkey"
            ],
            "boundingBox": {
                "height": 130.6516038967453,
                "width": 175.09026856924856,
                "left": 74.11491391009412,
                "top": 12.131147568098463
            },
            "points": [
                {
                    "x": 74.11491391009412,
                    "y": 12.131147568098463
                },
                {
                    "x": 249.20518247934268,
                    "y": 12.131147568098463
                },
                {
                    "x": 249.20518247934268,
                    "y": 142.78275146484376
                },
                {
                    "x": 74.11491391009412,
                    "y": 142.78275146484376
                }
            ]
        }
    ],
    "version": "2.2.0"
}