{
    "asset": {
        "format": "jpg",
        "id": "85579137ee76c2e1bcb9714f29535855",
        "name": "byZwaWQ9QXBp%20(1).jpg",
        "path": "file:C:/Users/ragha/Downloads/rhesusmacaque/byZwaWQ9QXBp%20(1).jpg",
        "size": {
            "width": 360,
            "height": 225
        },
        "state": 2,
        "type": 1
    },
    "regions": [
        {
            "id": "buVQn_TZZ",
            "type": "RECTANGLE",
            "tags": [
                "monkey"
            ],
            "boundingBox": {
                "height": 152.20390731605633,
                "width": 73.95690288740334,
                "left": 17.342078540519562,
                "top": 35.02764551714622
            },
            "points": [
                {
                    "x": 17.342078540519562,
                    "y": 35.02764551714622
                },
                {
                    "x": 91.29898142792291,
                    "y": 35.02764551714622
                },
                {
                    "x": 91.29898142792291,
                    "y": 187.23155283320253
                },
                {
                    "x": 17.342078540519562,
                    "y": 187.23155283320253
                }
            ]
        },
        {
            "id": "QOKFmBH41",
            "type": "RECTANGLE",
            "tags": [
                "monkey"
            ],
            "boundingBox": {
                "height": 163.80809286366338,
                "width": 110.12559399162372,
                "left": 102.23055295220243,
                "top": 22.478915762150663
            },
            "points": [
                {
                    "x": 102.23055295220243,
                    "y": 22.478915762150663
                },
                {
                    "x": 212.35614694382613,
                    "y": 22.478915762150663
                },
                {
                    "x": 212.35614694382613,
                    "y": 186.28700862581405
                },
                {
                    "x": 102.23055295220243,
                    "y": 186.28700862581405
                }
            ]
        },
        {
            "id": "PTkHA1KQS",
            "type": "RECTANGLE",
            "tags": [
                "monkey"
            ],
            "boundingBox": {
                "height": 153.2833562619325,
                "width": 66.93906918126171,
                "left": 216.13497018143744,
                "top": 36.78176742622341
            },
            "points": [
                {
                    "x": 216.13497018143744,
                    "y": 36.78176742622341
                },
                {
                    "x": 283.0740393626992,
                    "y": 36.78176742622341
                },
                {
                    "x": 283.0740393626992,
                    "y": 190.06512368815592
                },
                {
                    "x": 216.13497018143744,
                    "y": 190.06512368815592
                }
            ]
        },
        {
            "id": "xRNLyTXk-",
            "type": "RECTANGLE",
            "tags": [
                "monkey"
            ],
            "boundingBox": {
                "height": 112.58854329854115,
                "width": 68.6260625951851,
                "left": 289.4845360824742,
                "top": 69.57037724118898
            },
            "points": [
                {
                    "x": 289.4845360824742,
                    "y": 69.57037724118898
                },
                {
                    "x": 358.1105986776593,
                    "y": 69.57037724118898
                },
                {
                    "x": 358.1105986776593,
                    "y": 182.15892053973013
                },
                {
                    "x": 289.4845360824742,
                    "y": 182.15892053973013
                }
            ]
        }
    ],
    "version": "2.2.0"
}