{
    "asset": {
        "format": "jpg",
        "id": "85d5a9ef5fad03208ab7911dc5e10098",
        "name": "65ytgfhh.jpg",
        "path": "file:C:/Users/ragha/Downloads/rhesusmacaque/65ytgfhh.jpg",
        "size": {
            "width": 300,
            "height": 168
        },
        "state": 2,
        "type": 1
    },
    "regions": [
        {
            "id": "Vvf1p79yL",
            "type": "RECTANGLE",
            "tags": [
                "monkey"
            ],
            "boundingBox": {
                "height": 124.73578166642714,
                "width": 169.14715181474054,
                "left": 36.83223992502344,
                "top": 6.0576923076923075
            },
            "points": [
                {
                    "x": 36.83223992502344,
                    "y": 6.0576923076923075
                },
                {
                    "x": 205.97939173976397,
                    "y": 6.0576923076923075
                },
                {
                    "x": 205.97939173976397,
                    "y": 130.79347397411945
                },
                {
                    "x": 36.83223992502344,
                    "y": 130.79347397411945
                }
            ]
        }
    ],
    "version": "2.2.0"
}