{
    "asset": {
        "format": "jpg",
        "id": "86281e5c1e5908e1d035d3b38684c107",
        "name": "ythgfdbvc.jpg",
        "path": "file:C:/Users/ragha/Downloads/rhesusmacaque/ythgfdbvc.jpg",
        "size": {
            "width": 194,
            "height": 259
        },
        "state": 2,
        "type": 1
    },
    "regions": [
        {
            "id": "QEw98HeSc",
            "type": "RECTANGLE",
            "tags": [
                "monkey"
            ],
            "boundingBox": {
                "height": 104.77062481810144,
                "width": 121.52452830188679,
                "left": 39.66475968270932,
                "top": 33.948023715261684
            },
            "points": [
                {
                    "x": 39.66475968270932,
                    "y": 33.948023715261684
                },
                {
                    "x": 161.1892879845961,
                    "y": 33.948023715261684
                },
                {
                    "x": 161.1892879845961,
                    "y": 138.7186485333631
                },
                {
                    "x": 39.66475968270932,
                    "y": 138.7186485333631
                }
            ]
        },
        {
            "id": "7iRy9QiMz",
            "type": "RECTANGLE",
            "tags": [
                "monkey"
            ],
            "boundingBox": {
                "height": 124.37853107344633,
                "width": 143.48679245283017,
                "left": 36.4436320754717,
                "top": 90.43051294014279
            },
            "points": [
                {
                    "x": 36.4436320754717,
                    "y": 90.43051294014279
                },
                {
                    "x": 179.93042452830187,
                    "y": 90.43051294014279
                },
                {
                    "x": 179.93042452830187,
                    "y": 214.8090440135891
                },
                {
                    "x": 36.4436320754717,
                    "y": 214.8090440135891
                }
            ]
        }
    ],
    "version": "2.2.0"
}