{
    "asset": {
        "format": "jpg",
        "id": "867b879bc34ec32e567321f7c48fbebd",
        "name": "images%20-%202022-02-02T104625.809.jpg",
        "path": "file:C:/Users/ragha/Downloads/rhesusmacaque/images%20-%202022-02-02T104625.809.jpg",
        "size": {
            "width": 284,
            "height": 177
        },
        "state": 2,
        "type": 1
    },
    "regions": [
        {
            "id": "rcj669cfK",
            "type": "RECTANGLE",
            "tags": [
                "monkey"
            ],
            "boundingBox": {
                "height": 140.69664468719628,
                "width": 98.6942449308058,
                "left": 72.55268389662028,
                "top": 12.95741885244561
            },
            "points": [
                {
                    "x": 72.55268389662028,
                    "y": 12.95741885244561
                },
                {
                    "x": 171.24692882742607,
                    "y": 12.95741885244561
                },
                {
                    "x": 171.24692882742607,
                    "y": 153.65406353964187
                },
                {
                    "x": 72.55268389662028,
                    "y": 153.65406353964187
                }
            ]
        },
        {
            "id": "_6fND9Kh9",
            "type": "RECTANGLE",
            "tags": [
                "monkey"
            ],
            "boundingBox": {
                "height": 49.684219141325876,
                "width": 112.2449407558555,
                "left": 121.33518542067905,
                "top": 101.033969568864
            },
            "points": [
                {
                    "x": 121.33518542067905,
                    "y": 101.033969568864
                },
                {
                    "x": 233.58012617653455,
                    "y": 101.033969568864
                },
                {
                    "x": 233.58012617653455,
                    "y": 150.71818871018988
                },
                {
                    "x": 121.33518542067905,
                    "y": 150.71818871018988
                }
            ]
        }
    ],
    "version": "2.2.0"
}