{
    "asset": {
        "format": "jpg",
        "id": "86f7a5c8ffc193f0b6fb22403e430579",
        "name": "images%20(54).jpg",
        "path": "file:C:/Users/ragha/Downloads/rhesusmacaque/images%20(54).jpg",
        "size": {
            "width": 259,
            "height": 194
        },
        "state": 2,
        "type": 1
    },
    "regions": [
        {
            "id": "al8dNSiMs",
            "type": "RECTANGLE",
            "tags": [
                "monkey"
            ],
            "boundingBox": {
                "height": 163.5299485201216,
                "width": 205.41698105793927,
                "left": 53.58301894206073,
                "top": 15.783052519889873
            },
            "points": [
                {
                    "x": 53.58301894206073,
                    "y": 15.783052519889873
                },
                {
                    "x": 259,
                    "y": 15.783052519889873
                },
                {
                    "x": 259,
                    "y": 179.31300104001147
                },
                {
                    "x": 53.58301894206073,
                    "y": 179.31300104001147
                }
            ]
        }
    ],
    "version": "2.2.0"
}