{
    "asset": {
        "format": "jpg",
        "id": "874ab55670d71cb5c8cb740562b1c4e6",
        "name": "563yterhhgf.jpg",
        "path": "file:C:/Users/ragha/Downloads/rhesusmacaque/563yterhhgf.jpg",
        "size": {
            "width": 230,
            "height": 219
        },
        "state": 2,
        "type": 1
    },
    "regions": [
        {
            "id": "KIgqzSOXl",
            "type": "RECTANGLE",
            "tags": [
                "monkey"
            ],
            "boundingBox": {
                "height": 176.68475425849527,
                "width": 164.43607376529906,
                "left": 29.868276193036046,
                "top": 13.115257069215936
            },
            "points": [
                {
                    "x": 29.868276193036046,
                    "y": 13.115257069215936
                },
                {
                    "x": 194.3043499583351,
                    "y": 13.115257069215936
                },
                {
                    "x": 194.3043499583351,
                    "y": 189.80001132771122
                },
                {
                    "x": 29.868276193036046,
                    "y": 189.80001132771122
                }
            ]
        }
    ],
    "version": "2.2.0"
}