{
    "asset": {
        "format": "jpg",
        "id": "87688a21872bf69a0e90f409e533e041",
        "name": "sdfdsfds.jpg",
        "path": "file:C:/Users/ragha/Downloads/rhesusmacaque/sdfdsfds.jpg",
        "size": {
            "width": 315,
            "height": 160
        },
        "state": 2,
        "type": 1
    },
    "regions": [
        {
            "id": "0rxdk9QKK",
            "type": "RECTANGLE",
            "tags": [
                "monkey"
            ],
            "boundingBox": {
                "height": 152.15473698924083,
                "width": 160.4705228974168,
                "left": 154.5294771025832,
                "top": 7.845263010759188
            },
            "points": [
                {
                    "x": 154.5294771025832,
                    "y": 7.845263010759188
                },
                {
                    "x": 315,
                    "y": 7.845263010759188
                },
                {
                    "x": 315,
                    "y": 160
                },
                {
                    "x": 154.5294771025832,
                    "y": 160
                }
            ]
        },
        {
            "id": "HyaMYNMHnF",
            "type": "RECTANGLE",
            "tags": [
                "monkey"
            ],
            "boundingBox": {
                "height": 129.73306976849614,
                "width": 122.78193100964859,
                "left": 18.13261485521358,
                "top": 4.379113084804159
            },
            "points": [
                {
                    "x": 18.13261485521358,
                    "y": 4.379113084804159
                },
                {
                    "x": 140.91454586486216,
                    "y": 4.379113084804159
                },
                {
                    "x": 140.91454586486216,
                    "y": 134.1121828533003
                },
                {
                    "x": 18.13261485521358,
                    "y": 134.1121828533003
                }
            ]
        }
    ],
    "version": "2.2.0"
}