{
    "asset": {
        "format": "jpg",
        "id": "89d084119e40e3b8ece3045a03d81ff9",
        "name": "images%20(53).jpg",
        "path": "file:C:/Users/ragha/Downloads/rhesusmacaque/images%20(53).jpg",
        "size": {
            "width": 275,
            "height": 183
        },
        "state": 2,
        "type": 1
    },
    "regions": [
        {
            "id": "1r2TbORBE",
            "type": "RECTANGLE",
            "tags": [
                "monkey"
            ],
            "boundingBox": {
                "height": 125.72202837669242,
                "width": 158.38345549160374,
                "left": 106.24589525667348,
                "top": 35.772883722337625
            },
            "points": [
                {
                    "x": 106.24589525667348,
                    "y": 35.772883722337625
                },
                {
                    "x": 264.6293507482772,
                    "y": 35.772883722337625
                },
                {
                    "x": 264.6293507482772,
                    "y": 161.49491209903005
                },
                {
                    "x": 106.24589525667348,
                    "y": 161.49491209903005
                }
            ]
        }
    ],
    "version": "2.2.0"
}