{
    "asset": {
        "format": "jpg",
        "id": "8a0a7dd1e99dd76bf6b52b70402b7f27",
        "name": "images%20-%202022-02-02T104625.965.jpg",
        "path": "file:C:/Users/ragha/Downloads/rhesusmacaque/images%20-%202022-02-02T104625.965.jpg",
        "size": {
            "width": 201,
            "height": 251
        },
        "state": 2,
        "type": 1
    },
    "regions": [
        {
            "id": "oZaCzNj57",
            "type": "RECTANGLE",
            "tags": [
                "monkey"
            ],
            "boundingBox": {
                "height": 202.50170735720187,
                "width": 81.95979268714864,
                "left": 14.990798223586308,
                "top": 9.35932257485255
            },
            "points": [
                {
                    "x": 14.990798223586308,
                    "y": 9.35932257485255
                },
                {
                    "x": 96.95059091073495,
                    "y": 9.35932257485255
                },
                {
                    "x": 96.95059091073495,
                    "y": 211.8610299320544
                },
                {
                    "x": 14.990798223586308,
                    "y": 211.8610299320544
                }
            ]
        },
        {
            "id": "EiX7wqN3u",
            "type": "RECTANGLE",
            "tags": [
                "monkey"
            ],
            "boundingBox": {
                "height": 133.29943502824858,
                "width": 48.77884896091683,
                "left": 108.57809981088789,
                "top": 111.74463709599553
            },
            "points": [
                {
                    "x": 108.57809981088789,
                    "y": 111.74463709599553
                },
                {
                    "x": 157.35694877180472,
                    "y": 111.74463709599553
                },
                {
                    "x": 157.35694877180472,
                    "y": 245.0440721242441
                },
                {
                    "x": 108.57809981088789,
                    "y": 245.0440721242441
                }
            ]
        },
        {
            "id": "4zcPQpYgB",
            "type": "RECTANGLE",
            "tags": [
                "monkey"
            ],
            "boundingBox": {
                "height": 148.04745438139315,
                "width": 85.64657382864169,
                "left": 112.26488095238095,
                "top": 26.659885923741225
            },
            "points": [
                {
                    "x": 112.26488095238095,
                    "y": 26.659885923741225
                },
                {
                    "x": 197.91145478102263,
                    "y": 26.659885923741225
                },
                {
                    "x": 197.91145478102263,
                    "y": 174.70734030513438
                },
                {
                    "x": 112.26488095238095,
                    "y": 174.70734030513438
                }
            ]
        }
    ],
    "version": "2.2.0"
}