{
    "asset": {
        "format": "jpg",
        "id": "8ae30a3c7537def5d02198fd0c02eeef",
        "name": "images%20(86).jpg",
        "path": "file:C:/Users/ragha/Downloads/rhesusmacaque/images%20(86).jpg",
        "size": {
            "width": 259,
            "height": 194
        },
        "state": 2,
        "type": 1
    },
    "regions": [
        {
            "id": "QfrftQg2Q",
            "type": "RECTANGLE",
            "tags": [
                "monkey"
            ],
            "boundingBox": {
                "height": 175.3672420911196,
                "width": 160.76617670361637,
                "left": 43.20659355179704,
                "top": 8.110734045168773
            },
            "points": [
                {
                    "x": 43.20659355179704,
                    "y": 8.110734045168773
                },
                {
                    "x": 203.97277025541342,
                    "y": 8.110734045168773
                },
                {
                    "x": 203.97277025541342,
                    "y": 183.4779761362884
                },
                {
                    "x": 43.20659355179704,
                    "y": 183.4779761362884
                }
            ]
        }
    ],
    "version": "2.2.0"
}