{
    "asset": {
        "format": "jpg",
        "id": "8aeb0103d3d627e1a9cc4f09382457d6",
        "name": "imagestrhegfdbv.jpg",
        "path": "file:C:/Users/ragha/Downloads/rhesusmacaque/imagestrhegfdbv.jpg",
        "size": {
            "width": 275,
            "height": 183
        },
        "state": 2,
        "type": 1
    },
    "regions": [
        {
            "id": "tG80S0qfrg",
            "type": "RECTANGLE",
            "tags": [
                "monkey"
            ],
            "boundingBox": {
                "height": 160.1659726498732,
                "width": 131.65010107203457,
                "left": 59.75646290106043,
                "top": 16.804589969008717
            },
            "points": [
                {
                    "x": 59.75646290106043,
                    "y": 16.804589969008717
                },
                {
                    "x": 191.40656397309502,
                    "y": 16.804589969008717
                },
                {
                    "x": 191.40656397309502,
                    "y": 176.9705626188819
                },
                {
                    "x": 59.75646290106043,
                    "y": 176.9705626188819
                }
            ]
        },
        {
            "id": "BXYIJpesf",
            "type": "RECTANGLE",
            "tags": [
                "monkey"
            ],
            "boundingBox": {
                "height": 175.46149503793288,
                "width": 144.16997010854791,
                "left": 130.83002989145206,
                "top": 3.694142207814686
            },
            "points": [
                {
                    "x": 130.83002989145206,
                    "y": 3.694142207814686
                },
                {
                    "x": 275,
                    "y": 3.694142207814686
                },
                {
                    "x": 275,
                    "y": 179.15563724574758
                },
                {
                    "x": 130.83002989145206,
                    "y": 179.15563724574758
                }
            ]
        }
    ],
    "version": "2.2.0"
}