{
    "asset": {
        "format": "jpg",
        "id": "8b2bbe860f0c72e25c2ae25a59d55148",
        "name": "SyZwaWQ9QXBp%20(7).jpg",
        "path": "file:C:/Users/ragha/Downloads/rhesusmacaque/SyZwaWQ9QXBp%20(7).jpg",
        "size": {
            "width": 401,
            "height": 225
        },
        "state": 2,
        "type": 1
    },
    "regions": [
        {
            "id": "B-WcVYGWB",
            "type": "RECTANGLE",
            "tags": [
                "monkey"
            ],
            "boundingBox": {
                "height": 183.46759709293076,
                "width": 167.33280462178828,
                "left": 36.31847239196418,
                "top": 13.71277977831518
            },
            "points": [
                {
                    "x": 36.31847239196418,
                    "y": 13.71277977831518
                },
                {
                    "x": 203.65127701375246,
                    "y": 13.71277977831518
                },
                {
                    "x": 203.65127701375246,
                    "y": 197.18037687124595
                },
                {
                    "x": 36.31847239196418,
                    "y": 197.18037687124595
                }
            ]
        }
    ],
    "version": "2.2.0"
}