{
    "asset": {
        "format": "jpg",
        "id": "8b30ecfeccc76341423379c8327e459b",
        "name": "aiZwaWQ9QXBp%20(1).jpg",
        "path": "file:C:/Users/ragha/Downloads/rhesusmacaque/aiZwaWQ9QXBp%20(1).jpg",
        "size": {
            "width": 300,
            "height": 225
        },
        "state": 2,
        "type": 1
    },
    "regions": [
        {
            "id": "yxYrFuaaM",
            "type": "RECTANGLE",
            "tags": [
                "monkey"
            ],
            "boundingBox": {
                "height": 188.38984117669574,
                "width": 158.89831478312863,
                "left": 48.273303145069185,
                "top": 7.881356902041677
            },
            "points": [
                {
                    "x": 48.273303145069185,
                    "y": 7.881356902041677
                },
                {
                    "x": 207.17161792819783,
                    "y": 7.881356902041677
                },
                {
                    "x": 207.17161792819783,
                    "y": 196.2711980787374
                },
                {
                    "x": 48.273303145069185,
                    "y": 196.2711980787374
                }
            ]
        }
    ],
    "version": "2.2.0"
}