{
    "asset": {
        "format": "jpg",
        "id": "8baf91c9ccd4f355072d489161e4d47a",
        "name": "trhsfgxbcv.jpg",
        "path": "file:C:/Users/ragha/Downloads/rhesusmacaque/trhsfgxbcv.jpg",
        "size": {
            "width": 300,
            "height": 168
        },
        "state": 2,
        "type": 1
    },
    "regions": [
        {
            "id": "K13-1jdYs",
            "type": "RECTANGLE",
            "tags": [
                "monkey"
            ],
            "boundingBox": {
                "height": 157.43368241159538,
                "width": 181.76817828405115,
                "left": 58.52652439199871,
                "top": 10.566317588404605
            },
            "points": [
                {
                    "x": 58.52652439199871,
                    "y": 10.566317588404605
                },
                {
                    "x": 240.29470267604987,
                    "y": 10.566317588404605
                },
                {
                    "x": 240.29470267604987,
                    "y": 167.99999999999997
                },
                {
                    "x": 58.52652439199871,
                    "y": 167.99999999999997
                }
            ]
        }
    ],
    "version": "2.2.0"
}