{
    "asset": {
        "format": "jpg",
        "id": "8f6062ccd8a5d40d01fff7fd4d4228ec",
        "name": "images%20(37).jpg",
        "path": "file:C:/Users/ragha/Downloads/rhesusmacaque/images%20(37).jpg",
        "size": {
            "width": 272,
            "height": 154
        },
        "state": 2,
        "type": 1
    },
    "regions": [
        {
            "id": "1TBm4472y",
            "type": "RECTANGLE",
            "tags": [
                "monkey"
            ],
            "boundingBox": {
                "height": 100.95095198675497,
                "width": 76.0682271226277,
                "left": 25.441054339708295,
                "top": 53.04904801324504
            },
            "points": [
                {
                    "x": 25.441054339708295,
                    "y": 53.04904801324504
                },
                {
                    "x": 101.50928146233599,
                    "y": 53.04904801324504
                },
                {
                    "x": 101.50928146233599,
                    "y": 154.00000000000003
                },
                {
                    "x": 25.441054339708295,
                    "y": 154.00000000000003
                }
            ]
        },
        {
            "id": "kxij_-AdS",
            "type": "RECTANGLE",
            "tags": [
                "monkey"
            ],
            "boundingBox": {
                "height": 152.35227415577467,
                "width": 150.30104026329664,
                "left": 103.14077784530225,
                "top": 1.6477258442253468
            },
            "points": [
                {
                    "x": 103.14077784530225,
                    "y": 1.6477258442253468
                },
                {
                    "x": 253.44181810859888,
                    "y": 1.6477258442253468
                },
                {
                    "x": 253.44181810859888,
                    "y": 154.00000000000003
                },
                {
                    "x": 103.14077784530225,
                    "y": 154.00000000000003
                }
            ]
        }
    ],
    "version": "2.2.0"
}