{
    "asset": {
        "format": "jpg",
        "id": "900bf0f860c576a27fa6d465ed6e71fb",
        "name": "images%20-%202022-02-02T104626.031.jpg",
        "path": "file:C:/Users/ragha/Downloads/rhesusmacaque/images%20-%202022-02-02T104626.031.jpg",
        "size": {
            "width": 275,
            "height": 183
        },
        "state": 2,
        "type": 1
    },
    "regions": [
        {
            "id": "UA3Y2eoIh",
            "type": "RECTANGLE",
            "tags": [
                "monkey"
            ],
            "boundingBox": {
                "height": 162.2622773697127,
                "width": 75.44731610337972,
                "left": 101.96322067594433,
                "top": 20.737722630287283
            },
            "points": [
                {
                    "x": 101.96322067594433,
                    "y": 20.737722630287283
                },
                {
                    "x": 177.41053677932405,
                    "y": 20.737722630287283
                },
                {
                    "x": 177.41053677932405,
                    "y": 183
                },
                {
                    "x": 101.96322067594433,
                    "y": 183
                }
            ]
        }
    ],
    "version": "2.2.0"
}