{
    "asset": {
        "format": "jpg",
        "id": "922cf6cc324e184cf47540abbaf0b92d",
        "name": "6tgfdhfdh.jpg",
        "path": "file:C:/Users/ragha/Downloads/rhesusmacaque/6tgfdhfdh.jpg",
        "size": {
            "width": 201,
            "height": 251
        },
        "state": 2,
        "type": 1
    },
    "regions": [
        {
            "id": "Bzb0edCPh",
            "type": "RECTANGLE",
            "tags": [
                "monkey"
            ],
            "boundingBox": {
                "height": 168.75140701983608,
                "width": 177.39489875268683,
                "left": 23.60510124731316,
                "top": 37.15367339829267
            },
            "points": [
                {
                    "x": 23.60510124731316,
                    "y": 37.15367339829267
                },
                {
                    "x": 201,
                    "y": 37.15367339829267
                },
                {
                    "x": 201,
                    "y": 205.90508041812873
                },
                {
                    "x": 23.60510124731316,
                    "y": 205.90508041812873
                }
            ]
        }
    ],
    "version": "2.2.0"
}