{
    "asset": {
        "format": "jpg",
        "id": "9274de1a6ea64713309ba383e02ab0ea",
        "name": "jhngb.jpg",
        "path": "file:C:/Users/ragha/Downloads/rhesusmacaque/jhngb.jpg",
        "size": {
            "width": 285,
            "height": 177
        },
        "state": 2,
        "type": 1
    },
    "regions": [
        {
            "id": "wNBEYI6vI",
            "type": "RECTANGLE",
            "tags": [
                "monkey"
            ],
            "boundingBox": {
                "height": 78.1631913574219,
                "width": 37.84890828976337,
                "left": 34.10934220725452,
                "top": 60.66144345703126
            },
            "points": [
                {
                    "x": 34.10934220725452,
                    "y": 60.66144345703126
                },
                {
                    "x": 71.9582504970179,
                    "y": 60.66144345703126
                },
                {
                    "x": 71.9582504970179,
                    "y": 138.82463481445313
                },
                {
                    "x": 34.10934220725452,
                    "y": 138.82463481445313
                }
            ]
        },
        {
            "id": "tGnToC9SA",
            "type": "RECTANGLE",
            "tags": [
                "monkey"
            ],
            "boundingBox": {
                "height": 91.98335654296875,
                "width": 72.9781415874868,
                "left": 184.0884657266363,
                "top": 43.726078271484376
            },
            "points": [
                {
                    "x": 184.0884657266363,
                    "y": 43.726078271484376
                },
                {
                    "x": 257.0666073141231,
                    "y": 43.726078271484376
                },
                {
                    "x": 257.0666073141231,
                    "y": 135.70943481445312
                },
                {
                    "x": 184.0884657266363,
                    "y": 135.70943481445312
                }
            ]
        }
    ],
    "version": "2.2.0"
}