{
    "asset": {
        "format": "jpg",
        "id": "92bb5bc05ebb6adc9b2d7d2e65528742",
        "name": "45wrgsfdvc.jpg",
        "path": "file:C:/Users/karan/Pictures/rhesusmacaque/45wrgsfdvc.jpg",
        "size": {
            "width": 205,
            "height": 246
        },
        "state": 2,
        "type": 1,
        "predicted": true
    },
    "regions": [
        {
            "id": "jMlPt1ONF",
            "type": "RECTANGLE",
            "tags": [
                "Monkey"
            ],
            "boundingBox": {
                "left": 37.56413206458092,
                "top": 18.732078909873962,
                "width": 110.4718704521656,
                "height": 151.01926946640015
            },
            "points": [
                {
                    "x": 37.56413206458092,
                    "y": 18.732078909873962
                },
                {
                    "x": 148.03600251674652,
                    "y": 18.732078909873962
                },
                {
                    "x": 148.03600251674652,
                    "y": 169.7513483762741
                },
                {
                    "x": 37.56413206458092,
                    "y": 169.7513483762741
                }
            ]
        }
    ],
    "version": "2.2.0"
}