{
    "asset": {
        "format": "jpg",
        "id": "93066e11000f38995f5faec00eb75713",
        "name": "ytjdhghgjghjb.jpg",
        "path": "file:C:/Users/ragha/Downloads/rhesusmacaque/ytjdhghgjghjb.jpg",
        "size": {
            "width": 225,
            "height": 225
        },
        "state": 2,
        "type": 1
    },
    "regions": [
        {
            "id": "k8IOtHylF",
            "type": "RECTANGLE",
            "tags": [
                "monkey"
            ],
            "boundingBox": {
                "height": 129.40678596496582,
                "width": 111.10169685493081,
                "left": 14.110167551848848,
                "top": 6.101696370011669
            },
            "points": [
                {
                    "x": 14.110167551848848,
                    "y": 6.101696370011669
                },
                {
                    "x": 125.21186440677965,
                    "y": 6.101696370011669
                },
                {
                    "x": 125.21186440677965,
                    "y": 135.5084823349775
                },
                {
                    "x": 14.110167551848848,
                    "y": 135.5084823349775
                }
            ]
        },
        {
            "id": "aQrO-Zq3xe",
            "type": "RECTANGLE",
            "tags": [
                "monkey"
            ],
            "boundingBox": {
                "height": 66.10169491525423,
                "width": 164.7457704705707,
                "left": 4.4491525423728815,
                "top": 140.8474615064718
            },
            "points": [
                {
                    "x": 4.4491525423728815,
                    "y": 140.8474615064718
                },
                {
                    "x": 169.19492301294358,
                    "y": 140.8474615064718
                },
                {
                    "x": 169.19492301294358,
                    "y": 206.94915642172603
                },
                {
                    "x": 4.4491525423728815,
                    "y": 206.94915642172603
                }
            ]
        },
        {
            "id": "rbjcxzpyW",
            "type": "RECTANGLE",
            "tags": [
                "monkey"
            ],
            "boundingBox": {
                "height": 208.47458596956932,
                "width": 50.4660978155621,
                "left": 174.5339021844379,
                "top": 11.949154482049456
            },
            "points": [
                {
                    "x": 174.5339021844379,
                    "y": 11.949154482049456
                },
                {
                    "x": 225,
                    "y": 11.949154482049456
                },
                {
                    "x": 225,
                    "y": 220.42374045161876
                },
                {
                    "x": 174.5339021844379,
                    "y": 220.42374045161876
                }
            ]
        }
    ],
    "version": "2.2.0"
}