{
    "asset": {
        "format": "jpg",
        "id": "936127c108d8b4c6b64956c20782e664",
        "name": "NyZwaWQ9QXBp%20(1).jpg",
        "path": "file:C:/Users/ragha/Downloads/rhesusmacaque/NyZwaWQ9QXBp%20(1).jpg",
        "size": {
            "width": 339,
            "height": 225
        },
        "state": 2,
        "type": 1
    },
    "regions": [
        {
            "id": "uYbysr_AF",
            "type": "RECTANGLE",
            "tags": [
                "monkey"
            ],
            "boundingBox": {
                "height": 114.52094780470797,
                "width": 233.45847604194165,
                "left": 61.12783094523677,
                "top": 59.50037990501542
            },
            "points": [
                {
                    "x": 61.12783094523677,
                    "y": 59.50037990501542
                },
                {
                    "x": 294.58630698717843,
                    "y": 59.50037990501542
                },
                {
                    "x": 294.58630698717843,
                    "y": 174.02132770972338
                },
                {
                    "x": 61.12783094523677,
                    "y": 174.02132770972338
                }
            ]
        },
        {
            "id": "2s3FPtJ_s",
            "type": "RECTANGLE",
            "tags": [
                "monkey"
            ],
            "boundingBox": {
                "height": 91.3473095008713,
                "width": 56.073148693289475,
                "left": 122.18828271824133,
                "top": 103.4225335378133
            },
            "points": [
                {
                    "x": 122.18828271824133,
                    "y": 103.4225335378133
                },
                {
                    "x": 178.2614314115308,
                    "y": 103.4225335378133
                },
                {
                    "x": 178.2614314115308,
                    "y": 194.7698430386846
                },
                {
                    "x": 122.18828271824133,
                    "y": 194.7698430386846
                }
            ]
        }
    ],
    "version": "2.2.0"
}