{
    "asset": {
        "format": "jpg",
        "id": "93c83e407c91eb20c485125ceb4a7c6d",
        "name": "images%20-%202022-02-02T104626.368.jpg",
        "path": "file:C:/Users/ragha/Downloads/rhesusmacaque/images%20-%202022-02-02T104626.368.jpg",
        "size": {
            "width": 275,
            "height": 183
        },
        "state": 2,
        "type": 1
    },
    "regions": [
        {
            "id": "e6n_IBluY",
            "type": "RECTANGLE",
            "tags": [
                "monkey"
            ],
            "boundingBox": {
                "height": 161.82526077725993,
                "width": 168.82703944181588,
                "left": 56.69482934546044,
                "top": 21.174739222740058
            },
            "points": [
                {
                    "x": 56.69482934546044,
                    "y": 21.174739222740058
                },
                {
                    "x": 225.52186878727633,
                    "y": 21.174739222740058
                },
                {
                    "x": 225.52186878727633,
                    "y": 183
                },
                {
                    "x": 56.69482934546044,
                    "y": 183
                }
            ]
        }
    ],
    "version": "2.2.0"
}