{
    "asset": {
        "format": "jpg",
        "id": "941bec91b22aaeb56a7186c5d01b745f",
        "name": "6576ythgfdh.jpg",
        "path": "file:C:/Users/ragha/Downloads/rhesusmacaque/6576ythgfdh.jpg",
        "size": {
            "width": 275,
            "height": 183
        },
        "state": 2,
        "type": 1
    },
    "regions": [
        {
            "id": "Yv7NLZYgL",
            "type": "RECTANGLE",
            "tags": [
                "monkey"
            ],
            "boundingBox": {
                "height": 164.1830500586558,
                "width": 145.3571491671684,
                "left": 42.768442182612596,
                "top": 7.444068585411976
            },
            "points": [
                {
                    "x": 42.768442182612596,
                    "y": 7.444068585411976
                },
                {
                    "x": 188.125591349781,
                    "y": 7.444068585411976
                },
                {
                    "x": 188.125591349781,
                    "y": 171.6271186440678
                },
                {
                    "x": 42.768442182612596,
                    "y": 171.6271186440678
                }
            ]
        }
    ],
    "version": "2.2.0"
}