{
    "asset": {
        "format": "jpg",
        "id": "950ae2feb056619cbc3ba2d4ec8c922c",
        "name": "UiZwaWQ9QXBp.jpg",
        "path": "file:C:/Users/ragha/Downloads/rhesusmacaque/UiZwaWQ9QXBp.jpg",
        "size": {
            "width": 180,
            "height": 225
        },
        "state": 2,
        "type": 1
    },
    "regions": [
        {
            "id": "8VGjaZxiJ",
            "type": "RECTANGLE",
            "tags": [
                "monkey"
            ],
            "boundingBox": {
                "height": 189.15254140304307,
                "width": 159.01060070671377,
                "left": 11.194340466610534,
                "top": 12.966102664753542
            },
            "points": [
                {
                    "x": 11.194340466610534,
                    "y": 12.966102664753542
                },
                {
                    "x": 170.2049411733243,
                    "y": 12.966102664753542
                },
                {
                    "x": 170.2049411733243,
                    "y": 202.1186440677966
                },
                {
                    "x": 11.194340466610534,
                    "y": 202.1186440677966
                }
            ]
        }
    ],
    "version": "2.2.0"
}