{
    "asset": {
        "format": "jpg",
        "id": "9567413b546de9dc7d5e374aab1faa2f",
        "name": "SCZwaWQ9QXBp%20(7).jpg",
        "path": "file:C:/Users/ragha/Downloads/rhesusmacaque/SCZwaWQ9QXBp%20(7).jpg",
        "size": {
            "width": 150,
            "height": 225
        },
        "state": 2,
        "type": 1
    },
    "regions": [
        {
            "id": "HF16Hvw6K",
            "type": "RECTANGLE",
            "tags": [
                "monkey"
            ],
            "boundingBox": {
                "height": 169.06780630855235,
                "width": 104.49152154437566,
                "left": 45.508478455624335,
                "top": 20.84745956679522
            },
            "points": [
                {
                    "x": 45.508478455624335,
                    "y": 20.84745956679522
                },
                {
                    "x": 150,
                    "y": 20.84745956679522
                },
                {
                    "x": 150,
                    "y": 189.9152658753476
                },
                {
                    "x": 45.508478455624335,
                    "y": 189.9152658753476
                }
            ]
        }
    ],
    "version": "2.2.0"
}