{
    "asset": {
        "format": "jpg",
        "id": "95d10f79732669be1b42516c853f8383",
        "name": "imageshrtedfg.jpg",
        "path": "file:C:/Users/ragha/Downloads/rhesusmacaque/imageshrtedfg.jpg",
        "size": {
            "width": 194,
            "height": 259
        },
        "state": 2,
        "type": 1
    },
    "regions": [
        {
            "id": "RhEKQeKOw",
            "type": "RECTANGLE",
            "tags": [
                "monkey"
            ],
            "boundingBox": {
                "height": 196.07909604519773,
                "width": 123.57433068617334,
                "left": 35.71155660377358,
                "top": 51.21468926553672
            },
            "points": [
                {
                    "x": 35.71155660377358,
                    "y": 51.21468926553672
                },
                {
                    "x": 159.2858872899469,
                    "y": 51.21468926553672
                },
                {
                    "x": 159.2858872899469,
                    "y": 247.29378531073445
                },
                {
                    "x": 35.71155660377358,
                    "y": 247.29378531073445
                }
            ]
        }
    ],
    "version": "2.2.0"
}