{
    "asset": {
        "format": "jpg",
        "id": "960e2b9e3577c605858af848315a951b",
        "name": "images%20-%202022-02-02T104625.892.jpg",
        "path": "file:C:/Users/ragha/Downloads/rhesusmacaque/images%20-%202022-02-02T104625.892.jpg",
        "size": {
            "width": 275,
            "height": 183
        },
        "state": 2,
        "type": 1
    },
    "regions": [
        {
            "id": "_Rfl3KajC",
            "type": "RECTANGLE",
            "tags": [
                "monkey"
            ],
            "boundingBox": {
                "height": 161.16974005627986,
                "width": 167.2962393485765,
                "left": 38.325053038701384,
                "top": 9.812349495958925
            },
            "points": [
                {
                    "x": 38.325053038701384,
                    "y": 9.812349495958925
                },
                {
                    "x": 205.6212923872779,
                    "y": 9.812349495958925
                },
                {
                    "x": 205.6212923872779,
                    "y": 170.9820895522388
                },
                {
                    "x": 38.325053038701384,
                    "y": 170.9820895522388
                }
            ]
        }
    ],
    "version": "2.2.0"
}