{
    "asset": {
        "format": "jpg",
        "id": "9668149b895b3661d255acd36e6ab41c",
        "name": "images%20-%202022-02-02T104625.735.jpg",
        "path": "file:C:/Users/ragha/Downloads/rhesusmacaque/images%20-%202022-02-02T104625.735.jpg",
        "size": {
            "width": 404,
            "height": 125
        },
        "state": 2,
        "type": 1
    },
    "regions": [
        {
            "id": "g71PZ9IvE",
            "type": "RECTANGLE",
            "tags": [
                "monkey"
            ],
            "boundingBox": {
                "height": 110.61092511633967,
                "width": 295.89183174876524,
                "left": 45.70100138912618,
                "top": 4.195136655948553
            },
            "points": [
                {
                    "x": 45.70100138912618,
                    "y": 4.195136655948553
                },
                {
                    "x": 341.59283313789143,
                    "y": 4.195136655948553
                },
                {
                    "x": 341.59283313789143,
                    "y": 114.80606177228823
                },
                {
                    "x": 45.70100138912618,
                    "y": 114.80606177228823
                }
            ]
        }
    ],
    "version": "2.2.0"
}