{
    "asset": {
        "format": "jpg",
        "id": "96d54070c4982abdf01a1f48ae93d2d3",
        "name": "cyZwaWQ9QXBp.jpg",
        "path": "file:C:/Users/ragha/Downloads/rhesusmacaque/cyZwaWQ9QXBp.jpg",
        "size": {
            "width": 217,
            "height": 225
        },
        "state": 2,
        "type": 1
    },
    "regions": [
        {
            "id": "4E0rJHnof",
            "type": "RECTANGLE",
            "tags": [
                "monkey"
            ],
            "boundingBox": {
                "height": 202.37288959955765,
                "width": 143.60763286182856,
                "left": 60.914084483379845,
                "top": 10.67796561677577
            },
            "points": [
                {
                    "x": 60.914084483379845,
                    "y": 10.67796561677577
                },
                {
                    "x": 204.5217173452084,
                    "y": 10.67796561677577
                },
                {
                    "x": 204.5217173452084,
                    "y": 213.05085521633342
                },
                {
                    "x": 60.914084483379845,
                    "y": 213.05085521633342
                }
            ]
        }
    ],
    "version": "2.2.0"
}