{
    "asset": {
        "format": "jpg",
        "id": "96f4615dd78616cff20f3584a0e1b9e2",
        "name": "images%20(91).jpg",
        "path": "file:C:/Users/ragha/Downloads/rhesusmacaque/images%20(91).jpg",
        "size": {
            "width": 100,
            "height": 100
        },
        "state": 2,
        "type": 1
    },
    "regions": [
        {
            "id": "NjwY8pauo",
            "type": "RECTANGLE",
            "tags": [
                "monkey"
            ],
            "boundingBox": {
                "height": 82.1468978278381,
                "width": 70.62146892655367,
                "left": 13.559322033898304,
                "top": 2.2598870056497176
            },
            "points": [
                {
                    "x": 13.559322033898304,
                    "y": 2.2598870056497176
                },
                {
                    "x": 84.18079096045197,
                    "y": 2.2598870056497176
                },
                {
                    "x": 84.18079096045197,
                    "y": 84.40678483348782
                },
                {
                    "x": 13.559322033898304,
                    "y": 84.40678483348782
                }
            ]
        }
    ],
    "version": "2.2.0"
}