{
    "asset": {
        "format": "jpg",
        "id": "97721c292254fbd65617f7d920616002",
        "name": "54ytrdfddgh.jpg",
        "path": "file:C:/Users/ragha/Downloads/rhesusmacaque/54ytrdfddgh.jpg",
        "size": {
            "width": 269,
            "height": 187
        },
        "state": 2,
        "type": 1
    },
    "regions": [
        {
            "id": "rsizLP0lm",
            "type": "RECTANGLE",
            "tags": [
                "monkey"
            ],
            "boundingBox": {
                "height": 156.57288417708398,
                "width": 216.04558118059495,
                "left": 22.761283574731973,
                "top": 3.539265939744852
            },
            "points": [
                {
                    "x": 22.761283574731973,
                    "y": 3.539265939744852
                },
                {
                    "x": 238.80686475532696,
                    "y": 3.539265939744852
                },
                {
                    "x": 238.80686475532696,
                    "y": 160.11215011682884
                },
                {
                    "x": 22.761283574731973,
                    "y": 160.11215011682884
                }
            ]
        }
    ],
    "version": "2.2.0"
}