{
    "asset": {
        "format": "jpg",
        "id": "98265eb9c1398c73b4f7b9b8fb369569",
        "name": "546ytrhgfgd.jpg",
        "path": "file:C:/Users/ragha/Downloads/rhesusmacaque/546ytrhgfgd.jpg",
        "size": {
            "width": 276,
            "height": 182
        },
        "state": 2,
        "type": 1
    },
    "regions": [
        {
            "id": "Am8W6kyif",
            "type": "RECTANGLE",
            "tags": [
                "monkey"
            ],
            "boundingBox": {
                "height": 163.8000035502694,
                "width": 217.07515927487262,
                "left": 34.09260080010397,
                "top": 3.984481139616533
            },
            "points": [
                {
                    "x": 34.09260080010397,
                    "y": 3.984481139616533
                },
                {
                    "x": 251.16776007497657,
                    "y": 3.984481139616533
                },
                {
                    "x": 251.16776007497657,
                    "y": 167.78448468988594
                },
                {
                    "x": 34.09260080010397,
                    "y": 167.78448468988594
                }
            ]
        }
    ],
    "version": "2.2.0"
}