{
    "asset": {
        "format": "jpg",
        "id": "9984f51826a6e6591144bd06d15ae76e",
        "name": "images%20(80).jpg",
        "path": "file:C:/Users/ragha/Downloads/rhesusmacaque/images%20(80).jpg",
        "size": {
            "width": 183,
            "height": 275
        },
        "state": 2,
        "type": 1
    },
    "regions": [
        {
            "id": "1yodS02Ci",
            "type": "RECTANGLE",
            "tags": [
                "monkey"
            ],
            "boundingBox": {
                "height": 232.1186582920915,
                "width": 139.2509648997313,
                "left": 30.140609838400678,
                "top": 20.19774011299435
            },
            "points": [
                {
                    "x": 30.140609838400678,
                    "y": 20.19774011299435
                },
                {
                    "x": 169.39157473813196,
                    "y": 20.19774011299435
                },
                {
                    "x": 169.39157473813196,
                    "y": 252.31639840508586
                },
                {
                    "x": 30.140609838400678,
                    "y": 252.31639840508586
                }
            ]
        }
    ],
    "version": "2.2.0"
}