{
    "asset": {
        "format": "jpg",
        "id": "9baa1fd854a3d9367e07d520328cdb72",
        "name": "LSZwaWQ9QXBp%20(2).jpg",
        "path": "file:C:/Users/ragha/Downloads/rhesusmacaque/LSZwaWQ9QXBp%20(2).jpg",
        "size": {
            "width": 186,
            "height": 225
        },
        "state": 2,
        "type": 1
    },
    "regions": [
        {
            "id": "RSA1cgtkC",
            "type": "RECTANGLE",
            "tags": [
                "monkey"
            ],
            "boundingBox": {
                "height": 186.8644189026396,
                "width": 160.73445936600095,
                "left": 8.966733235954832,
                "top": 10.67796561677577
            },
            "points": [
                {
                    "x": 8.966733235954832,
                    "y": 10.67796561677577
                },
                {
                    "x": 169.7011926019558,
                    "y": 10.67796561677577
                },
                {
                    "x": 169.7011926019558,
                    "y": 197.54238451941538
                },
                {
                    "x": 8.966733235954832,
                    "y": 197.54238451941538
                }
            ]
        }
    ],
    "version": "2.2.0"
}