{
    "asset": {
        "format": "jpg",
        "id": "9c1fe505f00bfbd64965dfcd6da7b491",
        "name": "OCZwaWQ9QXBp%20(25).jpg",
        "path": "file:C:/Users/ragha/Downloads/rhesusmacaque/OCZwaWQ9QXBp%20(25).jpg",
        "size": {
            "width": 338,
            "height": 225
        },
        "state": 2,
        "type": 1
    },
    "regions": [
        {
            "id": "btUjwID9p",
            "type": "RECTANGLE",
            "tags": [
                "monkey"
            ],
            "boundingBox": {
                "height": 119.01492332344625,
                "width": 156.9717632316453,
                "left": 74.7900616928313,
                "top": 51.86334211434891
            },
            "points": [
                {
                    "x": 74.7900616928313,
                    "y": 51.86334211434891
                },
                {
                    "x": 231.7618249244766,
                    "y": 51.86334211434891
                },
                {
                    "x": 231.7618249244766,
                    "y": 170.87826543779516
                },
                {
                    "x": 74.7900616928313,
                    "y": 170.87826543779516
                }
            ]
        }
    ],
    "version": "2.2.0"
}