{
    "asset": {
        "format": "jpg",
        "id": "9cb923a6a74fb94c3733fe4e62ed4f6f",
        "name": "65ythgfhegfd.jpg",
        "path": "file:C:/Users/ragha/Downloads/rhesusmacaque/65ythgfhegfd.jpg",
        "size": {
            "width": 293,
            "height": 172
        },
        "state": 2,
        "type": 1
    },
    "regions": [
        {
            "id": "sKsEVfydm",
            "type": "RECTANGLE",
            "tags": [
                "monkey"
            ],
            "boundingBox": {
                "height": 163.9770018361247,
                "width": 263.178255118716,
                "left": 6.755203175567083,
                "top": 4.61254161310653
            },
            "points": [
                {
                    "x": 6.755203175567083,
                    "y": 4.61254161310653
                },
                {
                    "x": 269.93345829428307,
                    "y": 4.61254161310653
                },
                {
                    "x": 269.93345829428307,
                    "y": 168.58954344923123
                },
                {
                    "x": 6.755203175567083,
                    "y": 168.58954344923123
                }
            ]
        }
    ],
    "version": "2.2.0"
}