{
    "asset": {
        "format": "jpg",
        "id": "9cc7c8e4231307279d6dae0da2785f96",
        "name": "images%20-%202022-02-02T104626.390.jpg",
        "path": "file:C:/Users/ragha/Downloads/rhesusmacaque/images%20-%202022-02-02T104626.390.jpg",
        "size": {
            "width": 300,
            "height": 168
        },
        "state": 2,
        "type": 1
    },
    "regions": [
        {
            "id": "AtAJuHuJi",
            "type": "RECTANGLE",
            "tags": [
                "monkey"
            ],
            "boundingBox": {
                "height": 160.65932322310724,
                "width": 184.41352616721545,
                "left": 92.14711729622266,
                "top": 1.5777993346192272
            },
            "points": [
                {
                    "x": 92.14711729622266,
                    "y": 1.5777993346192272
                },
                {
                    "x": 276.5606434634381,
                    "y": 1.5777993346192272
                },
                {
                    "x": 276.5606434634381,
                    "y": 162.23712255772645
                },
                {
                    "x": 92.14711729622266,
                    "y": 162.23712255772645
                }
            ]
        }
    ],
    "version": "2.2.0"
}