{
    "asset": {
        "format": "jpg",
        "id": "9d2d7d1fc91045b26106bef9aa337590",
        "name": "images%20(41).jpg",
        "path": "file:C:/Users/ragha/Downloads/rhesusmacaque/images%20(41).jpg",
        "size": {
            "width": 194,
            "height": 260
        },
        "state": 2,
        "type": 1
    },
    "regions": [
        {
            "id": "bsvA8YdEz",
            "type": "RECTANGLE",
            "tags": [
                "monkey"
            ],
            "boundingBox": {
                "height": 223.276830554682,
                "width": 154.02424690940163,
                "left": 8.248667514685428,
                "top": 10.5762723071427
            },
            "points": [
                {
                    "x": 8.248667514685428,
                    "y": 10.5762723071427
                },
                {
                    "x": 162.27291442408708,
                    "y": 10.5762723071427
                },
                {
                    "x": 162.27291442408708,
                    "y": 233.85310286182468
                },
                {
                    "x": 8.248667514685428,
                    "y": 233.85310286182468
                }
            ]
        }
    ],
    "version": "2.2.0"
}