{
    "asset": {
        "format": "jpg",
        "id": "9d7e8b2d23880c40e9370ac1c2443c27",
        "name": "images%20-%202022-02-02T104626.041.jpg",
        "path": "file:C:/Users/ragha/Downloads/rhesusmacaque/images%20-%202022-02-02T104626.041.jpg",
        "size": {
            "width": 275,
            "height": 183
        },
        "state": 2,
        "type": 1
    },
    "regions": [
        {
            "id": "7fMQbp2HI",
            "type": "RECTANGLE",
            "tags": [
                "monkey"
            ],
            "boundingBox": {
                "height": 158.63641457628847,
                "width": 202.94236094055782,
                "left": 50.790263454672356,
                "top": 4.568171225021135
            },
            "points": [
                {
                    "x": 50.790263454672356,
                    "y": 4.568171225021135
                },
                {
                    "x": 253.73262439523018,
                    "y": 4.568171225021135
                },
                {
                    "x": 253.73262439523018,
                    "y": 163.2045858013096
                },
                {
                    "x": 50.790263454672356,
                    "y": 163.2045858013096
                }
            ]
        }
    ],
    "version": "2.2.0"
}