{
    "asset": {
        "format": "jpg",
        "id": "9da0d38c9364418886a45f31ce240ef2",
        "name": "NCZwaWQ9QXBp%20(5).jpg",
        "path": "file:C:/Users/ragha/Downloads/rhesusmacaque/NCZwaWQ9QXBp%20(5).jpg",
        "size": {
            "width": 140,
            "height": 225
        },
        "state": 2,
        "type": 1
    },
    "regions": [
        {
            "id": "4M1Xyt0vp",
            "type": "RECTANGLE",
            "tags": [
                "monkey"
            ],
            "boundingBox": {
                "height": 199.83051186901028,
                "width": 114.28571428571428,
                "left": 13.67458767361111,
                "top": 4.576271671359821
            },
            "points": [
                {
                    "x": 13.67458767361111,
                    "y": 4.576271671359821
                },
                {
                    "x": 127.96030195932539,
                    "y": 4.576271671359821
                },
                {
                    "x": 127.96030195932539,
                    "y": 204.4067835403701
                },
                {
                    "x": 13.67458767361111,
                    "y": 204.4067835403701
                }
            ]
        }
    ],
    "version": "2.2.0"
}