{
    "asset": {
        "format": "jpg",
        "id": "9e0baf20d646f12a8c7d74c3d2ae111a",
        "name": "images%20-%202022-02-02T104625.736.jpg",
        "path": "file:C:/Users/ragha/Downloads/rhesusmacaque/images%20-%202022-02-02T104625.736.jpg",
        "size": {
            "width": 275,
            "height": 183
        },
        "state": 2,
        "type": 1
    },
    "regions": [
        {
            "id": "F1g1hwSiA",
            "type": "RECTANGLE",
            "tags": [
                "monkey"
            ],
            "boundingBox": {
                "height": 155.57731093221636,
                "width": 82.22664516441391,
                "left": 61.943341628694625,
                "top": 20.737722630287283
            },
            "points": [
                {
                    "x": 61.943341628694625,
                    "y": 20.737722630287283
                },
                {
                    "x": 144.16998679310854,
                    "y": 20.737722630287283
                },
                {
                    "x": 144.16998679310854,
                    "y": 176.31503356250363
                },
                {
                    "x": 61.943341628694625,
                    "y": 176.31503356250363
                }
            ]
        },
        {
            "id": "hFECQWtSN",
            "type": "RECTANGLE",
            "tags": [
                "monkey"
            ],
            "boundingBox": {
                "height": 123.45671225021134,
                "width": 148.48908562783456,
                "left": 112.8976143141153,
                "top": 37.562798924232595
            },
            "points": [
                {
                    "x": 112.8976143141153,
                    "y": 37.562798924232595
                },
                {
                    "x": 261.38669994194987,
                    "y": 37.562798924232595
                },
                {
                    "x": 261.38669994194987,
                    "y": 161.01951117444395
                },
                {
                    "x": 112.8976143141153,
                    "y": 161.01951117444395
                }
            ]
        }
    ],
    "version": "2.2.0"
}