{
    "asset": {
        "format": "jpg",
        "id": "9e190f925bc38ac0d34270fa0f5cda1c",
        "name": "YSZwaWQ9QXBp%20(3).jpg",
        "path": "file:C:/Users/ragha/Downloads/rhesusmacaque/YSZwaWQ9QXBp%20(3).jpg",
        "size": {
            "width": 225,
            "height": 225
        },
        "state": 2,
        "type": 1
    },
    "regions": [
        {
            "id": "cSfZ2ofWm",
            "type": "RECTANGLE",
            "tags": [
                "monkey"
            ],
            "boundingBox": {
                "height": 181.27117965180994,
                "width": 193.34744598905917,
                "left": 31.652554010940808,
                "top": 22.372884265447066
            },
            "points": [
                {
                    "x": 31.652554010940808,
                    "y": 22.372884265447066
                },
                {
                    "x": 225,
                    "y": 22.372884265447066
                },
                {
                    "x": 225,
                    "y": 203.644063917257
                },
                {
                    "x": 31.652554010940808,
                    "y": 203.644063917257
                }
            ]
        }
    ],
    "version": "2.2.0"
}