{
    "asset": {
        "format": "jpg",
        "id": "9ec1331d3ccce944753c6315a27e74c4",
        "name": "6754ghvbb.jpg",
        "path": "file:C:/Users/ragha/Downloads/rhesusmacaque/6754ghvbb.jpg",
        "size": {
            "width": 225,
            "height": 225
        },
        "state": 2,
        "type": 1
    },
    "regions": [
        {
            "id": "hSrB8wEFW",
            "type": "RECTANGLE",
            "tags": [
                "monkey"
            ],
            "boundingBox": {
                "height": 107.54237094167935,
                "width": 199.06778497211002,
                "left": 7.213986930200609,
                "top": 80.59322227865962
            },
            "points": [
                {
                    "x": 7.213986930200609,
                    "y": 80.59322227865962
                },
                {
                    "x": 206.28177190231062,
                    "y": 80.59322227865962
                },
                {
                    "x": 206.28177190231062,
                    "y": 188.13559322033896
                },
                {
                    "x": 7.213986930200609,
                    "y": 188.13559322033896
                }
            ]
        }
    ],
    "version": "2.2.0"
}