{
    "asset": {
        "format": "jpg",
        "id": "9edf08c1da92c852e3699c0488ce8140",
        "name": "SCZwaWQ9QXBp.jpg",
        "path": "file:C:/Users/ragha/Downloads/rhesusmacaque/SCZwaWQ9QXBp.jpg",
        "size": {
            "width": 150,
            "height": 225
        },
        "state": 2,
        "type": 1
    },
    "regions": [
        {
            "id": "Hjbnh-Emj",
            "type": "RECTANGLE",
            "tags": [
                "monkey"
            ],
            "boundingBox": {
                "height": 160.67796319218004,
                "width": 121.5254120907541,
                "left": 28.474587909245894,
                "top": 13.728812589483745
            },
            "points": [
                {
                    "x": 28.474587909245894,
                    "y": 13.728812589483745
                },
                {
                    "x": 150,
                    "y": 13.728812589483745
                },
                {
                    "x": 150,
                    "y": 174.40677578166378
                },
                {
                    "x": 28.474587909245894,
                    "y": 174.40677578166378
                }
            ]
        },
        {
            "id": "kjkajRHnM",
            "type": "RECTANGLE",
            "tags": [
                "monkey"
            ],
            "boundingBox": {
                "height": 101.1864484366724,
                "width": 103.72880192126257,
                "left": 42.45763875670352,
                "top": 116.69491913359043
            },
            "points": [
                {
                    "x": 42.45763875670352,
                    "y": 116.69491913359043
                },
                {
                    "x": 146.1864406779661,
                    "y": 116.69491913359043
                },
                {
                    "x": 146.1864406779661,
                    "y": 217.88136757026282
                },
                {
                    "x": 42.45763875670352,
                    "y": 217.88136757026282
                }
            ]
        }
    ],
    "version": "2.2.0"
}