{
    "asset": {
        "format": "jpg",
        "id": "9f7754f3ecf632ce3262dfefea047655",
        "name": "ythtrhnghmg.jpg",
        "path": "file:C:/Users/ragha/Downloads/rhesusmacaque/ythtrhnghmg.jpg",
        "size": {
            "width": 267,
            "height": 189
        },
        "state": 2,
        "type": 1
    },
    "regions": [
        {
            "id": "q62sHfxms",
            "type": "RECTANGLE",
            "tags": [
                "monkey"
            ],
            "boundingBox": {
                "height": 159.74237939866924,
                "width": 114.70320162963868,
                "left": 32.28030651855469,
                "top": 20.28813559322034
            },
            "points": [
                {
                    "x": 32.28030651855469,
                    "y": 20.28813559322034
                },
                {
                    "x": 146.98350814819338,
                    "y": 20.28813559322034
                },
                {
                    "x": 146.98350814819338,
                    "y": 180.03051499188956
                },
                {
                    "x": 32.28030651855469,
                    "y": 180.03051499188956
                }
            ]
        },
        {
            "id": "Bg21AqA-F",
            "type": "RECTANGLE",
            "tags": [
                "monkey"
            ],
            "boundingBox": {
                "height": 155.6847408747269,
                "width": 146.31601629638672,
                "left": 97.00110488891602,
                "top": 11.105086375091036
            },
            "points": [
                {
                    "x": 97.00110488891602,
                    "y": 11.105086375091036
                },
                {
                    "x": 243.31712118530274,
                    "y": 11.105086375091036
                },
                {
                    "x": 243.31712118530274,
                    "y": 166.78982724981793
                },
                {
                    "x": 97.00110488891602,
                    "y": 166.78982724981793
                }
            ]
        }
    ],
    "version": "2.2.0"
}