{
    "asset": {
        "format": "jpg",
        "id": "9fab3cde0364aeafcbeba1c49cbfd882",
        "name": "images%20-%202022-02-02T104625.937.jpg",
        "path": "file:C:/Users/ragha/Downloads/rhesusmacaque/images%20-%202022-02-02T104625.937.jpg",
        "size": {
            "width": 259,
            "height": 194
        },
        "state": 2,
        "type": 1
    },
    "regions": [
        {
            "id": "vQtmwHGbP",
            "type": "RECTANGLE",
            "tags": [
                "monkey"
            ],
            "boundingBox": {
                "height": 126.04520192119358,
                "width": 104.25707911033709,
                "left": 32.255219344608875,
                "top": 32.168929062320686
            },
            "points": [
                {
                    "x": 32.255219344608875,
                    "y": 32.168929062320686
                },
                {
                    "x": 136.51229845494598,
                    "y": 32.168929062320686
                },
                {
                    "x": 136.51229845494598,
                    "y": 158.21413098351425
                },
                {
                    "x": 32.255219344608875,
                    "y": 158.21413098351425
                }
            ]
        }
    ],
    "version": "2.2.0"
}