{
    "asset": {
        "format": "jpg",
        "id": "a0789cdbc4b2cbe42937acecdcc17f75",
        "name": "images%20(92).jpg",
        "path": "file:C:/Users/ragha/Downloads/rhesusmacaque/images%20(92).jpg",
        "size": {
            "width": 259,
            "height": 194
        },
        "state": 2,
        "type": 1
    },
    "regions": [
        {
            "id": "plch6ci4d",
            "type": "RECTANGLE",
            "tags": [
                "monkey"
            ],
            "boundingBox": {
                "height": 155.85762377377955,
                "width": 239.01032478058312,
                "left": 19.98967521941687,
                "top": 15.344632768361581
            },
            "points": [
                {
                    "x": 19.98967521941687,
                    "y": 15.344632768361581
                },
                {
                    "x": 259,
                    "y": 15.344632768361581
                },
                {
                    "x": 259,
                    "y": 171.20225654214113
                },
                {
                    "x": 19.98967521941687,
                    "y": 171.20225654214113
                }
            ]
        }
    ],
    "version": "2.2.0"
}