{
    "asset": {
        "format": "jpg",
        "id": "a0a840b7ea8c2272a8e8ec10fd58be9f",
        "name": "byZwaWQ9QXBp%20(2).jpg",
        "path": "file:C:/Users/ragha/Downloads/rhesusmacaque/byZwaWQ9QXBp%20(2).jpg",
        "size": {
            "width": 360,
            "height": 225
        },
        "state": 2,
        "type": 1
    },
    "regions": [
        {
            "id": "4CFBh_vnl",
            "type": "RECTANGLE",
            "tags": [
                "monkey"
            ],
            "boundingBox": {
                "height": 138.17092174890337,
                "width": 297.9868729224022,
                "left": 62.01312707759782,
                "top": 33.81325065464094
            },
            "points": [
                {
                    "x": 62.01312707759782,
                    "y": 33.81325065464094
                },
                {
                    "x": 360,
                    "y": 33.81325065464094
                },
                {
                    "x": 360,
                    "y": 171.9841724035443
                },
                {
                    "x": 62.01312707759782,
                    "y": 171.9841724035443
                }
            ]
        }
    ],
    "version": "2.2.0"
}