{
    "asset": {
        "format": "jpg",
        "id": "a26c8817632ec6e8d7ea03c2fe23862d",
        "name": "SyZwaWQ9QXBp%20(6).jpg",
        "path": "file:C:/Users/ragha/Downloads/rhesusmacaque/SyZwaWQ9QXBp%20(6).jpg",
        "size": {
            "width": 164,
            "height": 225
        },
        "state": 2,
        "type": 1
    },
    "regions": [
        {
            "id": "QRcReraP1",
            "type": "RECTANGLE",
            "tags": [
                "monkey"
            ],
            "boundingBox": {
                "height": 189.15255110142593,
                "width": 117.46977908112282,
                "left": 27.599503864613617,
                "top": 18.559324943413166
            },
            "points": [
                {
                    "x": 27.599503864613617,
                    "y": 18.559324943413166
                },
                {
                    "x": 145.06928294573643,
                    "y": 18.559324943413166
                },
                {
                    "x": 145.06928294573643,
                    "y": 207.7118760448391
                },
                {
                    "x": 27.599503864613617,
                    "y": 207.7118760448391
                }
            ]
        }
    ],
    "version": "2.2.0"
}