{
    "asset": {
        "format": "jpg",
        "id": "a28eb04a2fd8e51cf1b4fef19675ca4f",
        "name": "54wytndgbf.jpg",
        "path": "file:C:/Users/karan/Pictures/rhesusmacaque/54wytndgbf.jpg",
        "size": {
            "width": 276,
            "height": 183
        },
        "state": 2,
        "type": 1,
        "predicted": true
    },
    "regions": [
        {
            "id": "U8X2QDGkz",
            "type": "RECTANGLE",
            "tags": [
                "Monkey"
            ],
            "boundingBox": {
                "height": 135.46753246753246,
                "width": 209.67288378766142,
                "left": 21.045866212338595,
                "top": 30.103896103896105
            },
            "points": [
                {
                    "x": 21.045866212338595,
                    "y": 30.103896103896105
                },
                {
                    "x": 230.71875,
                    "y": 30.103896103896105
                },
                {
                    "x": 230.71875,
                    "y": 165.57142857142858
                },
                {
                    "x": 21.045866212338595,
                    "y": 165.57142857142858
                }
            ]
        }
    ],
    "version": "2.2.0"
}