{
    "asset": {
        "format": "jpg",
        "id": "a2b871e032cf61856af0108b5b666d61",
        "name": "ryjghfdbfby.jpg",
        "path": "file:C:/Users/ragha/Downloads/rhesusmacaque/ryjghfdbfby.jpg",
        "size": {
            "width": 201,
            "height": 251
        },
        "state": 2,
        "type": 1
    },
    "regions": [
        {
            "id": "0W7q64CuT",
            "type": "RECTANGLE",
            "tags": [
                "monkey"
            ],
            "boundingBox": {
                "height": 212.4282475056621,
                "width": 136.6941712394593,
                "left": 35.126265268477184,
                "top": 15.882486957614704
            },
            "points": [
                {
                    "x": 35.126265268477184,
                    "y": 15.882486957614704
                },
                {
                    "x": 171.8204365079365,
                    "y": 15.882486957614704
                },
                {
                    "x": 171.8204365079365,
                    "y": 228.31073446327682
                },
                {
                    "x": 35.126265268477184,
                    "y": 228.31073446327682
                }
            ]
        }
    ],
    "version": "2.2.0"
}