{
    "asset": {
        "format": "jpg",
        "id": "a38eec92a74d21e10171bcf3ff1ea651",
        "name": "fgbfgdgfb.jpg",
        "path": "file:C:/Users/ragha/Downloads/rhesusmacaque/fgbfgdgfb.jpg",
        "size": {
            "width": 183,
            "height": 275
        },
        "state": 2,
        "type": 1
    },
    "regions": [
        {
            "id": "UbkkCtP4t",
            "type": "RECTANGLE",
            "tags": [
                "monkey"
            ],
            "boundingBox": {
                "height": 240.50847339091328,
                "width": 109.4114791967307,
                "left": 36.16290283203125,
                "top": 34.49152660908672
            },
            "points": [
                {
                    "x": 36.16290283203125,
                    "y": 34.49152660908672
                },
                {
                    "x": 145.57438202876196,
                    "y": 34.49152660908672
                },
                {
                    "x": 145.57438202876196,
                    "y": 275
                },
                {
                    "x": 36.16290283203125,
                    "y": 275
                }
            ]
        }
    ],
    "version": "2.2.0"
}