{
    "asset": {
        "format": "jpg",
        "id": "a5b51ac15eb8a48b45709e5de5056b27",
        "name": "yhtrgsbvc.jpg",
        "path": "file:C:/Users/ragha/Downloads/rhesusmacaque/yhtrgsbvc.jpg",
        "size": {
            "width": 275,
            "height": 183
        },
        "state": 2,
        "type": 1
    },
    "regions": [
        {
            "id": "2JR_95oGd",
            "type": "RECTANGLE",
            "tags": [
                "monkey"
            ],
            "boundingBox": {
                "height": 157.19645852958206,
                "width": 163.59528652108722,
                "left": 56.026520944531626,
                "top": 11.424005660335574
            },
            "points": [
                {
                    "x": 56.026520944531626,
                    "y": 11.424005660335574
                },
                {
                    "x": 219.62180746561884,
                    "y": 11.424005660335574
                },
                {
                    "x": 219.62180746561884,
                    "y": 168.6204641899176
                },
                {
                    "x": 56.026520944531626,
                    "y": 168.6204641899176
                }
            ]
        }
    ],
    "version": "2.2.0"
}