{
    "asset": {
        "format": "jpg",
        "id": "a668826c113eab4d34070b5c93ebbf98",
        "name": "RCZwaWQ9QXBp.jpg",
        "path": "file:C:/Users/ragha/Downloads/rhesusmacaque/RCZwaWQ9QXBp.jpg",
        "size": {
            "width": 166,
            "height": 225
        },
        "state": 2,
        "type": 1
    },
    "regions": [
        {
            "id": "14UG_lLR4",
            "type": "RECTANGLE",
            "tags": [
                "monkey"
            ],
            "boundingBox": {
                "height": 202.3728847503662,
                "width": 147.04673164923074,
                "left": 14.747605363984675,
                "top": 7.118644552715754
            },
            "points": [
                {
                    "x": 14.747605363984675,
                    "y": 7.118644552715754
                },
                {
                    "x": 161.7943370132154,
                    "y": 7.118644552715754
                },
                {
                    "x": 161.7943370132154,
                    "y": 209.49152930308196
                },
                {
                    "x": 14.747605363984675,
                    "y": 209.49152930308196
                }
            ]
        }
    ],
    "version": "2.2.0"
}