{
    "asset": {
        "format": "jpg",
        "id": "a772f3cf4a51e596b7be2edd7ac47cd9",
        "name": "jmhgnbvd.jpg",
        "path": "file:C:/Users/ragha/Downloads/rhesusmacaque/jmhgnbvd.jpg",
        "size": {
            "width": 193,
            "height": 262
        },
        "state": 2,
        "type": 1
    },
    "regions": [
        {
            "id": "y9Sc4y_Fb",
            "type": "RECTANGLE",
            "tags": [
                "monkey"
            ],
            "boundingBox": {
                "height": 212.26441468492064,
                "width": 97.31339190837524,
                "left": 48.94324712643678,
                "top": 31.380792089774783
            },
            "points": [
                {
                    "x": 48.94324712643678,
                    "y": 31.380792089774783
                },
                {
                    "x": 146.25663903481203,
                    "y": 31.380792089774783
                },
                {
                    "x": 146.25663903481203,
                    "y": 243.64520677469542
                },
                {
                    "x": 48.94324712643678,
                    "y": 243.64520677469542
                }
            ]
        }
    ],
    "version": "2.2.0"
}