{
    "asset": {
        "format": "jpg",
        "id": "a808591c86f0f69c80f68aae38f4721c",
        "name": "5465trdgrdfhg.jpg",
        "path": "file:C:/Users/karan/Pictures/rhesusmacaque/5465trdgrdfhg.jpg",
        "size": {
            "width": 275,
            "height": 183
        },
        "state": 2,
        "type": 1,
        "predicted": true
    },
    "regions": [
        {
            "id": "NkUtntEoz",
            "type": "RECTANGLE",
            "tags": [
                "Monkey"
            ],
            "boundingBox": {
                "left": 61.11530363559722,
                "top": 14.116009801626205,
                "width": 148.88849556446075,
                "height": 154.87983289361
            },
            "points": [
                {
                    "x": 61.11530363559722,
                    "y": 14.116009801626205
                },
                {
                    "x": 210.00379920005798,
                    "y": 14.116009801626205
                },
                {
                    "x": 210.00379920005798,
                    "y": 168.9958426952362
                },
                {
                    "x": 61.11530363559722,
                    "y": 168.9958426952362
                }
            ]
        }
    ],
    "version": "2.2.0"
}