{
    "asset": {
        "format": "jpg",
        "id": "a85a82cdfeeb11c583e32678b77aabf5",
        "name": "images%20-%202022-02-02T104626.052.jpg",
        "path": "file:C:/Users/ragha/Downloads/rhesusmacaque/images%20-%202022-02-02T104626.052.jpg",
        "size": {
            "width": 225,
            "height": 224
        },
        "state": 2,
        "type": 1
    },
    "regions": [
        {
            "id": "suSlA_Liy",
            "type": "RECTANGLE",
            "tags": [
                "monkey"
            ],
            "boundingBox": {
                "height": 204.0045207395392,
                "width": 176.4556884765625,
                "left": 37.211232245722904,
                "top": 19.995479260460808
            },
            "points": [
                {
                    "x": 37.211232245722904,
                    "y": 19.995479260460808
                },
                {
                    "x": 213.66692072228543,
                    "y": 19.995479260460808
                },
                {
                    "x": 213.66692072228543,
                    "y": 224.00000000000003
                },
                {
                    "x": 37.211232245722904,
                    "y": 224.00000000000003
                }
            ]
        }
    ],
    "version": "2.2.0"
}