{
    "asset": {
        "format": "jpg",
        "id": "a8ab2c067b3af14a16a2d639a841f036",
        "name": "ytytrhgfh.jpg",
        "path": "file:C:/Users/ragha/Downloads/rhesusmacaque/ytytrhgfh.jpg",
        "size": {
            "width": 275,
            "height": 183
        },
        "state": 2,
        "type": 1
    },
    "regions": [
        {
            "id": "Il84tWOng",
            "type": "RECTANGLE",
            "tags": [
                "monkey"
            ],
            "boundingBox": {
                "height": 105.37344968002454,
                "width": 95.52063033248211,
                "left": 26.419454848133977,
                "top": 21.14081981962761
            },
            "points": [
                {
                    "x": 26.419454848133977,
                    "y": 21.14081981962761
                },
                {
                    "x": 121.94008518061608,
                    "y": 21.14081981962761
                },
                {
                    "x": 121.94008518061608,
                    "y": 126.51426949965214
                },
                {
                    "x": 26.419454848133977,
                    "y": 126.51426949965214
                }
            ]
        },
        {
            "id": "xZhaglFgA",
            "type": "RECTANGLE",
            "tags": [
                "monkey"
            ],
            "boundingBox": {
                "height": 79.46194525524578,
                "width": 94.00785854616895,
                "left": 145.7121873417163,
                "top": 71.02046254250855
            },
            "points": [
                {
                    "x": 145.7121873417163,
                    "y": 71.02046254250855
                },
                {
                    "x": 239.72004588788522,
                    "y": 71.02046254250855
                },
                {
                    "x": 239.72004588788522,
                    "y": 150.48240779775432
                },
                {
                    "x": 145.7121873417163,
                    "y": 150.48240779775432
                }
            ]
        },
        {
            "id": "_CmzCyj9A",
            "type": "RECTANGLE",
            "tags": [
                "monkey"
            ],
            "boundingBox": {
                "height": 54.63009096668884,
                "width": 96.81731188461212,
                "left": 153.92435819554655,
                "top": 37.11958005786997
            },
            "points": [
                {
                    "x": 153.92435819554655,
                    "y": 37.11958005786997
                },
                {
                    "x": 250.74167008015868,
                    "y": 37.11958005786997
                },
                {
                    "x": 250.74167008015868,
                    "y": 91.74967102455881
                },
                {
                    "x": 153.92435819554655,
                    "y": 91.74967102455881
                }
            ]
        }
    ],
    "version": "2.2.0"
}