{
    "asset": {
        "format": "jpg",
        "id": "a8c52093e29ad4c547b250b044d46756",
        "name": "images%20-%202022-02-02T104626.371.jpg",
        "path": "file:C:/Users/ragha/Downloads/rhesusmacaque/images%20-%202022-02-02T104626.371.jpg",
        "size": {
            "width": 259,
            "height": 194
        },
        "state": 2,
        "type": 1
    },
    "regions": [
        {
            "id": "Lf9OUbPOL",
            "type": "RECTANGLE",
            "tags": [
                "monkey"
            ],
            "boundingBox": {
                "height": 165.94124042920473,
                "width": 202.1623745488818,
                "left": 20.427731858751486,
                "top": 28.05875957079526
            },
            "points": [
                {
                    "x": 20.427731858751486,
                    "y": 28.05875957079526
                },
                {
                    "x": 222.59010640763327,
                    "y": 28.05875957079526
                },
                {
                    "x": 222.59010640763327,
                    "y": 193.99999999999997
                },
                {
                    "x": 20.427731858751486,
                    "y": 193.99999999999997
                }
            ]
        }
    ],
    "version": "2.2.0"
}