{
    "asset": {
        "format": "jpg",
        "id": "a97d96f06aa52a0365993d9e7f567b0a",
        "name": "images%20-%202022-02-02T104625.862.jpg",
        "path": "file:C:/Users/ragha/Downloads/rhesusmacaque/images%20-%202022-02-02T104625.862.jpg",
        "size": {
            "width": 276,
            "height": 183
        },
        "state": 2,
        "type": 1
    },
    "regions": [
        {
            "id": "hGdLmjI2S",
            "type": "RECTANGLE",
            "tags": [
                "monkey"
            ],
            "boundingBox": {
                "height": 170.76342917560996,
                "width": 189.8528659585456,
                "left": 74.24016909286469,
                "top": 11.718720214477722
            },
            "points": [
                {
                    "x": 74.24016909286469,
                    "y": 11.718720214477722
                },
                {
                    "x": 264.0930350514103,
                    "y": 11.718720214477722
                },
                {
                    "x": 264.0930350514103,
                    "y": 182.48214939008767
                },
                {
                    "x": 74.24016909286469,
                    "y": 182.48214939008767
                }
            ]
        }
    ],
    "version": "2.2.0"
}