{
    "asset": {
        "format": "jpg",
        "id": "aa55d69c44ffda639703176aec62b2e4",
        "name": "TiZwaWQ9QXBp%20(1).jpg",
        "path": "file:C:/Users/ragha/Downloads/rhesusmacaque/TiZwaWQ9QXBp%20(1).jpg",
        "size": {
            "width": 396,
            "height": 225
        },
        "state": 2,
        "type": 1
    },
    "regions": [
        {
            "id": "FUkw8XwJu",
            "type": "RECTANGLE",
            "tags": [
                "monkey"
            ],
            "boundingBox": {
                "height": 173.77164174116194,
                "width": 201.65657915816092,
                "left": 88.14695718761512,
                "top": 38.309360622947196
            },
            "points": [
                {
                    "x": 88.14695718761512,
                    "y": 38.309360622947196
                },
                {
                    "x": 289.803536345776,
                    "y": 38.309360622947196
                },
                {
                    "x": 289.803536345776,
                    "y": 212.08100236410914
                },
                {
                    "x": 88.14695718761512,
                    "y": 212.08100236410914
                }
            ]
        }
    ],
    "version": "2.2.0"
}