{
    "asset": {
        "format": "jpg",
        "id": "aa85d89720b566bdbac04a241a25c1af",
        "name": "OCZwaWQ9QXBp%20(11).jpg",
        "path": "file:C:/Users/ragha/Downloads/rhesusmacaque/OCZwaWQ9QXBp%20(11).jpg",
        "size": {
            "width": 338,
            "height": 225
        },
        "state": 2,
        "type": 1
    },
    "regions": [
        {
            "id": "ybWyxpAxV",
            "type": "RECTANGLE",
            "tags": [
                "monkey"
            ],
            "boundingBox": {
                "height": 150.71642918373223,
                "width": 157.24055666003977,
                "left": 71.29582915107015,
                "top": 7.266326164131734
            },
            "points": [
                {
                    "x": 71.29582915107015,
                    "y": 7.266326164131734
                },
                {
                    "x": 228.5363858111099,
                    "y": 7.266326164131734
                },
                {
                    "x": 228.5363858111099,
                    "y": 157.98275534786396
                },
                {
                    "x": 71.29582915107015,
                    "y": 157.98275534786396
                }
            ]
        }
    ],
    "version": "2.2.0"
}