{
    "asset": {
        "format": "jpg",
        "id": "acc1deee7f0f5f72ff64876fefb1dbb2",
        "name": "gfhbvc.jpg",
        "path": "file:C:/Users/ragha/Downloads/rhesusmacaque/gfhbvc.jpg",
        "size": {
            "width": 194,
            "height": 259
        },
        "state": 2,
        "type": 1
    },
    "regions": [
        {
            "id": "NTY8YhBko",
            "type": "RECTANGLE",
            "tags": [
                "monkey"
            ],
            "boundingBox": {
                "height": 232.075703981906,
                "width": 144.65811767578123,
                "left": 29.086271350788618,
                "top": 15.218081328828456
            },
            "points": [
                {
                    "x": 29.086271350788618,
                    "y": 15.218081328828456
                },
                {
                    "x": 173.74438902656985,
                    "y": 15.218081328828456
                },
                {
                    "x": 173.74438902656985,
                    "y": 247.29378531073445
                },
                {
                    "x": 29.086271350788618,
                    "y": 247.29378531073445
                }
            ]
        }
    ],
    "version": "2.2.0"
}