{
    "asset": {
        "format": "jpg",
        "id": "ad74fb8ccee4ee52769724c16ef47453",
        "name": "rthgfvbxv.jpg",
        "path": "file:C:/Users/ragha/Downloads/rhesusmacaque/rthgfvbxv.jpg",
        "size": {
            "width": 275,
            "height": 183
        },
        "state": 2,
        "type": 1
    },
    "regions": [
        {
            "id": "jKmPKB4AD",
            "type": "RECTANGLE",
            "tags": [
                "monkey"
            ],
            "boundingBox": {
                "height": 159.72896022511952,
                "width": 116.77932739257812,
                "left": 72.659042388734,
                "top": 13.745486324936596
            },
            "points": [
                {
                    "x": 72.659042388734,
                    "y": 13.745486324936596
                },
                {
                    "x": 189.43836978131213,
                    "y": 13.745486324936596
                },
                {
                    "x": 189.43836978131213,
                    "y": 173.47444655005611
                },
                {
                    "x": 72.659042388734,
                    "y": 173.47444655005611
                }
            ]
        }
    ],
    "version": "2.2.0"
}