{
    "asset": {
        "format": "jpg",
        "id": "ad7ede5863220d3e8253d9890cb5d836",
        "name": "images%20(29).jpg",
        "path": "file:C:/Users/ragha/Downloads/rhesusmacaque/images%20(29).jpg",
        "size": {
            "width": 300,
            "height": 168
        },
        "state": 2,
        "type": 1,
        "predicted": true
    },
    "regions": [
        {
            "id": "YurBsm-Lq",
            "type": "RECTANGLE",
            "tags": [
                "monkey"
            ],
            "boundingBox": {
                "height": 145.18796072357074,
                "width": 265.8669183046436,
                "left": 24.686040762103154,
                "top": 6.731938084631062
            },
            "points": [
                {
                    "x": 24.686040762103154,
                    "y": 6.731938084631062
                },
                {
                    "x": 290.5529590667467,
                    "y": 6.731938084631062
                },
                {
                    "x": 290.5529590667467,
                    "y": 151.9198988082018
                },
                {
                    "x": 24.686040762103154,
                    "y": 151.9198988082018
                }
            ]
        }
    ],
    "version": "2.2.0"
}