{
    "asset": {
        "format": "jpg",
        "id": "adba89d68a86c7b1782b2a1421508041",
        "name": "images%20(58).jpg",
        "path": "file:C:/Users/ragha/Downloads/rhesusmacaque/images%20(58).jpg",
        "size": {
            "width": 275,
            "height": 183
        },
        "state": 2,
        "type": 1
    },
    "regions": [
        {
            "id": "cvAqkpMpG",
            "type": "RECTANGLE",
            "tags": [
                "monkey"
            ],
            "boundingBox": {
                "height": 145.98644935478598,
                "width": 186.0902334514417,
                "left": 45.45641052991824,
                "top": 12.613560110835705
            },
            "points": [
                {
                    "x": 45.45641052991824,
                    "y": 12.613560110835705
                },
                {
                    "x": 231.54664398135995,
                    "y": 12.613560110835705
                },
                {
                    "x": 231.54664398135995,
                    "y": 158.60000946562167
                },
                {
                    "x": 45.45641052991824,
                    "y": 158.60000946562167
                }
            ]
        }
    ],
    "version": "2.2.0"
}