{
    "asset": {
        "format": "jpg",
        "id": "ae047d30f81ce635c8fd49a3113ea6f2",
        "name": "juyjhgjfjghj.jpg",
        "path": "file:C:/Users/ragha/Downloads/rhesusmacaque/juyjhgjfjghj.jpg",
        "size": {
            "width": 275,
            "height": 183
        },
        "state": 2,
        "type": 1
    },
    "regions": [
        {
            "id": "6V_qFqTTX",
            "type": "RECTANGLE",
            "tags": [
                "monkey"
            ],
            "boundingBox": {
                "height": 129.57492787375378,
                "width": 80.4771355084823,
                "left": 61.72465709284333,
                "top": 29.915037730202744
            },
            "points": [
                {
                    "x": 61.72465709284333,
                    "y": 29.915037730202744
                },
                {
                    "x": 142.20179260132565,
                    "y": 29.915037730202744
                },
                {
                    "x": 142.20179260132565,
                    "y": 159.48996560395653
                },
                {
                    "x": 61.72465709284333,
                    "y": 159.48996560395653
                }
            ]
        }
    ],
    "version": "2.2.0"
}