{
    "asset": {
        "format": "jpg",
        "id": "ae141584694d0a91ef0301ddb8c7b00f",
        "name": "OCZwaWQ9QXBp%20(3).jpg",
        "path": "file:C:/Users/ragha/Downloads/rhesusmacaque/OCZwaWQ9QXBp%20(3).jpg",
        "size": {
            "width": 338,
            "height": 225
        },
        "state": 2,
        "type": 1
    },
    "regions": [
        {
            "id": "6cLLXjly4",
            "type": "RECTANGLE",
            "tags": [
                "monkey"
            ],
            "boundingBox": {
                "height": 213.43516534833768,
                "width": 227.93162879412975,
                "left": 66.45766022759925,
                "top": 11.564834651662343
            },
            "points": [
                {
                    "x": 66.45766022759925,
                    "y": 11.564834651662343
                },
                {
                    "x": 294.38928902172904,
                    "y": 11.564834651662343
                },
                {
                    "x": 294.38928902172904,
                    "y": 225.00000000000003
                },
                {
                    "x": 66.45766022759925,
                    "y": 225.00000000000003
                }
            ]
        }
    ],
    "version": "2.2.0"
}