{
    "asset": {
        "format": "jpg",
        "id": "afa9338f64246917cb4da46736aebfb6",
        "name": "images%20-%202022-02-02T104626.380.jpg",
        "path": "file:C:/Users/ragha/Downloads/rhesusmacaque/images%20-%202022-02-02T104626.380.jpg",
        "size": {
            "width": 267,
            "height": 189
        },
        "state": 2,
        "type": 1
    },
    "regions": [
        {
            "id": "ZIfgKGLEp",
            "type": "RECTANGLE",
            "tags": [
                "monkey"
            ],
            "boundingBox": {
                "height": 70.90168839794094,
                "width": 68.13840325927735,
                "left": 27.260701629638675,
                "top": 114.68136570817333
            },
            "points": [
                {
                    "x": 27.260701629638675,
                    "y": 114.68136570817333
                },
                {
                    "x": 95.39910488891601,
                    "y": 114.68136570817333
                },
                {
                    "x": 95.39910488891601,
                    "y": 185.58305410611428
                },
                {
                    "x": 27.260701629638675,
                    "y": 185.58305410611428
                }
            ]
        },
        {
            "id": "3hSMpZW1a",
            "type": "RECTANGLE",
            "tags": [
                "monkey"
            ],
            "boundingBox": {
                "height": 64.70848109358448,
                "width": 37.38,
                "left": 86.00070162963868,
                "top": 85.42372881355932
            },
            "points": [
                {
                    "x": 86.00070162963868,
                    "y": 85.42372881355932
                },
                {
                    "x": 123.38070162963868,
                    "y": 85.42372881355932
                },
                {
                    "x": 123.38070162963868,
                    "y": 150.13220990714382
                },
                {
                    "x": 86.00070162963868,
                    "y": 150.13220990714382
                }
            ]
        },
        {
            "id": "C8RqUqz3u",
            "type": "RECTANGLE",
            "tags": [
                "monkey"
            ],
            "boundingBox": {
                "height": 34.59660365217823,
                "width": 97.82882281494142,
                "left": 153.49829837036134,
                "top": 118.9525521488513
            },
            "points": [
                {
                    "x": 153.49829837036134,
                    "y": 118.9525521488513
                },
                {
                    "x": 251.32712118530276,
                    "y": 118.9525521488513
                },
                {
                    "x": 251.32712118530276,
                    "y": 153.54915580102954
                },
                {
                    "x": 153.49829837036134,
                    "y": 153.54915580102954
                }
            ]
        },
        {
            "id": "4LLg4wQneS",
            "type": "RECTANGLE",
            "tags": [
                "monkey"
            ],
            "boundingBox": {
                "height": 26.69491525423729,
                "width": 62.79841955566407,
                "left": 158.62470162963868,
                "top": 83.92881192999371
            },
            "points": [
                {
                    "x": 158.62470162963868,
                    "y": 83.92881192999371
                },
                {
                    "x": 221.42312118530273,
                    "y": 83.92881192999371
                },
                {
                    "x": 221.42312118530273,
                    "y": 110.623727184231
                },
                {
                    "x": 158.62470162963868,
                    "y": 110.623727184231
                }
            ]
        }
    ],
    "version": "2.2.0"
}