{
    "asset": {
        "format": "jpg",
        "id": "afaff73cb4f5c77fe9d69e99ae2b8aa2",
        "name": "images%20-%202022-02-02T104625.796.jpg",
        "path": "file:C:/Users/ragha/Downloads/rhesusmacaque/images%20-%202022-02-02T104625.796.jpg",
        "size": {
            "width": 193,
            "height": 260
        },
        "state": 2,
        "type": 1
    },
    "regions": [
        {
            "id": "ooD-ujBtl",
            "type": "RECTANGLE",
            "tags": [
                "monkey"
            ],
            "boundingBox": {
                "height": 217.10735471908654,
                "width": 87.47377321656666,
                "left": 54.299591528598796,
                "top": 17.039551384704936
            },
            "points": [
                {
                    "x": 54.299591528598796,
                    "y": 17.039551384704936
                },
                {
                    "x": 141.77336474516545,
                    "y": 17.039551384704936
                },
                {
                    "x": 141.77336474516545,
                    "y": 234.14690610379148
                },
                {
                    "x": 54.299591528598796,
                    "y": 234.14690610379148
                }
            ]
        },
        {
            "id": "rsPPyjHHMM",
            "type": "RECTANGLE",
            "tags": [
                "monkey"
            ],
            "boundingBox": {
                "height": 30.25989597126589,
                "width": 95.9863028290607,
                "left": 77.48894961977186,
                "top": 127.50282934156515
            },
            "points": [
                {
                    "x": 77.48894961977186,
                    "y": 127.50282934156515
                },
                {
                    "x": 173.47525244883258,
                    "y": 127.50282934156515
                },
                {
                    "x": 173.47525244883258,
                    "y": 157.76272531283104
                },
                {
                    "x": 77.48894961977186,
                    "y": 157.76272531283104
                }
            ]
        }
    ],
    "version": "2.2.0"
}