{
    "asset": {
        "format": "jpg",
        "id": "affade7d5a836d096dabcdce9f02a790",
        "name": "6576ghfg.jpg",
        "path": "file:C:/Users/karan/Pictures/rhesusmacaque/6576ghfg.jpg",
        "size": {
            "width": 223,
            "height": 226
        },
        "state": 2,
        "type": 1,
        "predicted": true
    },
    "regions": [
        {
            "id": "kTBi2rwl1",
            "type": "RECTANGLE",
            "tags": [
                "Monkey"
            ],
            "boundingBox": {
                "height": 60.41341991341991,
                "width": 84.35855263157895,
                "left": 4.003974780701754,
                "top": 10.028138528138527
            },
            "points": [
                {
                    "x": 4.003974780701754,
                    "y": 10.028138528138527
                },
                {
                    "x": 88.36252741228071,
                    "y": 10.028138528138527
                },
                {
                    "x": 88.36252741228071,
                    "y": 70.44155844155844
                },
                {
                    "x": 4.003974780701754,
                    "y": 70.44155844155844
                }
            ]
        },
        {
            "id": "rvEfGF85D",
            "type": "RECTANGLE",
            "tags": [
                "Monkey"
            ],
            "boundingBox": {
                "height": 50.874458874458874,
                "width": 86.31469298245615,
                "left": 129.6859923245614,
                "top": 16.142857142857142
            },
            "points": [
                {
                    "x": 129.6859923245614,
                    "y": 16.142857142857142
                },
                {
                    "x": 216.00068530701756,
                    "y": 16.142857142857142
                },
                {
                    "x": 216.00068530701756,
                    "y": 67.01731601731602
                },
                {
                    "x": 129.6859923245614,
                    "y": 67.01731601731602
                }
            ]
        }
    ],
    "version": "2.2.0"
}