{
    "asset": {
        "format": "jpg",
        "id": "afff0fb5ab45645161247c9cd8592f09",
        "name": "images%20(33).jpg",
        "path": "file:C:/Users/ragha/Downloads/rhesusmacaque/images%20(33).jpg",
        "size": {
            "width": 225,
            "height": 225
        },
        "state": 2,
        "type": 1
    },
    "regions": [
        {
            "id": "DT4vx9AnK",
            "type": "RECTANGLE",
            "tags": [
                "monkey"
            ],
            "boundingBox": {
                "height": 214.06779612525034,
                "width": 210.5084726365946,
                "left": 2.8919510922189486,
                "top": 10.932203874749652
            },
            "points": [
                {
                    "x": 2.8919510922189486,
                    "y": 10.932203874749652
                },
                {
                    "x": 213.40042372881354,
                    "y": 10.932203874749652
                },
                {
                    "x": 213.40042372881354,
                    "y": 225
                },
                {
                    "x": 2.8919510922189486,
                    "y": 225
                }
            ]
        }
    ],
    "version": "2.2.0"
}