{
    "asset": {
        "format": "jpg",
        "id": "b0527be08d06c5517fa3099228befa23",
        "name": "images%20(72).jpg",
        "path": "file:C:/Users/ragha/Downloads/rhesusmacaque/images%20(72).jpg",
        "size": {
            "width": 275,
            "height": 183
        },
        "state": 2,
        "type": 1
    },
    "regions": [
        {
            "id": "X7djiwncN",
            "type": "RECTANGLE",
            "tags": [
                "monkey"
            ],
            "boundingBox": {
                "height": 168.31864327899478,
                "width": 108.13910405438645,
                "left": 84.32858940353967,
                "top": 14.681356721005196
            },
            "points": [
                {
                    "x": 84.32858940353967,
                    "y": 14.681356721005196
                },
                {
                    "x": 192.46769345792612,
                    "y": 14.681356721005196
                },
                {
                    "x": 192.46769345792612,
                    "y": 182.99999999999997
                },
                {
                    "x": 84.32858940353967,
                    "y": 182.99999999999997
                }
            ]
        }
    ],
    "version": "2.2.0"
}