{
    "asset": {
        "format": "jpg",
        "id": "b05a0042d90600b3059cc48d6284a827",
        "name": "images%20-%202022-02-02T104626.329.jpg",
        "path": "file:C:/Users/ragha/Downloads/rhesusmacaque/images%20-%202022-02-02T104626.329.jpg",
        "size": {
            "width": 299,
            "height": 169
        },
        "state": 2,
        "type": 1
    },
    "regions": [
        {
            "id": "V1zDbGR6O",
            "type": "RECTANGLE",
            "tags": [
                "monkey"
            ],
            "boundingBox": {
                "height": 132.82390973940886,
                "width": 213.99604199752656,
                "left": 71.86699438379489,
                "top": 12.329722292184412
            },
            "points": [
                {
                    "x": 71.86699438379489,
                    "y": 12.329722292184412
                },
                {
                    "x": 285.8630363813215,
                    "y": 12.329722292184412
                },
                {
                    "x": 285.8630363813215,
                    "y": 145.15363203159328
                },
                {
                    "x": 71.86699438379489,
                    "y": 145.15363203159328
                }
            ]
        }
    ],
    "version": "2.2.0"
}