{
    "asset": {
        "format": "jpg",
        "id": "b1c89d30cf79ca2d95984cf400dfc1a0",
        "name": "SyZwaWQ9QXBp%20(9).jpg",
        "path": "file:C:/Users/ragha/Downloads/rhesusmacaque/SyZwaWQ9QXBp%20(9).jpg",
        "size": {
            "width": 401,
            "height": 225
        },
        "state": 2,
        "type": 1
    },
    "regions": [
        {
            "id": "jtFEHyX3R",
            "type": "RECTANGLE",
            "tags": [
                "monkey"
            ],
            "boundingBox": {
                "height": 164.55341746635904,
                "width": 108.71906899562754,
                "left": 70.66738462916527,
                "top": 48.073549153717096
            },
            "points": [
                {
                    "x": 70.66738462916527,
                    "y": 48.073549153717096
                },
                {
                    "x": 179.3864536247928,
                    "y": 48.073549153717096
                },
                {
                    "x": 179.3864536247928,
                    "y": 212.62696662007613
                },
                {
                    "x": 70.66738462916527,
                    "y": 212.62696662007613
                }
            ]
        },
        {
            "id": "2ZrSwtJlg",
            "type": "RECTANGLE",
            "tags": [
                "monkey"
            ],
            "boundingBox": {
                "height": 209.63223018078378,
                "width": 229.7281231533568,
                "left": 145.35265225933202,
                "top": 8.984233368507827
            },
            "points": [
                {
                    "x": 145.35265225933202,
                    "y": 8.984233368507827
                },
                {
                    "x": 375.0807754126888,
                    "y": 8.984233368507827
                },
                {
                    "x": 375.0807754126888,
                    "y": 218.6164635492916
                },
                {
                    "x": 145.35265225933202,
                    "y": 218.6164635492916
                }
            ]
        }
    ],
    "version": "2.2.0"
}