{
    "asset": {
        "format": "jpg",
        "id": "b225a55b5a6d785cad546b526c79467d",
        "name": "465rthfgddc.jpg",
        "path": "file:C:/Users/karan/Pictures/rhesusmacaque/465rthfgddc.jpg",
        "size": {
            "width": 259,
            "height": 194
        },
        "state": 2,
        "type": 1,
        "predicted": true
    },
    "regions": [
        {
            "id": "NVmGVzjGV",
            "type": "RECTANGLE",
            "tags": [
                "Monkey"
            ],
            "boundingBox": {
                "left": 2.004117339849472,
                "top": 1.5357335805892944,
                "width": 227.24018076062202,
                "height": 190.82360744476318
            },
            "points": [
                {
                    "x": 2.004117339849472,
                    "y": 1.5357335805892944
                },
                {
                    "x": 229.2442981004715,
                    "y": 1.5357335805892944
                },
                {
                    "x": 229.2442981004715,
                    "y": 192.35934102535248
                },
                {
                    "x": 2.004117339849472,
                    "y": 192.35934102535248
                }
            ]
        }
    ],
    "version": "2.2.0"
}