{
    "asset": {
        "format": "jpg",
        "id": "b24064d1c7d6decd38c1cc88eb9dc5fa",
        "name": "images%20-%202022-02-02T104626.322.jpg",
        "path": "file:C:/Users/ragha/Downloads/rhesusmacaque/images%20-%202022-02-02T104626.322.jpg",
        "size": {
            "width": 284,
            "height": 177
        },
        "state": 2,
        "type": 1
    },
    "regions": [
        {
            "id": "hHstuGjPl",
            "type": "RECTANGLE",
            "tags": [
                "monkey"
            ],
            "boundingBox": {
                "height": 160.79616966430078,
                "width": 129.40916925206574,
                "left": 116.81828681232915,
                "top": 12.054066124144923
            },
            "points": [
                {
                    "x": 116.81828681232915,
                    "y": 12.054066124144923
                },
                {
                    "x": 246.2274560643949,
                    "y": 12.054066124144923
                },
                {
                    "x": 246.2274560643949,
                    "y": 172.8502357884457
                },
                {
                    "x": 116.81828681232915,
                    "y": 172.8502357884457
                }
            ]
        }
    ],
    "version": "2.2.0"
}