{
    "asset": {
        "format": "jpg",
        "id": "b268ac8ca57afee80b0afa694e8985fa",
        "name": "5ythfgdgh.jpg",
        "path": "file:C:/Users/ragha/Downloads/rhesusmacaque/5ythfgdgh.jpg",
        "size": {
            "width": 283,
            "height": 178
        },
        "state": 2,
        "type": 1
    },
    "regions": [
        {
            "id": "IgCY0NSCt",
            "type": "RECTANGLE",
            "tags": [
                "monkey"
            ],
            "boundingBox": {
                "height": 171.47422001436465,
                "width": 230.00711791763376,
                "left": 42.38369745256304,
                "top": 2.748920332657065
            },
            "points": [
                {
                    "x": 42.38369745256304,
                    "y": 2.748920332657065
                },
                {
                    "x": 272.3908153701968,
                    "y": 2.748920332657065
                },
                {
                    "x": 272.3908153701968,
                    "y": 174.2231403470217
                },
                {
                    "x": 42.38369745256304,
                    "y": 174.2231403470217
                }
            ]
        }
    ],
    "version": "2.2.0"
}