{
    "asset": {
        "format": "jpg",
        "id": "b335d7c56d296ecb26285d9bce0907dc",
        "name": "YyZwaWQ9QXBp.jpg",
        "path": "file:C:/Users/ragha/Downloads/rhesusmacaque/YyZwaWQ9QXBp.jpg",
        "size": {
            "width": 376,
            "height": 225
        },
        "state": 2,
        "type": 1
    },
    "regions": [
        {
            "id": "pf4Cu5Gdx",
            "type": "RECTANGLE",
            "tags": [
                "monkey"
            ],
            "boundingBox": {
                "height": 194.18720564818733,
                "width": 298.4361718558141,
                "left": 75.42161551065202,
                "top": 15.738912873667449
            },
            "points": [
                {
                    "x": 75.42161551065202,
                    "y": 15.738912873667449
                },
                {
                    "x": 373.8577873664661,
                    "y": 15.738912873667449
                },
                {
                    "x": 373.8577873664661,
                    "y": 209.9261185218548
                },
                {
                    "x": 75.42161551065202,
                    "y": 209.9261185218548
                }
            ]
        }
    ],
    "version": "2.2.0"
}