{
    "asset": {
        "format": "jpg",
        "id": "b3a6975196276c4695caecbb44f017d8",
        "name": "images%20-%202022-02-02T104626.383.jpg",
        "path": "file:C:/Users/ragha/Downloads/rhesusmacaque/images%20-%202022-02-02T104626.383.jpg",
        "size": {
            "width": 259,
            "height": 194
        },
        "state": 2,
        "type": 1
    },
    "regions": [
        {
            "id": "puv5jBLLu",
            "type": "RECTANGLE",
            "tags": [
                "monkey"
            ],
            "boundingBox": {
                "height": 160.46102280266538,
                "width": 129.66428063939037,
                "left": 117.01884902405688,
                "top": 13.371752248645501
            },
            "points": [
                {
                    "x": 117.01884902405688,
                    "y": 13.371752248645501
                },
                {
                    "x": 246.68312966344723,
                    "y": 13.371752248645501
                },
                {
                    "x": 246.68312966344723,
                    "y": 173.8327750513109
                },
                {
                    "x": 117.01884902405688,
                    "y": 173.8327750513109
                }
            ]
        }
    ],
    "version": "2.2.0"
}