{
    "asset": {
        "format": "jpg",
        "id": "b3c1ad97dd1873a6c5367d88cd615153",
        "name": "fghythfgbcv.jpg",
        "path": "file:C:/Users/ragha/Downloads/rhesusmacaque/fghythfgbcv.jpg",
        "size": {
            "width": 231,
            "height": 218
        },
        "state": 2,
        "type": 1
    },
    "regions": [
        {
            "id": "2tTMheEhd",
            "type": "RECTANGLE",
            "tags": [
                "monkey"
            ],
            "boundingBox": {
                "height": 205.68361581920902,
                "width": 187.5065518798828,
                "left": 31.481448120117186,
                "top": 6.15819209039548
            },
            "points": [
                {
                    "x": 31.481448120117186,
                    "y": 6.15819209039548
                },
                {
                    "x": 218.988,
                    "y": 6.15819209039548
                },
                {
                    "x": 218.988,
                    "y": 211.8418079096045
                },
                {
                    "x": 31.481448120117186,
                    "y": 211.8418079096045
                }
            ]
        }
    ],
    "version": "2.2.0"
}