{
    "asset": {
        "format": "jpg",
        "id": "b3eda7e0648db70bb612d61870e61ec9",
        "name": "images%20-%202022-02-02T104626.355.jpg",
        "path": "file:C:/Users/ragha/Downloads/rhesusmacaque/images%20-%202022-02-02T104626.355.jpg",
        "size": {
            "width": 275,
            "height": 183
        },
        "state": 2,
        "type": 1
    },
    "regions": [
        {
            "id": "SoWmakxoD",
            "type": "RECTANGLE",
            "tags": [
                "monkey"
            ],
            "boundingBox": {
                "height": 118.21254231467175,
                "width": 79.38369614466521,
                "left": 32.420478805632996,
                "top": 21.393247518966447
            },
            "points": [
                {
                    "x": 32.420478805632996,
                    "y": 21.393247518966447
                },
                {
                    "x": 111.8041749502982,
                    "y": 21.393247518966447
                },
                {
                    "x": 111.8041749502982,
                    "y": 139.6057898336382
                },
                {
                    "x": 32.420478805632996,
                    "y": 139.6057898336382
                }
            ]
        },
        {
            "id": "9aXo9jlXKp",
            "type": "RECTANGLE",
            "tags": [
                "monkey"
            ],
            "boundingBox": {
                "height": 131.1044734442412,
                "width": 60.139165009940356,
                "left": 132.14215379112045,
                "top": 28.82250041676991
            },
            "points": [
                {
                    "x": 132.14215379112045,
                    "y": 28.82250041676991
                },
                {
                    "x": 192.28131880106082,
                    "y": 28.82250041676991
                },
                {
                    "x": 192.28131880106082,
                    "y": 159.9269738610111
                },
                {
                    "x": 132.14215379112045,
                    "y": 159.9269738610111
                }
            ]
        },
        {
            "id": "MJU84tbXX",
            "type": "RECTANGLE",
            "tags": [
                "monkey"
            ],
            "boundingBox": {
                "height": 119.74208788515917,
                "width": 75.00993034711652,
                "left": 183.75248842637535,
                "top": 50.01772179674746
            },
            "points": [
                {
                    "x": 183.75248842637535,
                    "y": 50.01772179674746
                },
                {
                    "x": 258.76241877349185,
                    "y": 50.01772179674746
                },
                {
                    "x": 258.76241877349185,
                    "y": 169.75980968190663
                },
                {
                    "x": 183.75248842637535,
                    "y": 169.75980968190663
                }
            ]
        }
    ],
    "version": "2.2.0"
}