{
    "asset": {
        "format": "jpg",
        "id": "b419d4daf0dec3b275ac1d8f802dbefd",
        "name": "images%20-%202022-02-02T104626.330.jpg",
        "path": "file:C:/Users/ragha/Downloads/rhesusmacaque/images%20-%202022-02-02T104626.330.jpg",
        "size": {
            "width": 240,
            "height": 210
        },
        "state": 2,
        "type": 1
    },
    "regions": [
        {
            "id": "10_Nbuf5u",
            "type": "RECTANGLE",
            "tags": [
                "monkey"
            ],
            "boundingBox": {
                "height": 172.03390961986477,
                "width": 159.72312219947466,
                "left": 51.78985859761279,
                "top": 9.966101242324052
            },
            "points": [
                {
                    "x": 51.78985859761279,
                    "y": 9.966101242324052
                },
                {
                    "x": 211.51298079708744,
                    "y": 9.966101242324052
                },
                {
                    "x": 211.51298079708744,
                    "y": 182.00001086218882
                },
                {
                    "x": 51.78985859761279,
                    "y": 182.00001086218882
                }
            ]
        }
    ],
    "version": "2.2.0"
}