{
    "asset": {
        "format": "jpg",
        "id": "b422b43fbb675588e213f5bc481fea21",
        "name": "NyZwaWQ9QXBp%20(18).jpg",
        "path": "file:C:/Users/ragha/Downloads/rhesusmacaque/NyZwaWQ9QXBp%20(18).jpg",
        "size": {
            "width": 339,
            "height": 225
        },
        "state": 2,
        "type": 1
    },
    "regions": [
        {
            "id": "bqpfWPmTB",
            "type": "RECTANGLE",
            "tags": [
                "monkey"
            ],
            "boundingBox": {
                "height": 185.1197625348668,
                "width": 286.0270439436137,
                "left": 22.442745595518684,
                "top": 13.961453637677039
            },
            "points": [
                {
                    "x": 22.442745595518684,
                    "y": 13.961453637677039
                },
                {
                    "x": 308.46978953913236,
                    "y": 13.961453637677039
                },
                {
                    "x": 308.46978953913236,
                    "y": 199.08121617254383
                },
                {
                    "x": 22.442745595518684,
                    "y": 199.08121617254383
                }
            ]
        }
    ],
    "version": "2.2.0"
}