{
    "asset": {
        "format": "jpg",
        "id": "b4e0ee2742851e64b7b0faac085de05c",
        "name": "OCZwaWQ9QXBp%20(5).jpg",
        "path": "file:C:/Users/ragha/Downloads/rhesusmacaque/OCZwaWQ9QXBp%20(5).jpg",
        "size": {
            "width": 338,
            "height": 225
        },
        "state": 2,
        "type": 1
    },
    "regions": [
        {
            "id": "FcSjw9am9",
            "type": "RECTANGLE",
            "tags": [
                "monkey"
            ],
            "boundingBox": {
                "height": 184.83583421849494,
                "width": 240.5646328328855,
                "left": 79.3594474413286,
                "top": 29.56483157713022
            },
            "points": [
                {
                    "x": 79.3594474413286,
                    "y": 29.56483157713022
                },
                {
                    "x": 319.9240802742141,
                    "y": 29.56483157713022
                },
                {
                    "x": 319.9240802742141,
                    "y": 214.40066579562517
                },
                {
                    "x": 79.3594474413286,
                    "y": 214.40066579562517
                }
            ]
        }
    ],
    "version": "2.2.0"
}