{
    "asset": {
        "format": "jpg",
        "id": "b51c9b42d8c07b5cf0d86d84fcc18bdf",
        "name": "kiujyhngbfvdc.jpg",
        "path": "file:C:/Users/ragha/Downloads/rhesusmacaque/kiujyhngbfvdc.jpg",
        "size": {
            "width": 194,
            "height": 259
        },
        "state": 2,
        "type": 1
    },
    "regions": [
        {
            "id": "DaQES5hqc",
            "type": "RECTANGLE",
            "tags": [
                "monkey"
            ],
            "boundingBox": {
                "height": 208.07796163612838,
                "width": 147.00076812168336,
                "left": 11.69946772737323,
                "top": 2.926553672316384
            },
            "points": [
                {
                    "x": 11.69946772737323,
                    "y": 2.926553672316384
                },
                {
                    "x": 158.70023584905658,
                    "y": 2.926553672316384
                },
                {
                    "x": 158.70023584905658,
                    "y": 211.00451530844478
                },
                {
                    "x": 11.69946772737323,
                    "y": 211.00451530844478
                }
            ]
        },
        {
            "id": "UyyNPGRcc",
            "type": "RECTANGLE",
            "tags": [
                "monkey"
            ],
            "boundingBox": {
                "height": 103.96582367460606,
                "width": 69.1079200600678,
                "left": 102.40363654370577,
                "top": 146.62033451748434
            },
            "points": [
                {
                    "x": 102.40363654370577,
                    "y": 146.62033451748434
                },
                {
                    "x": 171.51155660377358,
                    "y": 146.62033451748434
                },
                {
                    "x": 171.51155660377358,
                    "y": 250.58615819209038
                },
                {
                    "x": 102.40363654370577,
                    "y": 250.58615819209038
                }
            ]
        }
    ],
    "version": "2.2.0"
}