{
    "asset": {
        "format": "jpg",
        "id": "b523d8d22fe39eb5cdc62d27354b8f4c",
        "name": "images%20-%202022-02-02T104626.139.jpg",
        "path": "file:C:/Users/ragha/Downloads/rhesusmacaque/images%20-%202022-02-02T104626.139.jpg",
        "size": {
            "width": 275,
            "height": 183
        },
        "state": 2,
        "type": 1
    },
    "regions": [
        {
            "id": "a4YjWcy9v",
            "type": "RECTANGLE",
            "tags": [
                "monkey"
            ],
            "boundingBox": {
                "height": 120.17910030991284,
                "width": 128.3697913228636,
                "left": 77.68887013611689,
                "top": 26.63742578990424
            },
            "points": [
                {
                    "x": 77.68887013611689,
                    "y": 26.63742578990424
                },
                {
                    "x": 206.05866145898048,
                    "y": 26.63742578990424
                },
                {
                    "x": 206.05866145898048,
                    "y": 146.81652609981708
                },
                {
                    "x": 77.68887013611689,
                    "y": 146.81652609981708
                }
            ]
        }
    ],
    "version": "2.2.0"
}