{
    "asset": {
        "format": "jpg",
        "id": "b528ef5622cd5ae2d4e68688f86db02f",
        "name": "aiZwaWQ9QXBp.jpg",
        "path": "file:C:/Users/ragha/Downloads/rhesusmacaque/aiZwaWQ9QXBp.jpg",
        "size": {
            "width": 300,
            "height": 225
        },
        "state": 2,
        "type": 1
    },
    "regions": [
        {
            "id": "Vqm8PmV_n",
            "type": "RECTANGLE",
            "tags": [
                "monkey"
            ],
            "boundingBox": {
                "height": 162.45762129961435,
                "width": 91.27118062164824,
                "left": 27.425853276656845,
                "top": 57.45763293767379
            },
            "points": [
                {
                    "x": 27.425853276656845,
                    "y": 57.45763293767379
                },
                {
                    "x": 118.69703389830508,
                    "y": 57.45763293767379
                },
                {
                    "x": 118.69703389830508,
                    "y": 219.91525423728814
                },
                {
                    "x": 27.425853276656845,
                    "y": 219.91525423728814
                }
            ]
        },
        {
            "id": "3qdy6cp5N",
            "type": "RECTANGLE",
            "tags": [
                "monkey"
            ],
            "boundingBox": {
                "height": 188.6440648870953,
                "width": 58.474576271186436,
                "left": 118.95126730708752,
                "top": 32.79660919965323
            },
            "points": [
                {
                    "x": 118.95126730708752,
                    "y": 32.79660919965323
                },
                {
                    "x": 177.42584357827397,
                    "y": 32.79660919965323
                },
                {
                    "x": 177.42584357827397,
                    "y": 221.44067408674854
                },
                {
                    "x": 118.95126730708752,
                    "y": 221.44067408674854
                }
            ]
        },
        {
            "id": "6ICosGHPV",
            "type": "RECTANGLE",
            "tags": [
                "monkey"
            ],
            "boundingBox": {
                "height": 181.52543245735814,
                "width": 83.13558546163267,
                "left": 168.27330508474574,
                "top": 12.203392740023338
            },
            "points": [
                {
                    "x": 168.27330508474574,
                    "y": 12.203392740023338
                },
                {
                    "x": 251.40889054637844,
                    "y": 12.203392740023338
                },
                {
                    "x": 251.40889054637844,
                    "y": 193.72882519738147
                },
                {
                    "x": 168.27330508474574,
                    "y": 193.72882519738147
                }
            ]
        }
    ],
    "version": "2.2.0"
}