{
    "asset": {
        "format": "jpg",
        "id": "b56994cc024eadf5b4fc53bcb62d56d1",
        "name": "LSZwaWQ9QXBp.jpg",
        "path": "file:C:/Users/ragha/Downloads/rhesusmacaque/LSZwaWQ9QXBp.jpg",
        "size": {
            "width": 335,
            "height": 225
        },
        "state": 2,
        "type": 1
    },
    "regions": [
        {
            "id": "U8IazP_Uu",
            "type": "RECTANGLE",
            "tags": [
                "monkey"
            ],
            "boundingBox": {
                "height": 173.07692307692307,
                "width": 241.8926624275344,
                "left": 44.555672101424655,
                "top": 19.91632817059579
            },
            "points": [
                {
                    "x": 44.555672101424655,
                    "y": 19.91632817059579
                },
                {
                    "x": 286.44833452895904,
                    "y": 19.91632817059579
                },
                {
                    "x": 286.44833452895904,
                    "y": 192.99325124751886
                },
                {
                    "x": 44.555672101424655,
                    "y": 192.99325124751886
                }
            ]
        }
    ],
    "version": "2.2.0"
}