{
    "asset": {
        "format": "jpg",
        "id": "b5a16303c74f05fec971488025b6ef1b",
        "name": "images%20-%202022-02-02T104626.135.jpg",
        "path": "file:C:/Users/ragha/Downloads/rhesusmacaque/images%20-%202022-02-02T104626.135.jpg",
        "size": {
            "width": 273,
            "height": 185
        },
        "state": 2,
        "type": 1
    },
    "regions": [
        {
            "id": "1QX93HEIj",
            "type": "RECTANGLE",
            "tags": [
                "monkey"
            ],
            "boundingBox": {
                "height": 123.26099541180294,
                "width": 208.19643306542582,
                "left": 46.29602551318069,
                "top": 28.33660232006979
            },
            "points": [
                {
                    "x": 46.29602551318069,
                    "y": 28.33660232006979
                },
                {
                    "x": 254.49245857860652,
                    "y": 28.33660232006979
                },
                {
                    "x": 254.49245857860652,
                    "y": 151.59759773187272
                },
                {
                    "x": 46.29602551318069,
                    "y": 151.59759773187272
                }
            ]
        }
    ],
    "version": "2.2.0"
}