{
    "asset": {
        "format": "jpg",
        "id": "b6704f8664d8cba8632bb61c48a7536c",
        "name": "awer.jpg",
        "path": "file:C:/Users/ragha/Downloads/rhesusmacaque/awer.jpg",
        "size": {
            "width": 275,
            "height": 183
        },
        "state": 2,
        "type": 1
    },
    "regions": [
        {
            "id": "V6rmyGBUp",
            "type": "RECTANGLE",
            "tags": [
                "monkey"
            ],
            "boundingBox": {
                "height": 107.11187466120315,
                "width": 165.00002208508943,
                "left": 91.56543150880282,
                "top": 25.640677177299885
            },
            "points": [
                {
                    "x": 91.56543150880282,
                    "y": 25.640677177299885
                },
                {
                    "x": 256.56545359389224,
                    "y": 25.640677177299885
                },
                {
                    "x": 256.56545359389224,
                    "y": 132.75255183850302
                },
                {
                    "x": 91.56543150880282,
                    "y": 132.75255183850302
                }
            ]
        }
    ],
    "version": "2.2.0"
}