{
    "asset": {
        "format": "jpg",
        "id": "b68ac2d84a6e37db47534518c10f1062",
        "name": "5ythfgdgh.jpg",
        "path": "file:C:/Users/karan/Pictures/rhesusmacaque/5ythfgdgh.jpg",
        "size": {
            "width": 283,
            "height": 178
        },
        "state": 2,
        "type": 1,
        "predicted": true
    },
    "regions": [
        {
            "id": "dXXTtT3YSb",
            "type": "RECTANGLE",
            "tags": [
                "Monkey"
            ],
            "boundingBox": {
                "left": 163.3614137172699,
                "top": 51.96127837896347,
                "width": 117.85751581192017,
                "height": 125.00757199525833
            },
            "points": [
                {
                    "x": 163.3614137172699,
                    "y": 51.96127837896347
                },
                {
                    "x": 281.21892952919006,
                    "y": 51.96127837896347
                },
                {
                    "x": 281.21892952919006,
                    "y": 176.9688503742218
                },
                {
                    "x": 163.3614137172699,
                    "y": 176.9688503742218
                }
            ]
        }
    ],
    "version": "2.2.0"
}