{
    "asset": {
        "format": "jpg",
        "id": "b6a3be3cd9b8102473c017de5f32bd2d",
        "name": "images%20(82).jpg",
        "path": "file:C:/Users/ragha/Downloads/rhesusmacaque/images%20(82).jpg",
        "size": {
            "width": 259,
            "height": 194
        },
        "state": 2,
        "type": 1
    },
    "regions": [
        {
            "id": "Sww2HnPFa",
            "type": "RECTANGLE",
            "tags": [
                "monkey"
            ],
            "boundingBox": {
                "height": 161.11865452049815,
                "width": 86.7348887340715,
                "left": 19.770651077367287,
                "top": 4.822598451948434
            },
            "points": [
                {
                    "x": 19.770651077367287,
                    "y": 4.822598451948434
                },
                {
                    "x": 106.50553981143878,
                    "y": 4.822598451948434
                },
                {
                    "x": 106.50553981143878,
                    "y": 165.94125297244656
                },
                {
                    "x": 19.770651077367287,
                    "y": 165.94125297244656
                }
            ]
        },
        {
            "id": "2SpgRw5WA",
            "type": "RECTANGLE",
            "tags": [
                "monkey"
            ],
            "boundingBox": {
                "height": 171.85988616943357,
                "width": 85.20169467401807,
                "left": 116.58080073995771,
                "top": 22.140113830566403
            },
            "points": [
                {
                    "x": 116.58080073995771,
                    "y": 22.140113830566403
                },
                {
                    "x": 201.78249541397577,
                    "y": 22.140113830566403
                },
                {
                    "x": 201.78249541397577,
                    "y": 193.99999999999997
                },
                {
                    "x": 116.58080073995771,
                    "y": 193.99999999999997
                }
            ]
        },
        {
            "id": "AYr56oAls",
            "type": "RECTANGLE",
            "tags": [
                "monkey"
            ],
            "boundingBox": {
                "height": 139.08813517511226,
                "width": 119.47607363807728,
                "left": 136.51229845494598,
                "top": 6.1378535254526945
            },
            "points": [
                {
                    "x": 136.51229845494598,
                    "y": 6.1378535254526945
                },
                {
                    "x": 255.98837209302326,
                    "y": 6.1378535254526945
                },
                {
                    "x": 255.98837209302326,
                    "y": 145.22598870056495
                },
                {
                    "x": 136.51229845494598,
                    "y": 145.22598870056495
                }
            ]
        }
    ],
    "version": "2.2.0"
}