{
    "asset": {
        "format": "jpg",
        "id": "b8bb7e148afdbfb71a5fe0e3ecf7f6c6",
        "name": "87iujyhgb.jpg",
        "path": "file:C:/Users/ragha/Downloads/rhesusmacaque/87iujyhgb.jpg",
        "size": {
            "width": 276,
            "height": 183
        },
        "state": 2,
        "type": 1
    },
    "regions": [
        {
            "id": "CukYjOFMJs",
            "type": "RECTANGLE",
            "tags": [
                "monkey"
            ],
            "boundingBox": {
                "height": 103.74314476779361,
                "width": 43.24947190575211,
                "left": 128.4551172515669,
                "top": 42.5889179817858
            },
            "points": [
                {
                    "x": 128.4551172515669,
                    "y": 42.5889179817858
                },
                {
                    "x": 171.70458915731902,
                    "y": 42.5889179817858
                },
                {
                    "x": 171.70458915731902,
                    "y": 146.3320627495794
                },
                {
                    "x": 128.4551172515669,
                    "y": 146.3320627495794
                }
            ]
        }
    ],
    "version": "2.2.0"
}