{
    "asset": {
        "format": "jpg",
        "id": "b91a0b512cff7aaf5eb818101a8b130f",
        "name": "images%20(88).jpg",
        "path": "file:C:/Users/ragha/Downloads/rhesusmacaque/images%20(88).jpg",
        "size": {
            "width": 100,
            "height": 100
        },
        "state": 2,
        "type": 1
    },
    "regions": [
        {
            "id": "WDdb4FBLN",
            "type": "RECTANGLE",
            "tags": [
                "monkey"
            ],
            "boundingBox": {
                "height": 89.03954931571658,
                "width": 84.18079958123676,
                "left": 15.367229914261124,
                "top": 6.892655798270877
            },
            "points": [
                {
                    "x": 15.367229914261124,
                    "y": 6.892655798270877
                },
                {
                    "x": 99.54802949549789,
                    "y": 6.892655798270877
                },
                {
                    "x": 99.54802949549789,
                    "y": 95.93220511398746
                },
                {
                    "x": 15.367229914261124,
                    "y": 95.93220511398746
                }
            ]
        }
    ],
    "version": "2.2.0"
}