{
    "asset": {
        "format": "jpg",
        "id": "b94f4d400c54d57beb6f29230cae16de",
        "name": "NyZwaWQ9QXBp%20(3).jpg",
        "path": "file:C:/Users/ragha/Downloads/rhesusmacaque/NyZwaWQ9QXBp%20(3).jpg",
        "size": {
            "width": 339,
            "height": 225
        },
        "state": 2,
        "type": 1
    },
    "regions": [
        {
            "id": "sJX4b1vAf",
            "type": "RECTANGLE",
            "tags": [
                "monkey"
            ],
            "boundingBox": {
                "height": 180.26946518949407,
                "width": 233.997612257364,
                "left": 58.83638376649284,
                "top": 8.033307869277316
            },
            "points": [
                {
                    "x": 58.83638376649284,
                    "y": 8.033307869277316
                },
                {
                    "x": 292.83399602385686,
                    "y": 8.033307869277316
                },
                {
                    "x": 292.83399602385686,
                    "y": 188.30277305877138
                },
                {
                    "x": 58.83638376649284,
                    "y": 188.30277305877138
                }
            ]
        }
    ],
    "version": "2.2.0"
}