{
    "asset": {
        "format": "jpg",
        "id": "b9b80afcaf0bc4450f18fce05142e9ef",
        "name": "43etrdfgcvb.jpg",
        "path": "file:C:/Users/ragha/Downloads/rhesusmacaque/43etrdfgcvb.jpg",
        "size": {
            "width": 183,
            "height": 275
        },
        "state": 2,
        "type": 1,
        "predicted": true
    },
    "regions": [
        {
            "id": "OfHMbbHyI",
            "type": "RECTANGLE",
            "tags": [
                "monkey"
            ],
            "boundingBox": {
                "left": 45.02387228608131,
                "top": 74.21640083193779,
                "width": 116.99168524146079,
                "height": 159.6716858446598
            },
            "points": [
                {
                    "x": 45.02387228608131,
                    "y": 74.21640083193779
                },
                {
                    "x": 162.0155575275421,
                    "y": 74.21640083193779
                },
                {
                    "x": 162.0155575275421,
                    "y": 233.8880866765976
                },
                {
                    "x": 45.02387228608131,
                    "y": 233.8880866765976
                }
            ]
        }
    ],
    "version": "2.2.0"
}