{
    "asset": {
        "format": "jpg",
        "id": "ba3765741372d1e2c6fe1ba665685597",
        "name": "OCZwaWQ9QXBp%20(21).jpg",
        "path": "file:C:/Users/ragha/Downloads/rhesusmacaque/OCZwaWQ9QXBp%20(21).jpg",
        "size": {
            "width": 338,
            "height": 225
        },
        "state": 2,
        "type": 1
    },
    "regions": [
        {
            "id": "irOofuWhZ",
            "type": "RECTANGLE",
            "tags": [
                "monkey"
            ],
            "boundingBox": {
                "height": 201.7611950546948,
                "width": 269.0560697703428,
                "left": 38.50377938666827,
                "top": 12.10214500996604
            },
            "points": [
                {
                    "x": 38.50377938666827,
                    "y": 12.10214500996604
                },
                {
                    "x": 307.55984915701106,
                    "y": 12.10214500996604
                },
                {
                    "x": 307.55984915701106,
                    "y": 213.86334006466083
                },
                {
                    "x": 38.50377938666827,
                    "y": 213.86334006466083
                }
            ]
        }
    ],
    "version": "2.2.0"
}