{
    "asset": {
        "format": "jpg",
        "id": "ba452adbafda03e3983ed81b0775643b",
        "name": "WSZwaWQ9QXBp.jpg",
        "path": "file:C:/Users/ragha/Downloads/rhesusmacaque/WSZwaWQ9QXBp.jpg",
        "size": {
            "width": 161,
            "height": 225
        },
        "state": 2,
        "type": 1
    },
    "regions": [
        {
            "id": "Jev1AVdjB",
            "type": "RECTANGLE",
            "tags": [
                "monkey"
            ],
            "boundingBox": {
                "height": 196.01695012238065,
                "width": 121.41817405007102,
                "left": 24.090348677201703,
                "top": 28.983049877619337
            },
            "points": [
                {
                    "x": 24.090348677201703,
                    "y": 28.983049877619337
                },
                {
                    "x": 145.50852272727272,
                    "y": 28.983049877619337
                },
                {
                    "x": 145.50852272727272,
                    "y": 225
                },
                {
                    "x": 24.090348677201703,
                    "y": 225
                }
            ]
        }
    ],
    "version": "2.2.0"
}