{
    "asset": {
        "format": "jpg",
        "id": "bbd52e3d2dc4e02bd2214e1cdb2d5f2c",
        "name": "6754ghvbb.jpg",
        "path": "file:C:/Users/karan/Pictures/rhesusmacaque/6754ghvbb.jpg",
        "size": {
            "width": 225,
            "height": 225
        },
        "state": 2,
        "type": 1,
        "predicted": true
    },
    "regions": [
        {
            "id": "n2neZbiv6",
            "type": "RECTANGLE",
            "tags": [
                "Monkey"
            ],
            "boundingBox": {
                "height": 80.35714285714286,
                "width": 174.10714285714286,
                "left": 26.907467532467532,
                "top": 92.77597402597402
            },
            "points": [
                {
                    "x": 26.907467532467532,
                    "y": 92.77597402597402
                },
                {
                    "x": 201.0146103896104,
                    "y": 92.77597402597402
                },
                {
                    "x": 201.0146103896104,
                    "y": 173.13311688311688
                },
                {
                    "x": 26.907467532467532,
                    "y": 173.13311688311688
                }
            ]
        }
    ],
    "version": "2.2.0"
}