{
    "asset": {
        "format": "jpg",
        "id": "bc35bfc8f4431117ea5d9e8f77212a1d",
        "name": "YSZwaWQ9QXBp%20(2).jpg",
        "path": "file:C:/Users/ragha/Downloads/rhesusmacaque/YSZwaWQ9QXBp%20(2).jpg",
        "size": {
            "width": 225,
            "height": 225
        },
        "state": 2,
        "type": 1
    },
    "regions": [
        {
            "id": "Y1oQMVymq",
            "type": "RECTANGLE",
            "tags": [
                "monkey"
            ],
            "boundingBox": {
                "height": 183.305085715601,
                "width": 148.4745801505396,
                "left": 64.70340146856793,
                "top": 17.542371911517645
            },
            "points": [
                {
                    "x": 64.70340146856793,
                    "y": 17.542371911517645
                },
                {
                    "x": 213.1779816191075,
                    "y": 17.542371911517645
                },
                {
                    "x": 213.1779816191075,
                    "y": 200.84745762711864
                },
                {
                    "x": 64.70340146856793,
                    "y": 200.84745762711864
                }
            ]
        }
    ],
    "version": "2.2.0"
}