{
    "asset": {
        "format": "jpg",
        "id": "bce2566d660ae7ab0d44b912d4005d6e",
        "name": "trsbfgbgbfgv.jpg",
        "path": "file:C:/Users/ragha/Downloads/rhesusmacaque/trsbfgbgbfgv.jpg",
        "size": {
            "width": 259,
            "height": 194
        },
        "state": 2,
        "type": 1
    },
    "regions": [
        {
            "id": "RE4YWutYK",
            "type": "RECTANGLE",
            "tags": [
                "monkey"
            ],
            "boundingBox": {
                "height": 157.3921012662898,
                "width": 130.10231221301862,
                "left": 61.93345013027715,
                "top": 21.701694079038113
            },
            "points": [
                {
                    "x": 61.93345013027715,
                    "y": 21.701694079038113
                },
                {
                    "x": 192.03576234329577,
                    "y": 21.701694079038113
                },
                {
                    "x": 192.03576234329577,
                    "y": 179.09379534532792
                },
                {
                    "x": 61.93345013027715,
                    "y": 179.09379534532792
                }
            ]
        }
    ],
    "version": "2.2.0"
}