{
    "asset": {
        "format": "jpg",
        "id": "bcfb670097b7260dfdd94247418d8f32",
        "name": "654ytrhgd.jpg",
        "path": "file:C:/Users/ragha/Downloads/rhesusmacaque/654ytrhgd.jpg",
        "size": {
            "width": 182,
            "height": 276
        },
        "state": 2,
        "type": 1
    },
    "regions": [
        {
            "id": "wx93Z9974",
            "type": "RECTANGLE",
            "tags": [
                "monkey"
            ],
            "boundingBox": {
                "height": 231.71525780629304,
                "width": 155.57687841901432,
                "left": 20.16321794072872,
                "top": 1.871187630346266
            },
            "points": [
                {
                    "x": 20.16321794072872,
                    "y": 1.871187630346266
                },
                {
                    "x": 175.74009635974303,
                    "y": 1.871187630346266
                },
                {
                    "x": 175.74009635974303,
                    "y": 233.5864454366393
                },
                {
                    "x": 20.16321794072872,
                    "y": 233.5864454366393
                }
            ]
        }
    ],
    "version": "2.2.0"
}