{
    "asset": {
        "format": "jpg",
        "id": "bd04ee98052e5a28125c3ea88f10cea9",
        "name": "OCZwaWQ9QXBp%20(23).jpg",
        "path": "file:C:/Users/ragha/Downloads/rhesusmacaque/OCZwaWQ9QXBp%20(23).jpg",
        "size": {
            "width": 338,
            "height": 225
        },
        "state": 2,
        "type": 1
    },
    "regions": [
        {
            "id": "CAgrnys3U",
            "type": "RECTANGLE",
            "tags": [
                "monkey"
            ],
            "boundingBox": {
                "height": 121.9701431046671,
                "width": 175.7868623221608,
                "left": 115.37694657251802,
                "top": 63.95289435315488
            },
            "points": [
                {
                    "x": 115.37694657251802,
                    "y": 63.95289435315488
                },
                {
                    "x": 291.1638088946788,
                    "y": 63.95289435315488
                },
                {
                    "x": 291.1638088946788,
                    "y": 185.92303745782198
                },
                {
                    "x": 115.37694657251802,
                    "y": 185.92303745782198
                }
            ]
        },
        {
            "id": "BFti9BfmP",
            "type": "RECTANGLE",
            "tags": [
                "monkey"
            ],
            "boundingBox": {
                "height": 137.55225110409864,
                "width": 177.1308192107123,
                "left": 102.7439322803414,
                "top": 12.370802751227991
            },
            "points": [
                {
                    "x": 102.7439322803414,
                    "y": 12.370802751227991
                },
                {
                    "x": 279.8747514910537,
                    "y": 12.370802751227991
                },
                {
                    "x": 279.8747514910537,
                    "y": 149.92305385532666
                },
                {
                    "x": 102.7439322803414,
                    "y": 149.92305385532666
                }
            ]
        }
    ],
    "version": "2.2.0"
}