{
    "asset": {
        "format": "jpg",
        "id": "be32493cc6565ef8eb3dc98509a92eab",
        "name": "NyZwaWQ9QXBp%20(16).jpg",
        "path": "file:C:/Users/ragha/Downloads/rhesusmacaque/NyZwaWQ9QXBp%20(16).jpg",
        "size": {
            "width": 339,
            "height": 225
        },
        "state": 2,
        "type": 1
    },
    "regions": [
        {
            "id": "2K4Eurd5r",
            "type": "RECTANGLE",
            "tags": [
                "monkey"
            ],
            "boundingBox": {
                "height": 203.17365166669836,
                "width": 278.74831425266757,
                "left": 16.24235003795586,
                "top": 9.65007536425562
            },
            "points": [
                {
                    "x": 16.24235003795586,
                    "y": 9.65007536425562
                },
                {
                    "x": 294.99066429062344,
                    "y": 9.65007536425562
                },
                {
                    "x": 294.99066429062344,
                    "y": 212.82372703095396
                },
                {
                    "x": 16.24235003795586,
                    "y": 212.82372703095396
                }
            ]
        }
    ],
    "version": "2.2.0"
}