{
    "asset": {
        "format": "jpg",
        "id": "be443ee136064f0185a4699c6c540354",
        "name": "images%20-%202022-02-02T104625.754.jpg",
        "path": "file:C:/Users/ragha/Downloads/rhesusmacaque/images%20-%202022-02-02T104625.754.jpg",
        "size": {
            "width": 259,
            "height": 194
        },
        "state": 2,
        "type": 1
    },
    "regions": [
        {
            "id": "2L8nduHqK",
            "type": "RECTANGLE",
            "tags": [
                "monkey"
            ],
            "boundingBox": {
                "height": 157.17288302836442,
                "width": 194.71542839066421,
                "left": 44.08269847523082,
                "top": 24.551414101810778
            },
            "points": [
                {
                    "x": 44.08269847523082,
                    "y": 24.551414101810778
                },
                {
                    "x": 238.79812686589506,
                    "y": 24.551414101810778
                },
                {
                    "x": 238.79812686589506,
                    "y": 181.72429713017522
                },
                {
                    "x": 44.08269847523082,
                    "y": 181.72429713017522
                }
            ]
        }
    ],
    "version": "2.2.0"
}