{
    "asset": {
        "format": "jpg",
        "id": "be53a943fc7116f7dedfa0cd7f5545ff",
        "name": "OCZwaWQ9QXBp%20(10).jpg",
        "path": "file:C:/Users/ragha/Downloads/rhesusmacaque/OCZwaWQ9QXBp%20(10).jpg",
        "size": {
            "width": 338,
            "height": 225
        },
        "state": 2,
        "type": 1
    },
    "regions": [
        {
            "id": "4grEIznPc",
            "type": "RECTANGLE",
            "tags": [
                "monkey"
            ],
            "boundingBox": {
                "height": 205.5223880597015,
                "width": 258.0357750348495,
                "left": 35.81590662324879,
                "top": 15.057369915407097
            },
            "points": [
                {
                    "x": 35.81590662324879,
                    "y": 15.057369915407097
                },
                {
                    "x": 293.8516816580983,
                    "y": 15.057369915407097
                },
                {
                    "x": 293.8516816580983,
                    "y": 220.5797579751086
                },
                {
                    "x": 35.81590662324879,
                    "y": 220.5797579751086
                }
            ]
        }
    ],
    "version": "2.2.0"
}