{
    "asset": {
        "format": "jpg",
        "id": "bed62b4351ca04980b1f9d65a193faba",
        "name": "NiZwaWQ9QXBp%20(2).jpg",
        "path": "file:C:/Users/ragha/Downloads/rhesusmacaque/NiZwaWQ9QXBp%20(2).jpg",
        "size": {
            "width": 340,
            "height": 225
        },
        "state": 2,
        "type": 1
    },
    "regions": [
        {
            "id": "q407at9Hi",
            "type": "RECTANGLE",
            "tags": [
                "monkey"
            ],
            "boundingBox": {
                "height": 201.35135650634766,
                "width": 237.66203195863878,
                "left": 40.62425859879784,
                "top": 7.187503092997782
            },
            "points": [
                {
                    "x": 40.62425859879784,
                    "y": 7.187503092997782
                },
                {
                    "x": 278.28629055743664,
                    "y": 7.187503092997782
                },
                {
                    "x": 278.28629055743664,
                    "y": 208.53885959934544
                },
                {
                    "x": 40.62425859879784,
                    "y": 208.53885959934544
                }
            ]
        }
    ],
    "version": "2.2.0"
}