{
    "asset": {
        "format": "jpg",
        "id": "bedb195393868fdf26962f4cbc808859",
        "name": "images%20-%202022-02-02T104626.348.jpg",
        "path": "file:C:/Users/ragha/Downloads/rhesusmacaque/images%20-%202022-02-02T104626.348.jpg",
        "size": {
            "width": 226,
            "height": 223
        },
        "state": 2,
        "type": 1
    },
    "regions": [
        {
            "id": "B9UZLi4F1",
            "type": "RECTANGLE",
            "tags": [
                "monkey"
            ],
            "boundingBox": {
                "height": 163.53333237211584,
                "width": 224.3514218131148,
                "left": 0,
                "top": 34.26892751488982
            },
            "points": [
                {
                    "x": 0,
                    "y": 34.26892751488982
                },
                {
                    "x": 224.3514218131148,
                    "y": 34.26892751488982
                },
                {
                    "x": 224.3514218131148,
                    "y": 197.80225988700565
                },
                {
                    "x": 0,
                    "y": 197.80225988700565
                }
            ]
        }
    ],
    "version": "2.2.0"
}