{
    "asset": {
        "format": "jpg",
        "id": "bf438ef620421e95f56f365e829c5892",
        "name": "OCZwaWQ9QXBp%20(2).jpg",
        "path": "file:C:/Users/ragha/Downloads/rhesusmacaque/OCZwaWQ9QXBp%20(2).jpg",
        "size": {
            "width": 338,
            "height": 225
        },
        "state": 2,
        "type": 1
    },
    "regions": [
        {
            "id": "Z5BhkMUKV",
            "type": "RECTANGLE",
            "tags": [
                "monkey"
            ],
            "boundingBox": {
                "height": 170.32835718411118,
                "width": 262.60518129018857,
                "left": 33.66561046319738,
                "top": 36.81856497010189
            },
            "points": [
                {
                    "x": 33.66561046319738,
                    "y": 36.81856497010189
                },
                {
                    "x": 296.27079175338594,
                    "y": 36.81856497010189
                },
                {
                    "x": 296.27079175338594,
                    "y": 207.1469221542131
                },
                {
                    "x": 33.66561046319738,
                    "y": 207.1469221542131
                }
            ]
        }
    ],
    "version": "2.2.0"
}