{
    "asset": {
        "format": "jpg",
        "id": "bfedcf0cfb695cd55944fe3f9e90a199",
        "name": "images%20(42).jpg",
        "path": "file:C:/Users/ragha/Downloads/rhesusmacaque/images%20(42).jpg",
        "size": {
            "width": 225,
            "height": 225
        },
        "state": 2,
        "type": 1
    },
    "regions": [
        {
            "id": "wOX5pfg9r",
            "type": "RECTANGLE",
            "tags": [
                "monkey"
            ],
            "boundingBox": {
                "height": 214.57627021660238,
                "width": 204.15254043320476,
                "left": 4.163137532896915,
                "top": 2.796611139329813
            },
            "points": [
                {
                    "x": 4.163137532896915,
                    "y": 2.796611139329813
                },
                {
                    "x": 208.31567796610167,
                    "y": 2.796611139329813
                },
                {
                    "x": 208.31567796610167,
                    "y": 217.3728813559322
                },
                {
                    "x": 4.163137532896915,
                    "y": 217.3728813559322
                }
            ]
        }
    ],
    "version": "2.2.0"
}