{
    "asset": {
        "format": "jpg",
        "id": "c0c4e3cc85873dc8e07271adfa201992",
        "name": "SCZwaWQ9QXBp%20(5).jpg",
        "path": "file:C:/Users/ragha/Downloads/rhesusmacaque/SCZwaWQ9QXBp%20(5).jpg",
        "size": {
            "width": 150,
            "height": 225
        },
        "state": 2,
        "type": 1
    },
    "regions": [
        {
            "id": "_eBzYO8UH",
            "type": "RECTANGLE",
            "tags": [
                "monkey"
            ],
            "boundingBox": {
                "height": 121.01695497157209,
                "width": 93.81356320138704,
                "left": 53.389830508474574,
                "top": 99.66101888882912
            },
            "points": [
                {
                    "x": 53.389830508474574,
                    "y": 99.66101888882912
                },
                {
                    "x": 147.20339370986161,
                    "y": 99.66101888882912
                },
                {
                    "x": 147.20339370986161,
                    "y": 220.6779738604012
                },
                {
                    "x": 53.389830508474574,
                    "y": 220.6779738604012
                }
            ]
        },
        {
            "id": "GxSj61ixr",
            "type": "RECTANGLE",
            "tags": [
                "monkey"
            ],
            "boundingBox": {
                "height": 180.76272253262795,
                "width": 139.83050847457628,
                "left": 0,
                "top": 7.881356902041677
            },
            "points": [
                {
                    "x": 0,
                    "y": 7.881356902041677
                },
                {
                    "x": 139.83050847457628,
                    "y": 7.881356902041677
                },
                {
                    "x": 139.83050847457628,
                    "y": 188.6440794346696
                },
                {
                    "x": 0,
                    "y": 188.6440794346696
                }
            ]
        }
    ],
    "version": "2.2.0"
}