{
    "asset": {
        "format": "jpg",
        "id": "c1548c597739e554327fb319eb493dc5",
        "name": "65tghfgfdh.jpg",
        "path": "file:C:/Users/karan/Pictures/rhesusmacaque/65tghfgfdh.jpg",
        "size": {
            "width": 275,
            "height": 183
        },
        "state": 2,
        "type": 1,
        "predicted": true
    },
    "regions": [
        {
            "id": "WsxQebnC2N",
            "type": "RECTANGLE",
            "tags": [
                "Monkey"
            ],
            "boundingBox": {
                "left": 4.676423221826553,
                "top": 50.02711862325668,
                "width": 79.40056845545769,
                "height": 84.9170150756836
            },
            "points": [
                {
                    "x": 4.676423221826553,
                    "y": 50.02711862325668
                },
                {
                    "x": 84.07699167728424,
                    "y": 50.02711862325668
                },
                {
                    "x": 84.07699167728424,
                    "y": 134.94413369894028
                },
                {
                    "x": 4.676423221826553,
                    "y": 134.94413369894028
                }
            ]
        },
        {
            "id": "aI7pjA7xCC",
            "type": "RECTANGLE",
            "tags": [
                "Monkey"
            ],
            "boundingBox": {
                "left": 207.69490748643872,
                "top": 22.58456200361252,
                "width": 59.85491275787353,
                "height": 90.17922538518906
            },
            "points": [
                {
                    "x": 207.69490748643872,
                    "y": 22.58456200361252
                },
                {
                    "x": 267.54982024431223,
                    "y": 22.58456200361252
                },
                {
                    "x": 267.54982024431223,
                    "y": 112.76378738880157
                },
                {
                    "x": 207.69490748643872,
                    "y": 112.76378738880157
                }
            ]
        }
    ],
    "version": "2.2.0"
}