{
    "asset": {
        "format": "jpg",
        "id": "c154fb22f5e733272a2716a0f282f201",
        "name": "QSZwaWQ9QXBp%20(4).jpg",
        "path": "file:C:/Users/ragha/Downloads/rhesusmacaque/QSZwaWQ9QXBp%20(4).jpg",
        "size": {
            "width": 300,
            "height": 225
        },
        "state": 2,
        "type": 1
    },
    "regions": [
        {
            "id": "KtT9uVFXY",
            "type": "RECTANGLE",
            "tags": [
                "monkey"
            ],
            "boundingBox": {
                "height": 173.89831381329034,
                "width": 234.15254819191108,
                "left": 44.36440871933759,
                "top": 23.64407070612503
            },
            "points": [
                {
                    "x": 44.36440871933759,
                    "y": 23.64407070612503
                },
                {
                    "x": 278.51695691124866,
                    "y": 23.64407070612503
                },
                {
                    "x": 278.51695691124866,
                    "y": 197.54238451941538
                },
                {
                    "x": 44.36440871933759,
                    "y": 197.54238451941538
                }
            ]
        }
    ],
    "version": "2.2.0"
}