{
    "asset": {
        "format": "jpg",
        "id": "c18e986e13a0c9bcb90f696b4fc2945a",
        "name": "dfgttydhgjtyjy.jpg",
        "path": "file:C:/Users/ragha/Downloads/rhesusmacaque/dfgttydhgjtyjy.jpg",
        "size": {
            "width": 276,
            "height": 183
        },
        "state": 2,
        "type": 1
    },
    "regions": [
        {
            "id": "P0wNqRg2a",
            "type": "RECTANGLE",
            "tags": [
                "monkey"
            ],
            "boundingBox": {
                "height": 118.238186373569,
                "width": 69.1164003352529,
                "left": 3.0522969468464445,
                "top": 2.00277462841935
            },
            "points": [
                {
                    "x": 3.0522969468464445,
                    "y": 2.00277462841935
                },
                {
                    "x": 72.16869728209934,
                    "y": 2.00277462841935
                },
                {
                    "x": 72.16869728209934,
                    "y": 120.24096100198835
                },
                {
                    "x": 3.0522969468464445,
                    "y": 120.24096100198835
                }
            ]
        },
        {
            "id": "OH6wR1oR9",
            "type": "RECTANGLE",
            "tags": [
                "monkey"
            ],
            "boundingBox": {
                "height": 169.73120461427507,
                "width": 186.75913776944705,
                "left": 86.65417057169637,
                "top": 9.318246110325319
            },
            "points": [
                {
                    "x": 86.65417057169637,
                    "y": 9.318246110325319
                },
                {
                    "x": 273.4133083411434,
                    "y": 9.318246110325319
                },
                {
                    "x": 273.4133083411434,
                    "y": 179.0494507246004
                },
                {
                    "x": 86.65417057169637,
                    "y": 179.0494507246004
                }
            ]
        }
    ],
    "version": "2.2.0"
}