{
    "asset": {
        "format": "jpg",
        "id": "c2380ddcbee0b2f79e983cbd9a02497f",
        "name": "hgjhnngdngh.jpg",
        "path": "file:C:/Users/ragha/Downloads/rhesusmacaque/hgjhnngdngh.jpg",
        "size": {
            "width": 275,
            "height": 183
        },
        "state": 2,
        "type": 1
    },
    "regions": [
        {
            "id": "-SE4uLH6h",
            "type": "RECTANGLE",
            "tags": [
                "monkey"
            ],
            "boundingBox": {
                "height": 62.03390224909378,
                "width": 83.32707397919847,
                "left": 43.595513006798306,
                "top": 29.155932992191634
            },
            "points": [
                {
                    "x": 43.595513006798306,
                    "y": 29.155932992191634
                },
                {
                    "x": 126.92258698599679,
                    "y": 29.155932992191634
                },
                {
                    "x": 126.92258698599679,
                    "y": 91.18983524128541
                },
                {
                    "x": 43.595513006798306,
                    "y": 91.18983524128541
                }
            ]
        },
        {
            "id": "I09fa1paQ",
            "type": "RECTANGLE",
            "tags": [
                "monkey"
            ],
            "boundingBox": {
                "height": 101.73559479794258,
                "width": 189.19172932330827,
                "left": 73.78347977659756,
                "top": 37.633899882688354
            },
            "points": [
                {
                    "x": 73.78347977659756,
                    "y": 37.633899882688354
                },
                {
                    "x": 262.9752090999058,
                    "y": 37.633899882688354
                },
                {
                    "x": 262.9752090999058,
                    "y": 139.36949468063094
                },
                {
                    "x": 73.78347977659756,
                    "y": 139.36949468063094
                }
            ]
        }
    ],
    "version": "2.2.0"
}