{
    "asset": {
        "format": "jpg",
        "id": "c26a32d9e63d3eaa98dcd608af3fdf91",
        "name": "images%20(57).jpg",
        "path": "file:C:/Users/ragha/Downloads/rhesusmacaque/images%20(57).jpg",
        "size": {
            "width": 262,
            "height": 192
        },
        "state": 2,
        "type": 1
    },
    "regions": [
        {
            "id": "iwznzLqk4",
            "type": "RECTANGLE",
            "tags": [
                "monkey"
            ],
            "boundingBox": {
                "height": 183.5389921543962,
                "width": 153.61987412099265,
                "left": 50.2743062084506,
                "top": 7.810170319120763
            },
            "points": [
                {
                    "x": 50.2743062084506,
                    "y": 7.810170319120763
                },
                {
                    "x": 203.89418032944323,
                    "y": 7.810170319120763
                },
                {
                    "x": 203.89418032944323,
                    "y": 191.34916247351694
                },
                {
                    "x": 50.2743062084506,
                    "y": 191.34916247351694
                }
            ]
        }
    ],
    "version": "2.2.0"
}