{
    "asset": {
        "format": "jpg",
        "id": "c31752799a03adb6948cd93e6740e914",
        "name": "aiZwaWQ9QXBp%20(3).jpg",
        "path": "file:C:/Users/ragha/Downloads/rhesusmacaque/aiZwaWQ9QXBp%20(3).jpg",
        "size": {
            "width": 300,
            "height": 225
        },
        "state": 2,
        "type": 1
    },
    "regions": [
        {
            "id": "i4zkCld_3",
            "type": "RECTANGLE",
            "tags": [
                "monkey"
            ],
            "boundingBox": {
                "height": 223.72881355932202,
                "width": 249.40680487681243,
                "left": 39.37499806032342,
                "top": 1.271186440677966
            },
            "points": [
                {
                    "x": 39.37499806032342,
                    "y": 1.271186440677966
                },
                {
                    "x": 288.78180293713586,
                    "y": 1.271186440677966
                },
                {
                    "x": 288.78180293713586,
                    "y": 225
                },
                {
                    "x": 39.37499806032342,
                    "y": 225
                }
            ]
        }
    ],
    "version": "2.2.0"
}