{
    "asset": {
        "format": "jpg",
        "id": "c3a72ff7f36e68554ab95b5907474ef3",
        "name": "NiZwaWQ9QXBp%20(1).jpg",
        "path": "file:C:/Users/ragha/Downloads/rhesusmacaque/NiZwaWQ9QXBp%20(1).jpg",
        "size": {
            "width": 340,
            "height": 225
        },
        "state": 2,
        "type": 1
    },
    "regions": [
        {
            "id": "ZlaTsUFZm7",
            "type": "RECTANGLE",
            "tags": [
                "monkey"
            ],
            "boundingBox": {
                "height": 186.7567526327597,
                "width": 94.36183315148173,
                "left": 83.88469597454336,
                "top": 14.484797297297296
            },
            "points": [
                {
                    "x": 83.88469597454336,
                    "y": 14.484797297297296
                },
                {
                    "x": 178.24652912602508,
                    "y": 14.484797297297296
                },
                {
                    "x": 178.24652912602508,
                    "y": 201.241549930057
                },
                {
                    "x": 83.88469597454336,
                    "y": 201.241549930057
                }
            ]
        },
        {
            "id": "AU8pSh9NL",
            "type": "RECTANGLE",
            "tags": [
                "monkey"
            ],
            "boundingBox": {
                "height": 158.37837940937763,
                "width": 162.22664015904573,
                "left": 136.87872763419483,
                "top": 17.998313903808594
            },
            "points": [
                {
                    "x": 136.87872763419483,
                    "y": 17.998313903808594
                },
                {
                    "x": 299.10536779324053,
                    "y": 17.998313903808594
                },
                {
                    "x": 299.10536779324053,
                    "y": 176.37669331318622
                },
                {
                    "x": 136.87872763419483,
                    "y": 176.37669331318622
                }
            ]
        }
    ],
    "version": "2.2.0"
}