{
    "asset": {
        "format": "jpg",
        "id": "c4522a307be15a30c699743920400e2b",
        "name": "images%20-%202022-02-02T104626.381.jpg",
        "path": "file:C:/Users/ragha/Downloads/rhesusmacaque/images%20-%202022-02-02T104626.381.jpg",
        "size": {
            "width": 300,
            "height": 168
        },
        "state": 2,
        "type": 1
    },
    "regions": [
        {
            "id": "1Myz9TtlG",
            "type": "RECTANGLE",
            "tags": [
                "monkey"
            ],
            "boundingBox": {
                "height": 150.39431161016594,
                "width": 218.05170260177215,
                "left": 4.353878559696508,
                "top": 6.1135000225494
            },
            "points": [
                {
                    "x": 4.353878559696508,
                    "y": 6.1135000225494
                },
                {
                    "x": 222.40558116146866,
                    "y": 6.1135000225494
                },
                {
                    "x": 222.40558116146866,
                    "y": 156.50781163271535
                },
                {
                    "x": 4.353878559696508,
                    "y": 156.50781163271535
                }
            ]
        }
    ],
    "version": "2.2.0"
}