{
    "asset": {
        "format": "jpg",
        "id": "c5184c345fb78edde5f89c85b98140ac",
        "name": "65ythgfhegfd.jpg",
        "path": "file:C:/Users/karan/Pictures/rhesusmacaque/65ythgfhegfd.jpg",
        "size": {
            "width": 293,
            "height": 172
        },
        "state": 2,
        "type": 1,
        "predicted": true
    },
    "regions": [
        {
            "id": "Y4Xx0NjnHM",
            "type": "RECTANGLE",
            "tags": [
                "Monkey"
            ],
            "boundingBox": {
                "left": 2.446951612830162,
                "top": 59.90959572792053,
                "width": 126.01684887707233,
                "height": 112.00565099716187
            },
            "points": [
                {
                    "x": 2.446951612830162,
                    "y": 59.90959572792053
                },
                {
                    "x": 128.4638004899025,
                    "y": 59.90959572792053
                },
                {
                    "x": 128.4638004899025,
                    "y": 171.9152467250824
                },
                {
                    "x": 2.446951612830162,
                    "y": 171.9152467250824
                }
            ]
        },
        {
            "id": "IWGQr1se7i",
            "type": "RECTANGLE",
            "tags": [
                "Monkey"
            ],
            "boundingBox": {
                "left": 118.6650702059269,
                "top": 7.0192002058029175,
                "width": 161.04417940974236,
                "height": 164.47890293598175
            },
            "points": [
                {
                    "x": 118.6650702059269,
                    "y": 7.0192002058029175
                },
                {
                    "x": 279.70924961566925,
                    "y": 7.0192002058029175
                },
                {
                    "x": 279.70924961566925,
                    "y": 171.49810314178467
                },
                {
                    "x": 118.6650702059269,
                    "y": 171.49810314178467
                }
            ]
        }
    ],
    "version": "2.2.0"
}