{
    "asset": {
        "format": "jpg",
        "id": "c5a6524fbfc17be5c99d4791a4327ab3",
        "name": "images%20-%202022-02-02T104626.343.jpg",
        "path": "file:C:/Users/ragha/Downloads/rhesusmacaque/images%20-%202022-02-02T104626.343.jpg",
        "size": {
            "width": 275,
            "height": 183
        },
        "state": 2,
        "type": 1
    },
    "regions": [
        {
            "id": "QXOgxFJ6t",
            "type": "RECTANGLE",
            "tags": [
                "monkey"
            ],
            "boundingBox": {
                "height": 126.95284498983354,
                "width": 248.21074392876142,
                "left": 12.519885721073946,
                "top": 32.10011235706842
            },
            "points": [
                {
                    "x": 12.519885721073946,
                    "y": 32.10011235706842
                },
                {
                    "x": 260.73062964983535,
                    "y": 32.10011235706842
                },
                {
                    "x": 260.73062964983535,
                    "y": 159.05295734690196
                },
                {
                    "x": 12.519885721073946,
                    "y": 159.05295734690196
                }
            ]
        }
    ],
    "version": "2.2.0"
}