{
    "asset": {
        "format": "jpg",
        "id": "c62b2f3683edefc7cf7020a75dfb04ce",
        "name": "QyZwaWQ9QXBp%20(1).jpg",
        "path": "file:C:/Users/ragha/Downloads/rhesusmacaque/QyZwaWQ9QXBp%20(1).jpg",
        "size": {
            "width": 331,
            "height": 225
        },
        "state": 2,
        "type": 1
    },
    "regions": [
        {
            "id": "qHaPbV964",
            "type": "RECTANGLE",
            "tags": [
                "monkey"
            ],
            "boundingBox": {
                "height": 193.42105765091748,
                "width": 230.84452477032335,
                "left": 85.34931220780784,
                "top": 14.185852753488643
            },
            "points": [
                {
                    "x": 85.34931220780784,
                    "y": 14.185852753488643
                },
                {
                    "x": 316.1938369781312,
                    "y": 14.185852753488643
                },
                {
                    "x": 316.1938369781312,
                    "y": 207.6069104044061
                },
                {
                    "x": 85.34931220780784,
                    "y": 207.6069104044061
                }
            ]
        }
    ],
    "version": "2.2.0"
}