{
    "asset": {
        "format": "jpg",
        "id": "c67666ef17e999fd694ec4db9c74749b",
        "name": "images%20(71).jpg",
        "path": "file:C:/Users/ragha/Downloads/rhesusmacaque/images%20(71).jpg",
        "size": {
            "width": 247,
            "height": 204
        },
        "state": 2,
        "type": 1
    },
    "regions": [
        {
            "id": "JFTuOPTzv",
            "type": "RECTANGLE",
            "tags": [
                "monkey"
            ],
            "boundingBox": {
                "height": 121.93898217152741,
                "width": 55.04242775656961,
                "left": 125.20567830403647,
                "top": 38.264407658981064
            },
            "points": [
                {
                    "x": 125.20567830403647,
                    "y": 38.264407658981064
                },
                {
                    "x": 180.24810606060606,
                    "y": 38.264407658981064
                },
                {
                    "x": 180.24810606060606,
                    "y": 160.20338983050848
                },
                {
                    "x": 125.20567830403647,
                    "y": 160.20338983050848
                }
            ]
        }
    ],
    "version": "2.2.0"
}