{
    "asset": {
        "format": "jpg",
        "id": "c6a1bd62e1a87bc3c67f521caf2bcae3",
        "name": "56ytgfh.jpg",
        "path": "file:C:/Users/ragha/Downloads/rhesusmacaque/56ytgfh.jpg",
        "size": {
            "width": 276,
            "height": 183
        },
        "state": 2,
        "type": 1
    },
    "regions": [
        {
            "id": "Vbsn-KkRr",
            "type": "RECTANGLE",
            "tags": [
                "monkey"
            ],
            "boundingBox": {
                "height": 170.62744304651588,
                "width": 153.3390783794371,
                "left": 99.4841706723729,
                "top": 6.144217344119491
            },
            "points": [
                {
                    "x": 99.4841706723729,
                    "y": 6.144217344119491
                },
                {
                    "x": 252.82324905181,
                    "y": 6.144217344119491
                },
                {
                    "x": 252.82324905181,
                    "y": 176.77166039063536
                },
                {
                    "x": 99.4841706723729,
                    "y": 176.77166039063536
                }
            ]
        }
    ],
    "version": "2.2.0"
}