{
    "asset": {
        "format": "jpg",
        "id": "c6db27ce6d12e3ba892abec44aecbd69",
        "name": "ViZwaWQ9QXBp%20(1).jpg",
        "path": "file:C:/Users/ragha/Downloads/rhesusmacaque/ViZwaWQ9QXBp%20(1).jpg",
        "size": {
            "width": 227,
            "height": 225
        },
        "state": 2,
        "type": 1
    },
    "regions": [
        {
            "id": "ChCOvzQAb",
            "type": "RECTANGLE",
            "tags": [
                "monkey"
            ],
            "boundingBox": {
                "height": 182.0339089733059,
                "width": 183.88907368977863,
                "left": 25.03676470588235,
                "top": 25.677967071533203
            },
            "points": [
                {
                    "x": 25.03676470588235,
                    "y": 25.677967071533203
                },
                {
                    "x": 208.92583839566097,
                    "y": 25.677967071533203
                },
                {
                    "x": 208.92583839566097,
                    "y": 207.7118760448391
                },
                {
                    "x": 25.03676470588235,
                    "y": 207.7118760448391
                }
            ]
        }
    ],
    "version": "2.2.0"
}