{
    "asset": {
        "format": "jpg",
        "id": "c6f141c35600d628276e580a6c23b067",
        "name": "hgbdfvgfbv.jpg",
        "path": "file:C:/Users/ragha/Downloads/rhesusmacaque/hgbdfvgfbv.jpg",
        "size": {
            "width": 183,
            "height": 275
        },
        "state": 2,
        "type": 1
    },
    "regions": [
        {
            "id": "GYqP9UEC5",
            "type": "RECTANGLE",
            "tags": [
                "monkey"
            ],
            "boundingBox": {
                "height": 243.3050823750469,
                "width": 158.833116276249,
                "left": 13.472471200736466,
                "top": 14.604522144727115
            },
            "points": [
                {
                    "x": 13.472471200736466,
                    "y": 14.604522144727115
                },
                {
                    "x": 172.3055874769855,
                    "y": 14.604522144727115
                },
                {
                    "x": 172.3055874769855,
                    "y": 257.909604519774
                },
                {
                    "x": 13.472471200736466,
                    "y": 257.909604519774
                }
            ]
        }
    ],
    "version": "2.2.0"
}