{
    "asset": {
        "format": "jpg",
        "id": "c6feddd5de6c30bda9a2496e2776b3f7",
        "name": "yndgnnhg.jpg",
        "path": "file:C:/Users/ragha/Downloads/rhesusmacaque/yndgnnhg.jpg",
        "size": {
            "width": 259,
            "height": 194
        },
        "state": 2,
        "type": 1
    },
    "regions": [
        {
            "id": "z1ref3iKa",
            "type": "RECTANGLE",
            "tags": [
                "monkey"
            ],
            "boundingBox": {
                "height": 147.52768612446758,
                "width": 89.3632118596083,
                "left": 43.31610562282183,
                "top": 44.06101778536866
            },
            "points": [
                {
                    "x": 43.31610562282183,
                    "y": 44.06101778536866
                },
                {
                    "x": 132.67931748243012,
                    "y": 44.06101778536866
                },
                {
                    "x": 132.67931748243012,
                    "y": 191.58870390983623
                },
                {
                    "x": 43.31610562282183,
                    "y": 191.58870390983623
                }
            ]
        },
        {
            "id": "O4_6-dBIr",
            "type": "RECTANGLE",
            "tags": [
                "monkey"
            ],
            "boundingBox": {
                "height": 133.0598970402432,
                "width": 108.63764550368327,
                "left": 108.58629422661618,
                "top": 48.22598870056497
            },
            "points": [
                {
                    "x": 108.58629422661618,
                    "y": 48.22598870056497
                },
                {
                    "x": 217.22393973029943,
                    "y": 48.22598870056497
                },
                {
                    "x": 217.22393973029943,
                    "y": 181.28588574080817
                },
                {
                    "x": 108.58629422661618,
                    "y": 181.28588574080817
                }
            ]
        }
    ],
    "version": "2.2.0"
}