{
    "asset": {
        "format": "jpg",
        "id": "c766699f56914a0cdf5b81f100b40aba",
        "name": "images%20-%202022-02-02T104626.303.jpg",
        "path": "file:C:/Users/ragha/Downloads/rhesusmacaque/images%20-%202022-02-02T104626.303.jpg",
        "size": {
            "width": 318,
            "height": 159
        },
        "state": 2,
        "type": 1
    },
    "regions": [
        {
            "id": "l-MZSJ_79",
            "type": "RECTANGLE",
            "tags": [
                "monkey"
            ],
            "boundingBox": {
                "height": 127.95865389935776,
                "width": 161.84491112407585,
                "left": 75.42227797764195,
                "top": 11.095230557572533
            },
            "points": [
                {
                    "x": 75.42227797764195,
                    "y": 11.095230557572533
                },
                {
                    "x": 237.2671891017178,
                    "y": 11.095230557572533
                },
                {
                    "x": 237.2671891017178,
                    "y": 139.0538844569303
                },
                {
                    "x": 75.42227797764195,
                    "y": 139.0538844569303
                }
            ]
        }
    ],
    "version": "2.2.0"
}