{
    "asset": {
        "format": "jpg",
        "id": "c7689ed35c4ad84fd72696f0f6fda3be",
        "name": "6ye5yhgfhdb.jpg",
        "path": "file:C:/Users/ragha/Downloads/rhesusmacaque/6ye5yhgfhdb.jpg",
        "size": {
            "width": 307,
            "height": 164
        },
        "state": 2,
        "type": 1
    },
    "regions": [
        {
            "id": "wE4fs0jPq",
            "type": "RECTANGLE",
            "tags": [
                "monkey"
            ],
            "boundingBox": {
                "height": 79.41053070603756,
                "width": 91.84105757451437,
                "left": 9.84011158679508,
                "top": 7.538244735985471
            },
            "points": [
                {
                    "x": 9.84011158679508,
                    "y": 7.538244735985471
                },
                {
                    "x": 101.68116916130946,
                    "y": 7.538244735985471
                },
                {
                    "x": 101.68116916130946,
                    "y": 86.94877544202303
                },
                {
                    "x": 9.84011158679508,
                    "y": 86.94877544202303
                }
            ]
        },
        {
            "id": "e7nksYFXt",
            "type": "RECTANGLE",
            "tags": [
                "monkey"
            ],
            "boundingBox": {
                "height": 69.9733368455318,
                "width": 74.57769798271659,
                "left": 196.7447012675177,
                "top": 5.927019299958881
            },
            "points": [
                {
                    "x": 196.7447012675177,
                    "y": 5.927019299958881
                },
                {
                    "x": 271.3223992502343,
                    "y": 5.927019299958881
                },
                {
                    "x": 271.3223992502343,
                    "y": 75.90035614549068
                },
                {
                    "x": 196.7447012675177,
                    "y": 75.90035614549068
                }
            ]
        }
    ],
    "version": "2.2.0"
}