{
    "asset": {
        "format": "jpg",
        "id": "c77b551a90d91e466e518541c73afb8d",
        "name": "images%20(11).jpg",
        "path": "file:C:/Users/ragha/Downloads/rhesusmacaque/images%20(11).jpg",
        "size": {
            "width": 290,
            "height": 174
        },
        "state": 2,
        "type": 1
    },
    "regions": [
        {
            "id": "7SOA1t7tC",
            "type": "RECTANGLE",
            "tags": [
                "monkey"
            ],
            "boundingBox": {
                "height": 152.03250746726988,
                "width": 191.12277745083324,
                "left": 98.87722254916676,
                "top": 2.310939574241638
            },
            "points": [
                {
                    "x": 98.87722254916676,
                    "y": 2.310939574241638
                },
                {
                    "x": 290,
                    "y": 2.310939574241638
                },
                {
                    "x": 290,
                    "y": 154.34344704151152
                },
                {
                    "x": 98.87722254916676,
                    "y": 154.34344704151152
                }
            ]
        }
    ],
    "version": "2.2.0"
}