{
    "asset": {
        "format": "jpg",
        "id": "c7cf73d1451708be982084975051f8b8",
        "name": "435ertgfbv.jpg",
        "path": "file:C:/Users/karan/Pictures/rhesusmacaque/435ertgfbv.jpg",
        "size": {
            "width": 299,
            "height": 168
        },
        "state": 2,
        "type": 1,
        "predicted": true
    },
    "regions": [
        {
            "id": "2_LYu5S-Z",
            "type": "RECTANGLE",
            "tags": [
                "Monkey"
            ],
            "boundingBox": {
                "left": 33.62788870930672,
                "top": 0,
                "width": 261.95799121260643,
                "height": 168.33952045440674
            },
            "points": [
                {
                    "x": 33.62788870930672,
                    "y": 0
                },
                {
                    "x": 295.58587992191315,
                    "y": 0
                },
                {
                    "x": 295.58587992191315,
                    "y": 168.33952045440674
                },
                {
                    "x": 33.62788870930672,
                    "y": 168.33952045440674
                }
            ]
        }
    ],
    "version": "2.2.0"
}