{
    "asset": {
        "format": "jpg",
        "id": "c7da549601a5437511fbb014cc8b62ef",
        "name": "QyZwaWQ9QXBp.jpg",
        "path": "file:C:/Users/ragha/Downloads/rhesusmacaque/QyZwaWQ9QXBp.jpg",
        "size": {
            "width": 331,
            "height": 225
        },
        "state": 2,
        "type": 1
    },
    "regions": [
        {
            "id": "c3omgnhLD",
            "type": "RECTANGLE",
            "tags": [
                "monkey"
            ],
            "boundingBox": {
                "height": 160.26315187153065,
                "width": 201.89027049859047,
                "left": 114.56680322120013,
                "top": 16.291118922986485
            },
            "points": [
                {
                    "x": 114.56680322120013,
                    "y": 16.291118922986485
                },
                {
                    "x": 316.4570737197906,
                    "y": 16.291118922986485
                },
                {
                    "x": 316.4570737197906,
                    "y": 176.55427079451712
                },
                {
                    "x": 114.56680322120013,
                    "y": 176.55427079451712
                }
            ]
        }
    ],
    "version": "2.2.0"
}