{
    "asset": {
        "format": "jpg",
        "id": "c8189ab8301135be1d5ee6643e811d76",
        "name": "yujhtgfdsbf.jpg",
        "path": "file:C:/Users/ragha/Downloads/rhesusmacaque/yujhtgfdsbf.jpg",
        "size": {
            "width": 183,
            "height": 275
        },
        "state": 2,
        "type": 1
    },
    "regions": [
        {
            "id": "sEZ0iFdzG",
            "type": "RECTANGLE",
            "tags": [
                "monkey"
            ],
            "boundingBox": {
                "height": 218.1355955910548,
                "width": 160.38725640363754,
                "left": 8.538071553418591,
                "top": 23.9265560430322
            },
            "points": [
                {
                    "x": 8.538071553418591,
                    "y": 23.9265560430322
                },
                {
                    "x": 168.92532795705614,
                    "y": 23.9265560430322
                },
                {
                    "x": 168.92532795705614,
                    "y": 242.062151634087
                },
                {
                    "x": 8.538071553418591,
                    "y": 242.062151634087
                }
            ]
        }
    ],
    "version": "2.2.0"
}