{
    "asset": {
        "format": "jpg",
        "id": "c89f1c4d69ff8ea7ef5e8f69312d6db1",
        "name": "images%20(13).jpg",
        "path": "file:C:/Users/ragha/Downloads/rhesusmacaque/images%20(13).jpg",
        "size": {
            "width": 259,
            "height": 194
        },
        "state": 2,
        "type": 1
    },
    "regions": [
        {
            "id": "fEpYkRjKK",
            "type": "RECTANGLE",
            "tags": [
                "monkey"
            ],
            "boundingBox": {
                "height": 175.1480217626539,
                "width": 193.62029096994542,
                "left": 30.804157249015176,
                "top": 13.371752248645501
            },
            "points": [
                {
                    "x": 30.804157249015176,
                    "y": 13.371752248645501
                },
                {
                    "x": 224.42444821896058,
                    "y": 13.371752248645501
                },
                {
                    "x": 224.42444821896058,
                    "y": 188.5197740112994
                },
                {
                    "x": 30.804157249015176,
                    "y": 188.5197740112994
                }
            ]
        }
    ],
    "version": "2.2.0"
}