{
    "asset": {
        "format": "jpg",
        "id": "ca5396e5faf83159d3f48f568c53c609",
        "name": "OCZwaWQ9QXBp%20(12).jpg",
        "path": "file:C:/Users/ragha/Downloads/rhesusmacaque/OCZwaWQ9QXBp%20(12).jpg",
        "size": {
            "width": 338,
            "height": 225
        },
        "state": 2,
        "type": 1
    },
    "regions": [
        {
            "id": "DqGWMV8Iq",
            "type": "RECTANGLE",
            "tags": [
                "monkey"
            ],
            "boundingBox": {
                "height": 105.31342976128877,
                "width": 75.26042712232464,
                "left": 4.6365866689511375,
                "top": 6.460358064566086
            },
            "points": [
                {
                    "x": 4.6365866689511375,
                    "y": 6.460358064566086
                },
                {
                    "x": 79.89701379127578,
                    "y": 6.460358064566086
                },
                {
                    "x": 79.89701379127578,
                    "y": 111.77378782585487
                },
                {
                    "x": 4.6365866689511375,
                    "y": 111.77378782585487
                }
            ]
        },
        {
            "id": "xyH-9PrFb",
            "type": "RECTANGLE",
            "tags": [
                "monkey"
            ],
            "boundingBox": {
                "height": 119.2835785025981,
                "width": 257.76701236671767,
                "left": 73.44612531112155,
                "top": 4.04244607953883
            },
            "points": [
                {
                    "x": 73.44612531112155,
                    "y": 4.04244607953883
                },
                {
                    "x": 331.21313767783926,
                    "y": 4.04244607953883
                },
                {
                    "x": 331.21313767783926,
                    "y": 123.32602458213694
                },
                {
                    "x": 73.44612531112155,
                    "y": 123.32602458213694
                }
            ]
        },
        {
            "id": "hchdko_u0",
            "type": "RECTANGLE",
            "tags": [
                "monkey"
            ],
            "boundingBox": {
                "height": 107.73134943264634,
                "width": 93.80676354470832,
                "left": 207.8397737355166,
                "top": 106.66931636297882
            },
            "points": [
                {
                    "x": 207.8397737355166,
                    "y": 106.66931636297882
                },
                {
                    "x": 301.6465372802249,
                    "y": 106.66931636297882
                },
                {
                    "x": 301.6465372802249,
                    "y": 214.40066579562517
                },
                {
                    "x": 207.8397737355166,
                    "y": 214.40066579562517
                }
            ]
        },
        {
            "id": "-H99iM8Cp",
            "type": "RECTANGLE",
            "tags": [
                "monkey"
            ],
            "boundingBox": {
                "height": 125.1940257513701,
                "width": 86.28071160439706,
                "left": 114.57057654075547,
                "top": 94.31110125869068
            },
            "points": [
                {
                    "x": 114.57057654075547,
                    "y": 94.31110125869068
                },
                {
                    "x": 200.85128814515252,
                    "y": 94.31110125869068
                },
                {
                    "x": 200.85128814515252,
                    "y": 219.5051270100608
                },
                {
                    "x": 114.57057654075547,
                    "y": 219.5051270100608
                }
            ]
        },
        {
            "id": "O0vnebeYW",
            "type": "RECTANGLE",
            "tags": [
                "monkey"
            ],
            "boundingBox": {
                "height": 105.04477202002683,
                "width": 76.33558032906079,
                "left": 23.720479187861116,
                "top": 103.4454337162758
            },
            "points": [
                {
                    "x": 23.720479187861116,
                    "y": 103.4454337162758
                },
                {
                    "x": 100.0560595169219,
                    "y": 103.4454337162758
                },
                {
                    "x": 100.0560595169219,
                    "y": 208.49020573630264
                },
                {
                    "x": 23.720479187861116,
                    "y": 208.49020573630264
                }
            ]
        }
    ],
    "version": "2.2.0"
}