{
    "asset": {
        "format": "jpg",
        "id": "ca8d1aa3280cbf0bf4bd423789f2d6a0",
        "name": "OCZwaWQ9QXBp%20(1).jpg",
        "path": "file:C:/Users/ragha/Downloads/rhesusmacaque/OCZwaWQ9QXBp%20(1).jpg",
        "size": {
            "width": 338,
            "height": 225
        },
        "state": 2,
        "type": 1
    },
    "regions": [
        {
            "id": "BWPs45Zye",
            "type": "RECTANGLE",
            "tags": [
                "monkey"
            ],
            "boundingBox": {
                "height": 209.55223368174995,
                "width": 276.0445348538651,
                "left": 23.45169601288752,
                "top": 9.95289332831084
            },
            "points": [
                {
                    "x": 23.45169601288752,
                    "y": 9.95289332831084
                },
                {
                    "x": 299.4962308667526,
                    "y": 9.95289332831084
                },
                {
                    "x": 299.4962308667526,
                    "y": 219.5051270100608
                },
                {
                    "x": 23.45169601288752,
                    "y": 219.5051270100608
                }
            ]
        }
    ],
    "version": "2.2.0"
}