{
    "asset": {
        "format": "jpg",
        "id": "cb180ec093a114245f498476d29cf2cc",
        "name": "images%20(94).jpg",
        "path": "file:C:/Users/ragha/Downloads/rhesusmacaque/images%20(94).jpg",
        "size": {
            "width": 100,
            "height": 100
        },
        "state": 2,
        "type": 1
    },
    "regions": [
        {
            "id": "Akhjgopso",
            "type": "RECTANGLE",
            "tags": [
                "monkey"
            ],
            "boundingBox": {
                "height": 89.71751261565645,
                "width": 82.59886833234022,
                "left": 16.045202912583864,
                "top": 1.355931987870211
            },
            "points": [
                {
                    "x": 16.045202912583864,
                    "y": 1.355931987870211
                },
                {
                    "x": 98.64407124492408,
                    "y": 1.355931987870211
                },
                {
                    "x": 98.64407124492408,
                    "y": 91.07344460352667
                },
                {
                    "x": 16.045202912583864,
                    "y": 91.07344460352667
                }
            ]
        }
    ],
    "version": "2.2.0"
}