{
    "asset": {
        "format": "jpg",
        "id": "cbc3c86823ea6fa4a852f59a3c416237",
        "name": "images%20-%202022-02-02T104625.962.jpg",
        "path": "file:C:/Users/ragha/Downloads/rhesusmacaque/images%20-%202022-02-02T104625.962.jpg",
        "size": {
            "width": 176,
            "height": 286
        },
        "state": 2,
        "type": 1
    },
    "regions": [
        {
            "id": "PppcS8Hda",
            "type": "RECTANGLE",
            "tags": [
                "monkey"
            ],
            "boundingBox": {
                "height": 212.31865269720217,
                "width": 110.76698233228211,
                "left": 33.52476571459289,
                "top": 22.944634001133807
            },
            "points": [
                {
                    "x": 33.52476571459289,
                    "y": 22.944634001133807
                },
                {
                    "x": 144.291748046875,
                    "y": 22.944634001133807
                },
                {
                    "x": 144.291748046875,
                    "y": 235.26328669833597
                },
                {
                    "x": 33.52476571459289,
                    "y": 235.26328669833597
                }
            ]
        }
    ],
    "version": "2.2.0"
}