{
    "asset": {
        "format": "jpg",
        "id": "ccea2edde5fbb4bf0fb77d9e4ab7b03a",
        "name": "images%20(1).jpg",
        "path": "file:C:/Users/ragha/Downloads/rhesusmacaque/images%20(1).jpg",
        "size": {
            "width": 225,
            "height": 225
        },
        "state": 2,
        "type": 1
    },
    "regions": [
        {
            "id": "ZcAugKnWO",
            "type": "RECTANGLE",
            "tags": [
                "monkey"
            ],
            "boundingBox": {
                "height": 168.81356805057848,
                "width": 169.83050653489968,
                "left": 28.061446496995828,
                "top": 13.728812589483745
            },
            "points": [
                {
                    "x": 28.061446496995828,
                    "y": 13.728812589483745
                },
                {
                    "x": 197.89195303189553,
                    "y": 13.728812589483745
                },
                {
                    "x": 197.89195303189553,
                    "y": 182.54238064006222
                },
                {
                    "x": 28.061446496995828,
                    "y": 182.54238064006222
                }
            ]
        }
    ],
    "version": "2.2.0"
}