{
    "asset": {
        "format": "jpg",
        "id": "cd13b3cdb85d812c8ffff86a2aeda2bc",
        "name": "images%20(10).jpg",
        "path": "file:C:/Users/ragha/Downloads/rhesusmacaque/images%20(10).jpg",
        "size": {
            "width": 205,
            "height": 246
        },
        "state": 2,
        "type": 1
    },
    "regions": [
        {
            "id": "9js6dSR20",
            "type": "RECTANGLE",
            "tags": [
                "monkey"
            ],
            "boundingBox": {
                "height": 213.1999941680391,
                "width": 188.1830423646054,
                "left": 14.072033898305085,
                "top": 9.450849048161912
            },
            "points": [
                {
                    "x": 14.072033898305085,
                    "y": 9.450849048161912
                },
                {
                    "x": 202.2550762629105,
                    "y": 9.450849048161912
                },
                {
                    "x": 202.2550762629105,
                    "y": 222.65084321620103
                },
                {
                    "x": 14.072033898305085,
                    "y": 222.65084321620103
                }
            ]
        }
    ],
    "version": "2.2.0"
}