{
    "asset": {
        "format": "jpg",
        "id": "cded502fbc092ccfdc8b047a09fad334",
        "name": "images%20(27).jpg",
        "path": "file:C:/Users/ragha/Downloads/rhesusmacaque/images%20(27).jpg",
        "size": {
            "width": 264,
            "height": 191
        },
        "state": 2,
        "type": 1
    },
    "regions": [
        {
            "id": "ESpZLXNgA",
            "type": "RECTANGLE",
            "tags": [
                "monkey"
            ],
            "boundingBox": {
                "height": 134.88700976614223,
                "width": 135.83313212950537,
                "left": 69.21227652894939,
                "top": 18.128812736037087
            },
            "points": [
                {
                    "x": 69.21227652894939,
                    "y": 18.128812736037087
                },
                {
                    "x": 205.04540865845476,
                    "y": 18.128812736037087
                },
                {
                    "x": 205.04540865845476,
                    "y": 153.01582250217933
                },
                {
                    "x": 69.21227652894939,
                    "y": 153.01582250217933
                }
            ]
        }
    ],
    "version": "2.2.0"
}