{
    "asset": {
        "format": "jpg",
        "id": "ce3df00243138363f80a9597db34b9a0",
        "name": "6576ghfg.jpg",
        "path": "file:C:/Users/ragha/Downloads/rhesusmacaque/6576ghfg.jpg",
        "size": {
            "width": 223,
            "height": 226
        },
        "state": 2,
        "type": 1
    },
    "regions": [
        {
            "id": "TblzTTv2N",
            "type": "RECTANGLE",
            "tags": [
                "monkey"
            ],
            "boundingBox": {
                "height": 67.1615824079783,
                "width": 94.82292848603433,
                "left": 3.965600087512872,
                "top": 5.618078608970857
            },
            "points": [
                {
                    "x": 3.965600087512872,
                    "y": 5.618078608970857
                },
                {
                    "x": 98.7885285735472,
                    "y": 5.618078608970857
                },
                {
                    "x": 98.7885285735472,
                    "y": 72.77966101694915
                },
                {
                    "x": 3.965600087512872,
                    "y": 72.77966101694915
                }
            ]
        },
        {
            "id": "7QfukgauD",
            "type": "RECTANGLE",
            "tags": [
                "monkey"
            ],
            "boundingBox": {
                "height": 72.77966345232085,
                "width": 101.46418958953596,
                "left": 121.53581041046407,
                "top": 6.128815020545054
            },
            "points": [
                {
                    "x": 121.53581041046407,
                    "y": 6.128815020545054
                },
                {
                    "x": 223.00000000000003,
                    "y": 6.128815020545054
                },
                {
                    "x": 223.00000000000003,
                    "y": 78.90847847286591
                },
                {
                    "x": 121.53581041046407,
                    "y": 78.90847847286591
                }
            ]
        }
    ],
    "version": "2.2.0"
}