{
    "asset": {
        "format": "jpg",
        "id": "ce45dca4b43591e10077b1a9f88ca535",
        "name": "657675thgf.jpg",
        "path": "file:C:/Users/karan/Pictures/rhesusmacaque/657675thgf.jpg",
        "size": {
            "width": 299,
            "height": 168
        },
        "state": 2,
        "type": 1,
        "predicted": true
    },
    "regions": [
        {
            "id": "fLgnTp_mU",
            "type": "RECTANGLE",
            "tags": [
                "Monkey"
            ],
            "boundingBox": {
                "left": 11.915986597537994,
                "top": 0,
                "width": 282.22912645339966,
                "height": 168.52956819534302
            },
            "points": [
                {
                    "x": 11.915986597537994,
                    "y": 0
                },
                {
                    "x": 294.14511305093765,
                    "y": 0
                },
                {
                    "x": 294.14511305093765,
                    "y": 168.52956819534302
                },
                {
                    "x": 11.915986597537994,
                    "y": 168.52956819534302
                }
            ]
        }
    ],
    "version": "2.2.0"
}