{
    "asset": {
        "format": "jpg",
        "id": "cebcc260ef6bdb7c96b38d35055853e2",
        "name": "546756hghdgf.jpg",
        "path": "file:C:/Users/karan/Pictures/rhesusmacaque/546756hghdgf.jpg",
        "size": {
            "width": 276,
            "height": 183
        },
        "state": 2,
        "type": 1,
        "predicted": true
    },
    "regions": [
        {
            "id": "2Go--rlqs",
            "type": "RECTANGLE",
            "tags": [
                "Monkey"
            ],
            "boundingBox": {
                "height": 152.5,
                "width": 247.25596350764954,
                "left": 27.160105358921474,
                "top": 0
            },
            "points": [
                {
                    "x": 27.160105358921474,
                    "y": 0
                },
                {
                    "x": 274.41606886657104,
                    "y": 0
                },
                {
                    "x": 274.41606886657104,
                    "y": 152.5
                },
                {
                    "x": 27.160105358921474,
                    "y": 152.5
                }
            ]
        }
    ],
    "version": "2.2.0"
}