{
    "asset": {
        "format": "jpg",
        "id": "cf1075a3e5eab04176d365c842f4f65a",
        "name": "QSZwaWQ9QXBp%20(3).jpg",
        "path": "file:C:/Users/ragha/Downloads/rhesusmacaque/QSZwaWQ9QXBp%20(3).jpg",
        "size": {
            "width": 150,
            "height": 225
        },
        "state": 2,
        "type": 1
    },
    "regions": [
        {
            "id": "XQKaXs8qy",
            "type": "RECTANGLE",
            "tags": [
                "monkey"
            ],
            "boundingBox": {
                "height": 202.37287747657905,
                "width": 123.30508474576271,
                "left": 13.093224218336202,
                "top": 15.254237288135592
            },
            "points": [
                {
                    "x": 13.093224218336202,
                    "y": 15.254237288135592
                },
                {
                    "x": 136.3983089640989,
                    "y": 15.254237288135592
                },
                {
                    "x": 136.3983089640989,
                    "y": 217.62711476471463
                },
                {
                    "x": 13.093224218336202,
                    "y": 217.62711476471463
                }
            ]
        },
        {
            "id": "TRGLCs6Pl",
            "type": "RECTANGLE",
            "tags": [
                "monkey"
            ],
            "boundingBox": {
                "height": 123.30508474576271,
                "width": 80.3389791714943,
                "left": 6.228825197381488,
                "top": 90.00000387935314
            },
            "points": [
                {
                    "x": 6.228825197381488,
                    "y": 90.00000387935314
                },
                {
                    "x": 86.56780436887578,
                    "y": 90.00000387935314
                },
                {
                    "x": 86.56780436887578,
                    "y": 213.30508862511584
                },
                {
                    "x": 6.228825197381488,
                    "y": 213.30508862511584
                }
            ]
        }
    ],
    "version": "2.2.0"
}