{
    "asset": {
        "format": "jpg",
        "id": "cf9a8f5781f1afe6eb5ab55405868d90",
        "name": "images%20-%202022-02-02T104626.392.jpg",
        "path": "file:C:/Users/ragha/Downloads/rhesusmacaque/images%20-%202022-02-02T104626.392.jpg",
        "size": {
            "width": 275,
            "height": 183
        },
        "state": 2,
        "type": 1
    },
    "regions": [
        {
            "id": "yAe5_bU-g",
            "type": "RECTANGLE",
            "tags": [
                "monkey"
            ],
            "boundingBox": {
                "height": 151.11839593915798,
                "width": 102.56461566295586,
                "left": 88.62326377428786,
                "top": 31.88160406084203
            },
            "points": [
                {
                    "x": 88.62326377428786,
                    "y": 31.88160406084203
                },
                {
                    "x": 191.1878794372437,
                    "y": 31.88160406084203
                },
                {
                    "x": 191.1878794372437,
                    "y": 183
                },
                {
                    "x": 88.62326377428786,
                    "y": 183
                }
            ]
        }
    ],
    "version": "2.2.0"
}