{
    "asset": {
        "format": "jpg",
        "id": "d07fc89924f4271dacf00c01aa38dcef",
        "name": "images%20-%202022-02-02T104626.341.jpg",
        "path": "file:C:/Users/ragha/Downloads/rhesusmacaque/images%20-%202022-02-02T104626.341.jpg",
        "size": {
            "width": 259,
            "height": 194
        },
        "state": 2,
        "type": 1
    },
    "regions": [
        {
            "id": "6JfbVy28G",
            "type": "RECTANGLE",
            "tags": [
                "monkey"
            ],
            "boundingBox": {
                "height": 138.10169909633484,
                "width": 181.13573941317472,
                "left": 26.7795322410148,
                "top": 20.38644318661447
            },
            "points": [
                {
                    "x": 26.7795322410148,
                    "y": 20.38644318661447
                },
                {
                    "x": 207.9152716541895,
                    "y": 20.38644318661447
                },
                {
                    "x": 207.9152716541895,
                    "y": 158.48814228294933
                },
                {
                    "x": 26.7795322410148,
                    "y": 158.48814228294933
                }
            ]
        }
    ],
    "version": "2.2.0"
}