{
    "asset": {
        "format": "jpg",
        "id": "d09c87e506d050c25225fd3610c1311d",
        "name": "aiZwaWQ9QXBp%20(5).jpg",
        "path": "file:C:/Users/ragha/Downloads/rhesusmacaque/aiZwaWQ9QXBp%20(5).jpg",
        "size": {
            "width": 300,
            "height": 225
        },
        "state": 2,
        "type": 1
    },
    "regions": [
        {
            "id": "QHsIs-m7Y",
            "type": "RECTANGLE",
            "tags": [
                "monkey"
            ],
            "boundingBox": {
                "height": 196.5254242137327,
                "width": 140.08475158174159,
                "left": 3.781777721340373,
                "top": 9.406779176097805
            },
            "points": [
                {
                    "x": 3.781777721340373,
                    "y": 9.406779176097805
                },
                {
                    "x": 143.86652930308196,
                    "y": 9.406779176097805
                },
                {
                    "x": 143.86652930308196,
                    "y": 205.9322033898305
                },
                {
                    "x": 3.781777721340373,
                    "y": 205.9322033898305
                }
            ]
        },
        {
            "id": "12fyv6ppL",
            "type": "RECTANGLE",
            "tags": [
                "monkey"
            ],
            "boundingBox": {
                "height": 205.42373172307418,
                "width": 151.27118644067795,
                "left": 122.51059322033898,
                "top": 5.3389840206857455
            },
            "points": [
                {
                    "x": 122.51059322033898,
                    "y": 5.3389840206857455
                },
                {
                    "x": 273.7817796610169,
                    "y": 5.3389840206857455
                },
                {
                    "x": 273.7817796610169,
                    "y": 210.7627157437599
                },
                {
                    "x": 122.51059322033898,
                    "y": 210.7627157437599
                }
            ]
        }
    ],
    "version": "2.2.0"
}