{
    "asset": {
        "format": "jpg",
        "id": "d14e316b74e0a0b73e2e60224198290b",
        "name": "45yrhgfdvc.jpg",
        "path": "file:C:/Users/karan/Pictures/rhesusmacaque/45yrhgfdvc.jpg",
        "size": {
            "width": 183,
            "height": 275
        },
        "state": 2,
        "type": 1,
        "predicted": true
    },
    "regions": [
        {
            "id": "QcrK1JymD",
            "type": "RECTANGLE",
            "tags": [
                "Monkey"
            ],
            "boundingBox": {
                "left": 30.385135173797604,
                "top": 25.543764978647232,
                "width": 137.55249094963074,
                "height": 235.8334444463253
            },
            "points": [
                {
                    "x": 30.385135173797604,
                    "y": 25.543764978647232
                },
                {
                    "x": 167.93762612342834,
                    "y": 25.543764978647232
                },
                {
                    "x": 167.93762612342834,
                    "y": 261.37720942497253
                },
                {
                    "x": 30.385135173797604,
                    "y": 261.37720942497253
                }
            ]
        }
    ],
    "version": "2.2.0"
}