{
    "asset": {
        "format": "jpg",
        "id": "d218fb4ababc0c0f4899f1d837aab6a9",
        "name": "images%20-%202022-02-02T104626.328.jpg",
        "path": "file:C:/Users/ragha/Downloads/rhesusmacaque/images%20-%202022-02-02T104626.328.jpg",
        "size": {
            "width": 194,
            "height": 259
        },
        "state": 2,
        "type": 1
    },
    "regions": [
        {
            "id": "xlx__LJkA",
            "type": "RECTANGLE",
            "tags": [
                "monkey"
            ],
            "boundingBox": {
                "height": 222.41807909604518,
                "width": 181.55471698113206,
                "left": 12.285141509433961,
                "top": 36.5819209039548
            },
            "points": [
                {
                    "x": 12.285141509433961,
                    "y": 36.5819209039548
                },
                {
                    "x": 193.83985849056603,
                    "y": 36.5819209039548
                },
                {
                    "x": 193.83985849056603,
                    "y": 259
                },
                {
                    "x": 12.285141509433961,
                    "y": 259
                }
            ]
        }
    ],
    "version": "2.2.0"
}