{
    "asset": {
        "format": "jpg",
        "id": "d23f87e733172815848c7070d31ba5e7",
        "name": "images%20-%202022-02-02T104625.855.jpg",
        "path": "file:C:/Users/ragha/Downloads/rhesusmacaque/images%20-%202022-02-02T104625.855.jpg",
        "size": {
            "width": 199,
            "height": 254
        },
        "state": 2,
        "type": 1
    },
    "regions": [
        {
            "id": "bVBdExb_x",
            "type": "RECTANGLE",
            "tags": [
                "monkey"
            ],
            "boundingBox": {
                "height": 217.83729798915024,
                "width": 116.6700317162469,
                "left": 45.74485778808594,
                "top": 24.10847348143152
            },
            "points": [
                {
                    "x": 45.74485778808594,
                    "y": 24.10847348143152
                },
                {
                    "x": 162.41488950433285,
                    "y": 24.10847348143152
                },
                {
                    "x": 162.41488950433285,
                    "y": 241.94577147058178
                },
                {
                    "x": 45.74485778808594,
                    "y": 241.94577147058178
                }
            ]
        }
    ],
    "version": "2.2.0"
}