{
    "asset": {
        "format": "jpg",
        "id": "d2e5b75f1ca80a160b9d37e08514caa4",
        "name": "MCZwaWQ9QXBp%20(2).jpg",
        "path": "file:C:/Users/ragha/Downloads/rhesusmacaque/MCZwaWQ9QXBp%20(2).jpg",
        "size": {
            "width": 346,
            "height": 225
        },
        "state": 2,
        "type": 1
    },
    "regions": [
        {
            "id": "QPGPSefsS",
            "type": "RECTANGLE",
            "tags": [
                "monkey"
            ],
            "boundingBox": {
                "height": 168.4403690723104,
                "width": 142.80236889211605,
                "left": 73.39603225374317,
                "top": 36.70871717120529
            },
            "points": [
                {
                    "x": 73.39603225374317,
                    "y": 36.70871717120529
                },
                {
                    "x": 216.19840114585924,
                    "y": 36.70871717120529
                },
                {
                    "x": 216.19840114585924,
                    "y": 205.1490862435157
                },
                {
                    "x": 73.39603225374317,
                    "y": 205.1490862435157
                }
            ]
        }
    ],
    "version": "2.2.0"
}