{
    "asset": {
        "format": "jpg",
        "id": "d2e5667ff81c584af9f329c309189c88",
        "name": "images%20-%202022-02-02T104626.377.jpg",
        "path": "file:C:/Users/ragha/Downloads/rhesusmacaque/images%20-%202022-02-02T104626.377.jpg",
        "size": {
            "width": 275,
            "height": 183
        },
        "state": 2,
        "type": 1
    },
    "regions": [
        {
            "id": "U3s75vgw8",
            "type": "RECTANGLE",
            "tags": [
                "monkey"
            ],
            "boundingBox": {
                "height": 138.31521804581826,
                "width": 111.96820086560713,
                "left": 99.99502648416143,
                "top": 22.704293128625668
            },
            "points": [
                {
                    "x": 99.99502648416143,
                    "y": 22.704293128625668
                },
                {
                    "x": 211.96322734976857,
                    "y": 22.704293128625668
                },
                {
                    "x": 211.96322734976857,
                    "y": 161.01951117444395
                },
                {
                    "x": 99.99502648416143,
                    "y": 161.01951117444395
                }
            ]
        }
    ],
    "version": "2.2.0"
}