{
    "asset": {
        "format": "jpg",
        "id": "d2f5369e12d53742c7f699293b4cc527",
        "name": "dCZwaWQ9QXBp.jpg",
        "path": "file:C:/Users/ragha/Downloads/rhesusmacaque/dCZwaWQ9QXBp.jpg",
        "size": {
            "width": 156,
            "height": 225
        },
        "state": 2,
        "type": 1
    },
    "regions": [
        {
            "id": "SAuH68rIn",
            "type": "RECTANGLE",
            "tags": [
                "monkey"
            ],
            "boundingBox": {
                "height": 168.0508484274654,
                "width": 118.69978857720214,
                "left": 22.287981767518456,
                "top": 27.45763002815893
            },
            "points": [
                {
                    "x": 22.287981767518456,
                    "y": 27.45763002815893
                },
                {
                    "x": 140.9877703447206,
                    "y": 27.45763002815893
                },
                {
                    "x": 140.9877703447206,
                    "y": 195.50847845562433
                },
                {
                    "x": 22.287981767518456,
                    "y": 195.50847845562433
                }
            ]
        }
    ],
    "version": "2.2.0"
}