{
    "asset": {
        "format": "jpg",
        "id": "d3186c612d4dfb40478f21042c96d455",
        "name": "NyZwaWQ9QXBp%20(15).jpg",
        "path": "file:C:/Users/ragha/Downloads/rhesusmacaque/NyZwaWQ9QXBp%20(15).jpg",
        "size": {
            "width": 339,
            "height": 225
        },
        "state": 2,
        "type": 1
    },
    "regions": [
        {
            "id": "IzdjtRaRT",
            "type": "RECTANGLE",
            "tags": [
                "monkey"
            ],
            "boundingBox": {
                "height": 205.59879776960364,
                "width": 299.5061897596355,
                "left": 14.624848837880917,
                "top": 3.45247005988024
            },
            "points": [
                {
                    "x": 14.624848837880917,
                    "y": 3.45247005988024
                },
                {
                    "x": 314.13103859751646,
                    "y": 3.45247005988024
                },
                {
                    "x": 314.13103859751646,
                    "y": 209.05126782948386
                },
                {
                    "x": 14.624848837880917,
                    "y": 209.05126782948386
                }
            ]
        }
    ],
    "version": "2.2.0"
}