{
    "asset": {
        "format": "jpg",
        "id": "d41e4d34a5c6f0755916efb28d7a16e0",
        "name": "NCZwaWQ9QXBp%20(3).jpg",
        "path": "file:C:/Users/ragha/Downloads/rhesusmacaque/NCZwaWQ9QXBp%20(3).jpg",
        "size": {
            "width": 430,
            "height": 225
        },
        "state": 2,
        "type": 1
    },
    "regions": [
        {
            "id": "J6EpIcUlx",
            "type": "RECTANGLE",
            "tags": [
                "monkey"
            ],
            "boundingBox": {
                "height": 177.60456143223288,
                "width": 228.76342470081855,
                "left": 99.25050223560979,
                "top": 9.4106463878327
            },
            "points": [
                {
                    "x": 99.25050223560979,
                    "y": 9.4106463878327
                },
                {
                    "x": 328.01392693642833,
                    "y": 9.4106463878327
                },
                {
                    "x": 328.01392693642833,
                    "y": 187.01520782006557
                },
                {
                    "x": 99.25050223560979,
                    "y": 187.01520782006557
                }
            ]
        },
        {
            "id": "3Irylo-tD",
            "type": "RECTANGLE",
            "tags": [
                "monkey"
            ],
            "boundingBox": {
                "height": 88.63118392886318,
                "width": 99.84890916949476,
                "left": 84.54672750848425,
                "top": 104.54373015197058
            },
            "points": [
                {
                    "x": 84.54672750848425,
                    "y": 104.54373015197058
                },
                {
                    "x": 184.395636677979,
                    "y": 104.54373015197058
                },
                {
                    "x": 184.395636677979,
                    "y": 193.17491408083376
                },
                {
                    "x": 84.54672750848425,
                    "y": 193.17491408083376
                }
            ]
        }
    ],
    "version": "2.2.0"
}