{
    "asset": {
        "format": "jpg",
        "id": "d46940cf3fc91e6c49cb6ed79b3607aa",
        "name": "images%20(17).jpg",
        "path": "file:C:/Users/ragha/Downloads/rhesusmacaque/images%20(17).jpg",
        "size": {
            "width": 194,
            "height": 259
        },
        "state": 2,
        "type": 1
    },
    "regions": [
        {
            "id": "JSAlkGtSZ",
            "type": "RECTANGLE",
            "tags": [
                "monkey"
            ],
            "boundingBox": {
                "height": 246.41582423280184,
                "width": 144.07244389372048,
                "left": 11.809308091649468,
                "top": 4.975140684742039
            },
            "points": [
                {
                    "x": 11.809308091649468,
                    "y": 4.975140684742039
                },
                {
                    "x": 155.88175198537,
                    "y": 4.975140684742039
                },
                {
                    "x": 155.88175198537,
                    "y": 251.3909649175439
                },
                {
                    "x": 11.809308091649468,
                    "y": 251.3909649175439
                }
            ]
        }
    ],
    "version": "2.2.0"
}