{
    "asset": {
        "format": "jpg",
        "id": "d521d9bfe33e8e0bb8f38a59301ddacb",
        "name": "images%20-%202022-02-02T104626.376.jpg",
        "path": "file:C:/Users/ragha/Downloads/rhesusmacaque/images%20-%202022-02-02T104626.376.jpg",
        "size": {
            "width": 253,
            "height": 199
        },
        "state": 2,
        "type": 1
    },
    "regions": [
        {
            "id": "8DeVqwcF7",
            "type": "RECTANGLE",
            "tags": [
                "monkey"
            ],
            "boundingBox": {
                "height": 195.627120788488,
                "width": 212.07023766411675,
                "left": 14.185567728678384,
                "top": 3.148023885522185
            },
            "points": [
                {
                    "x": 14.185567728678384,
                    "y": 3.148023885522185
                },
                {
                    "x": 226.2558053927951,
                    "y": 3.148023885522185
                },
                {
                    "x": 226.2558053927951,
                    "y": 198.7751446740102
                },
                {
                    "x": 14.185567728678384,
                    "y": 198.7751446740102
                }
            ]
        }
    ],
    "version": "2.2.0"
}