{
    "asset": {
        "format": "jpg",
        "id": "d54acb0d83b2d4e4ca2a0ec5faa52fdd",
        "name": "23qweasrdxfgcf.jpg",
        "path": "file:C:/Users/ragha/Downloads/rhesusmacaque/23qweasrdxfgcf.jpg",
        "size": {
            "width": 275,
            "height": 183
        },
        "state": 2,
        "type": 1,
        "predicted": true
    },
    "regions": [
        {
            "id": "GR0mBRheo",
            "type": "RECTANGLE",
            "tags": [
                "monkey"
            ],
            "boundingBox": {
                "left": 37.78774589300155,
                "top": 9.241271942853928,
                "width": 68.81223767995833,
                "height": 131.050500780344
            },
            "points": [
                {
                    "x": 37.78774589300155,
                    "y": 9.241271942853928
                },
                {
                    "x": 106.59998357295987,
                    "y": 9.241271942853928
                },
                {
                    "x": 106.59998357295987,
                    "y": 140.29177272319794
                },
                {
                    "x": 37.78774589300155,
                    "y": 140.29177272319794
                }
            ]
        },
        {
            "id": "eMC73oBJGo",
            "type": "RECTANGLE",
            "tags": [
                "monkey"
            ],
            "boundingBox": {
                "left": 88.58827278017996,
                "top": 26.17753645777702,
                "width": 93.7775708734989,
                "height": 127.20359078049658
            },
            "points": [
                {
                    "x": 88.58827278017996,
                    "y": 26.17753645777702
                },
                {
                    "x": 182.36584365367887,
                    "y": 26.17753645777702
                },
                {
                    "x": 182.36584365367887,
                    "y": 153.3811272382736
                },
                {
                    "x": 88.58827278017996,
                    "y": 153.3811272382736
                }
            ]
        }
    ],
    "version": "2.2.0"
}