{
    "asset": {
        "format": "jpg",
        "id": "d596645252a77e4d6d6c86170502eefc",
        "name": "aiZwaWQ9QXBp%20(4).jpg",
        "path": "file:C:/Users/ragha/Downloads/rhesusmacaque/aiZwaWQ9QXBp%20(4).jpg",
        "size": {
            "width": 300,
            "height": 225
        },
        "state": 2,
        "type": 1
    },
    "regions": [
        {
            "id": "SF6GUfS6l",
            "type": "RECTANGLE",
            "tags": [
                "monkey"
            ],
            "boundingBox": {
                "height": 215.08474430795442,
                "width": 250.16951480154262,
                "left": 19.544491525423727,
                "top": 9.915255692045568
            },
            "points": [
                {
                    "x": 19.544491525423727,
                    "y": 9.915255692045568
                },
                {
                    "x": 269.71400632696634,
                    "y": 9.915255692045568
                },
                {
                    "x": 269.71400632696634,
                    "y": 225
                },
                {
                    "x": 19.544491525423727,
                    "y": 225
                }
            ]
        }
    ],
    "version": "2.2.0"
}