{
    "asset": {
        "format": "jpg",
        "id": "d5ddeba0720ac4f55de3375d5ac239d1",
        "name": "dfgdfgsfdfgfg.jpg",
        "path": "file:C:/Users/ragha/Downloads/rhesusmacaque/dfgdfgsfdfgfg.jpg",
        "size": {
            "width": 275,
            "height": 183
        },
        "state": 2,
        "type": 1
    },
    "regions": [
        {
            "id": "77Adwt0Ui",
            "type": "RECTANGLE",
            "tags": [
                "monkey"
            ],
            "boundingBox": {
                "height": 143.29831533916925,
                "width": 107.31203323020074,
                "left": 94.66693526820131,
                "top": 26.674575482384633
            },
            "points": [
                {
                    "x": 94.66693526820131,
                    "y": 26.674575482384633
                },
                {
                    "x": 201.97896849840205,
                    "y": 26.674575482384633
                },
                {
                    "x": 201.97896849840205,
                    "y": 169.97289082155388
                },
                {
                    "x": 94.66693526820131,
                    "y": 169.97289082155388
                }
            ]
        }
    ],
    "version": "2.2.0"
}