{
    "asset": {
        "format": "jpg",
        "id": "d607dcb7f72667c8d6fc5ef54c610e71",
        "name": "tyjhgjghghn.jpg",
        "path": "file:C:/Users/ragha/Downloads/rhesusmacaque/tyjhgjghghn.jpg",
        "size": {
            "width": 225,
            "height": 225
        },
        "state": 2,
        "type": 1
    },
    "regions": [
        {
            "id": "rDCPjR0Ty",
            "type": "RECTANGLE",
            "tags": [
                "monkey"
            ],
            "boundingBox": {
                "height": 184.5762770054704,
                "width": 158.00847845562433,
                "left": 66.99152154437566,
                "top": 19.576273126117254
            },
            "points": [
                {
                    "x": 66.99152154437566,
                    "y": 19.576273126117254
                },
                {
                    "x": 225,
                    "y": 19.576273126117254
                },
                {
                    "x": 225,
                    "y": 204.15255013158765
                },
                {
                    "x": 66.99152154437566,
                    "y": 204.15255013158765
                }
            ]
        }
    ],
    "version": "2.2.0"
}