{
    "asset": {
        "format": "jpg",
        "id": "d6179867916e932423d4cadad8562b97",
        "name": "OCZwaWQ9QXBp%20(14).jpg",
        "path": "file:C:/Users/ragha/Downloads/rhesusmacaque/OCZwaWQ9QXBp%20(14).jpg",
        "size": {
            "width": 338,
            "height": 225
        },
        "state": 2,
        "type": 1
    },
    "regions": [
        {
            "id": "U1rPdPWJk",
            "type": "RECTANGLE",
            "tags": [
                "monkey"
            ],
            "boundingBox": {
                "height": 168.03217617433464,
                "width": 226.58766165215738,
                "left": 108.38848148899572,
                "top": 56.96782382566538
            },
            "points": [
                {
                    "x": 108.38848148899572,
                    "y": 56.96782382566538
                },
                {
                    "x": 334.9761431411531,
                    "y": 56.96782382566538
                },
                {
                    "x": 334.9761431411531,
                    "y": 225.00000000000003
                },
                {
                    "x": 108.38848148899572,
                    "y": 225.00000000000003
                }
            ]
        },
        {
            "id": "AMfboF_5h",
            "type": "RECTANGLE",
            "tags": [
                "monkey"
            ],
            "boundingBox": {
                "height": 113.37313125382609,
                "width": 133.3185054710798,
                "left": 94.68031399008295,
                "top": 13.176775975013848
            },
            "points": [
                {
                    "x": 94.68031399008295,
                    "y": 13.176775975013848
                },
                {
                    "x": 227.99881946116273,
                    "y": 13.176775975013848
                },
                {
                    "x": 227.99881946116273,
                    "y": 126.54990722883994
                },
                {
                    "x": 94.68031399008295,
                    "y": 126.54990722883994
                }
            ]
        }
    ],
    "version": "2.2.0"
}