{
    "asset": {
        "format": "jpg",
        "id": "d8d015b37c16e30333011ceebe4abdec",
        "name": "OCZwaWQ9QXBp%20(13).jpg",
        "path": "file:C:/Users/ragha/Downloads/rhesusmacaque/OCZwaWQ9QXBp%20(13).jpg",
        "size": {
            "width": 338,
            "height": 225
        },
        "state": 2,
        "type": 1
    },
    "regions": [
        {
            "id": "VqUmogxc0",
            "type": "RECTANGLE",
            "tags": [
                "monkey"
            ],
            "boundingBox": {
                "height": 146.14924758227906,
                "width": 143.26362649299517,
                "left": 165.64015904572565,
                "top": 29.027521218826525
            },
            "points": [
                {
                    "x": 165.64015904572565,
                    "y": 29.027521218826525
                },
                {
                    "x": 308.9037855387208,
                    "y": 29.027521218826525
                },
                {
                    "x": 308.9037855387208,
                    "y": 175.17676880110557
                },
                {
                    "x": 165.64015904572565,
                    "y": 175.17676880110557
                }
            ]
        },
        {
            "id": "T8h-sot1a",
            "type": "RECTANGLE",
            "tags": [
                "monkey"
            ],
            "boundingBox": {
                "height": 76.29851156206274,
                "width": 136.00637823449927,
                "left": 78.55307740956604,
                "top": 123.5946874476191
            },
            "points": [
                {
                    "x": 78.55307740956604,
                    "y": 123.5946874476191
                },
                {
                    "x": 214.5594556440653,
                    "y": 123.5946874476191
                },
                {
                    "x": 214.5594556440653,
                    "y": 199.89319900968184
                },
                {
                    "x": 78.55307740956604,
                    "y": 199.89319900968184
                }
            ]
        }
    ],
    "version": "2.2.0"
}