{
    "asset": {
        "format": "jpg",
        "id": "d965854ed3574de207767cabae21133f",
        "name": "65ythgfgfdn.jpg",
        "path": "file:C:/Users/karan/Pictures/rhesusmacaque/65ythgfgfdn.jpg",
        "size": {
            "width": 216,
            "height": 233
        },
        "state": 2,
        "type": 1,
        "predicted": true
    },
    "regions": [
        {
            "id": "ey24XpMJJT",
            "type": "RECTANGLE",
            "tags": [
                "Monkey"
            ],
            "boundingBox": {
                "left": 16.149895906448364,
                "top": 30.05671718716621,
                "width": 188.22498106956482,
                "height": 186.5585260093212
            },
            "points": [
                {
                    "x": 16.149895906448364,
                    "y": 30.05671718716621
                },
                {
                    "x": 204.37487697601318,
                    "y": 30.05671718716621
                },
                {
                    "x": 204.37487697601318,
                    "y": 216.61524319648743
                },
                {
                    "x": 16.149895906448364,
                    "y": 216.61524319648743
                }
            ]
        }
    ],
    "version": "2.2.0"
}