{
    "asset": {
        "format": "jpg",
        "id": "d98b94fda6a8cbd9fec54395ca2b3bba",
        "name": "34etrdgf.jpg",
        "path": "file:C:/Users/karan/Pictures/rhesusmacaque/34etrdgf.jpg",
        "size": {
            "width": 275,
            "height": 183
        },
        "state": 2,
        "type": 1,
        "predicted": true
    },
    "regions": [
        {
            "id": "byb4N_ogJ",
            "type": "RECTANGLE",
            "tags": [
                "Monkey"
            ],
            "boundingBox": {
                "height": 148.737012987013,
                "width": 166.90064794816416,
                "left": 63.11054490640749,
                "top": 24.162337662337663
            },
            "points": [
                {
                    "x": 63.11054490640749,
                    "y": 24.162337662337663
                },
                {
                    "x": 230.01119285457165,
                    "y": 24.162337662337663
                },
                {
                    "x": 230.01119285457165,
                    "y": 172.89935064935065
                },
                {
                    "x": 63.11054490640749,
                    "y": 172.89935064935065
                }
            ]
        }
    ],
    "version": "2.2.0"
}