{
    "asset": {
        "format": "jpg",
        "id": "d99e41b7d7493b32d5ab13f37fc33b77",
        "name": "8i7ujyhgn.jpg",
        "path": "file:C:/Users/ragha/Downloads/rhesusmacaque/8i7ujyhgn.jpg",
        "size": {
            "width": 277,
            "height": 182
        },
        "state": 2,
        "type": 1
    },
    "regions": [
        {
            "id": "sQ4U53xdD",
            "type": "RECTANGLE",
            "tags": [
                "monkey"
            ],
            "boundingBox": {
                "height": 179.99111903649083,
                "width": 272.89821851421095,
                "left": 4.101781485789048,
                "top": 2.008880963509161
            },
            "points": [
                {
                    "x": 4.101781485789048,
                    "y": 2.008880963509161
                },
                {
                    "x": 277,
                    "y": 2.008880963509161
                },
                {
                    "x": 277,
                    "y": 182
                },
                {
                    "x": 4.101781485789048,
                    "y": 182
                }
            ]
        }
    ],
    "version": "2.2.0"
}