{
    "asset": {
        "format": "jpg",
        "id": "d9be374221861ca3bf1dc22636b90a01",
        "name": "ergfdsvvcx.jpg",
        "path": "file:C:/Users/ragha/Downloads/rhesusmacaque/ergfdsvvcx.jpg",
        "size": {
            "width": 259,
            "height": 194
        },
        "state": 2,
        "type": 1
    },
    "regions": [
        {
            "id": "Zy4Bp6h8N",
            "type": "RECTANGLE",
            "tags": [
                "monkey"
            ],
            "boundingBox": {
                "height": 59.84407030525853,
                "width": 55.63296760413914,
                "left": 162.22065609050856,
                "top": 27.62033981926697
            },
            "points": [
                {
                    "x": 162.22065609050856,
                    "y": 27.62033981926697
                },
                {
                    "x": 217.8536236946477,
                    "y": 27.62033981926697
                },
                {
                    "x": 217.8536236946477,
                    "y": 87.4644101245255
                },
                {
                    "x": 162.22065609050856,
                    "y": 87.4644101245255
                }
            ]
        },
        {
            "id": "bgbwFPkMH",
            "type": "RECTANGLE",
            "tags": [
                "monkey"
            ],
            "boundingBox": {
                "height": 95.57514626023459,
                "width": 102.06681262413493,
                "left": 13.062934375464538,
                "top": 49.76045364983337
            },
            "points": [
                {
                    "x": 13.062934375464538,
                    "y": 49.76045364983337
                },
                {
                    "x": 115.12974699959946,
                    "y": 49.76045364983337
                },
                {
                    "x": 115.12974699959946,
                    "y": 145.33559991006797
                },
                {
                    "x": 13.062934375464538,
                    "y": 145.33559991006797
                }
            ]
        },
        {
            "id": "q31X2tUGS",
            "type": "RECTANGLE",
            "tags": [
                "monkey"
            ],
            "boundingBox": {
                "height": 39.45762711864406,
                "width": 61.51592230443975,
                "left": 197.48407769556025,
                "top": 150.81582589876854
            },
            "points": [
                {
                    "x": 197.48407769556025,
                    "y": 150.81582589876854
                },
                {
                    "x": 259,
                    "y": 150.81582589876854
                },
                {
                    "x": 259,
                    "y": 190.27345301741258
                },
                {
                    "x": 197.48407769556025,
                    "y": 190.27345301741258
                }
            ]
        }
    ],
    "version": "2.2.0"
}