{
    "asset": {
        "format": "jpg",
        "id": "d9d1a446f38f43cd514fbec5d5880897",
        "name": "images%20(85).jpg",
        "path": "file:C:/Users/ragha/Downloads/rhesusmacaque/images%20(85).jpg",
        "size": {
            "width": 290,
            "height": 174
        },
        "state": 2,
        "type": 1
    },
    "regions": [
        {
            "id": "C55922LOS",
            "type": "RECTANGLE",
            "tags": [
                "monkey"
            ],
            "boundingBox": {
                "height": 96.10330862083181,
                "width": 78.17892116296363,
                "left": 65.32206935389615,
                "top": 21.60596026490066
            },
            "points": [
                {
                    "x": 65.32206935389615,
                    "y": 21.60596026490066
                },
                {
                    "x": 143.5009905168598,
                    "y": 21.60596026490066
                },
                {
                    "x": 143.5009905168598,
                    "y": 117.70926888573247
                },
                {
                    "x": 65.32206935389615,
                    "y": 117.70926888573247
                }
            ]
        },
        {
            "id": "Ie6jw3vQO",
            "type": "RECTANGLE",
            "tags": [
                "monkey"
            ],
            "boundingBox": {
                "height": 79.74039383439828,
                "width": 63.880717465228166,
                "left": 28.42346100399556,
                "top": 63.089408369253796
            },
            "points": [
                {
                    "x": 28.42346100399556,
                    "y": 63.089408369253796
                },
                {
                    "x": 92.30417846922373,
                    "y": 63.089408369253796
                },
                {
                    "x": 92.30417846922373,
                    "y": 142.82980220365206
                },
                {
                    "x": 28.42346100399556,
                    "y": 142.82980220365206
                }
            ]
        }
    ],
    "version": "2.2.0"
}