{
    "asset": {
        "format": "jpg",
        "id": "da67dfaf10ae07166f86fe9ce205e99a",
        "name": "87iuyjhgb.jpg",
        "path": "file:C:/Users/ragha/Downloads/rhesusmacaque/87iuyjhgb.jpg",
        "size": {
            "width": 275,
            "height": 183
        },
        "state": 2,
        "type": 1
    },
    "regions": [
        {
            "id": "I5FxxfVK2",
            "type": "RECTANGLE",
            "tags": [
                "monkey"
            ],
            "boundingBox": {
                "height": 124.68814584764382,
                "width": 167.067659707894,
                "left": 69.44137766845243,
                "top": 34.9457619230626
            },
            "points": [
                {
                    "x": 69.44137766845243,
                    "y": 34.9457619230626
                },
                {
                    "x": 236.5090373763464,
                    "y": 34.9457619230626
                },
                {
                    "x": 236.5090373763464,
                    "y": 159.63390777070643
                },
                {
                    "x": 69.44137766845243,
                    "y": 159.63390777070643
                }
            ]
        }
    ],
    "version": "2.2.0"
}