{
    "asset": {
        "format": "jpg",
        "id": "da832874da9bb44fa5e9822ab63ed2db",
        "name": "87uythgb.jpg",
        "path": "file:C:/Users/ragha/Downloads/rhesusmacaque/87uythgb.jpg",
        "size": {
            "width": 277,
            "height": 182
        },
        "state": 2,
        "type": 1
    },
    "regions": [
        {
            "id": "qzkm1aTO7",
            "type": "RECTANGLE",
            "tags": [
                "monkey"
            ],
            "boundingBox": {
                "height": 163.79026272021414,
                "width": 138.1106062856029,
                "left": 96.52164631551298,
                "top": 18.209737279785852
            },
            "points": [
                {
                    "x": 96.52164631551298,
                    "y": 18.209737279785852
                },
                {
                    "x": 234.63225260111585,
                    "y": 18.209737279785852
                },
                {
                    "x": 234.63225260111585,
                    "y": 182
                },
                {
                    "x": 96.52164631551298,
                    "y": 182
                }
            ]
        }
    ],
    "version": "2.2.0"
}