{
    "asset": {
        "format": "jpg",
        "id": "db7c5bdab2c9f1aa483413be86fbaa76",
        "name": "54ytrdfddgh.jpg",
        "path": "file:C:/Users/karan/Pictures/rhesusmacaque/54ytrdfddgh.jpg",
        "size": {
            "width": 269,
            "height": 187
        },
        "state": 2,
        "type": 1,
        "predicted": true
    },
    "regions": [
        {
            "id": "szX4ndacmR",
            "type": "RECTANGLE",
            "tags": [
                "Monkey"
            ],
            "boundingBox": {
                "height": 155.7028593122959,
                "width": 124.98563241958617,
                "left": 78.670847111308,
                "top": 25.542407630454928
            },
            "points": [
                {
                    "x": 78.670847111308,
                    "y": 25.542407630454928
                },
                {
                    "x": 203.6564795308942,
                    "y": 25.542407630454928
                },
                {
                    "x": 203.6564795308942,
                    "y": 181.24526694275085
                },
                {
                    "x": 78.670847111308,
                    "y": 181.24526694275085
                }
            ]
        }
    ],
    "version": "2.2.0"
}