{
    "asset": {
        "format": "jpg",
        "id": "dbb4608a5ffad4e29a000771211bbaf7",
        "name": "SyZwaWQ9QXBp%20(3).jpg",
        "path": "file:C:/Users/ragha/Downloads/rhesusmacaque/SyZwaWQ9QXBp%20(3).jpg",
        "size": {
            "width": 401,
            "height": 225
        },
        "state": 2,
        "type": 1
    },
    "regions": [
        {
            "id": "K34OL10lr",
            "type": "RECTANGLE",
            "tags": [
                "monkey"
            ],
            "boundingBox": {
                "height": 222.00525754804994,
                "width": 352.312767733291,
                "left": 40.41513010560881,
                "top": 2.9947424519500463
            },
            "points": [
                {
                    "x": 40.41513010560881,
                    "y": 2.9947424519500463
                },
                {
                    "x": 392.7278978388998,
                    "y": 2.9947424519500463
                },
                {
                    "x": 392.7278978388998,
                    "y": 225
                },
                {
                    "x": 40.41513010560881,
                    "y": 225
                }
            ]
        }
    ],
    "version": "2.2.0"
}