{
    "asset": {
        "format": "jpg",
        "id": "dbd7d22880125944aba612e8dd481c62",
        "name": "6rthgffb.jpg",
        "path": "file:C:/Users/karan/Pictures/rhesusmacaque/6rthgffb.jpg",
        "size": {
            "width": 275,
            "height": 183
        },
        "state": 2,
        "type": 1,
        "predicted": true
    },
    "regions": [
        {
            "id": "mmU5_rs0bC",
            "type": "RECTANGLE",
            "tags": [
                "Monkey"
            ],
            "boundingBox": {
                "height": 181.25512504577637,
                "width": 189.9177886545658,
                "left": 46.298623713145076,
                "top": 0.4812328629679494
            },
            "points": [
                {
                    "x": 46.298623713145076,
                    "y": 0.4812328629679494
                },
                {
                    "x": 236.2164123677109,
                    "y": 0.4812328629679494
                },
                {
                    "x": 236.2164123677109,
                    "y": 181.73635790874434
                },
                {
                    "x": 46.298623713145076,
                    "y": 181.73635790874434
                }
            ]
        }
    ],
    "version": "2.2.0"
}