{
    "asset": {
        "format": "jpg",
        "id": "dbf287e82951945afef1e6c8ae89efd1",
        "name": "jtyhfgbg.jpg",
        "path": "file:C:/Users/ragha/Downloads/rhesusmacaque/jtyhfgbg.jpg",
        "size": {
            "width": 225,
            "height": 225
        },
        "state": 2,
        "type": 1
    },
    "regions": [
        {
            "id": "20eyfddSS",
            "type": "RECTANGLE",
            "tags": [
                "monkey"
            ],
            "boundingBox": {
                "height": 193.47457724102472,
                "width": 158.89830508474574,
                "left": 66.10169491525423,
                "top": 23.64407070612503
            },
            "points": [
                {
                    "x": 66.10169491525423,
                    "y": 23.64407070612503
                },
                {
                    "x": 225,
                    "y": 23.64407070612503
                },
                {
                    "x": 225,
                    "y": 217.11864794714975
                },
                {
                    "x": 66.10169491525423,
                    "y": 217.11864794714975
                }
            ]
        }
    ],
    "version": "2.2.0"
}