{
    "asset": {
        "format": "jpg",
        "id": "dc9cd94c5637756b81b12bfd6887f508",
        "name": "images%20-%202022-02-02T104626.254.jpg",
        "path": "file:C:/Users/ragha/Downloads/rhesusmacaque/images%20-%202022-02-02T104626.254.jpg",
        "size": {
            "width": 300,
            "height": 168
        },
        "state": 2,
        "type": 1
    },
    "regions": [
        {
            "id": "80ChvxeCc",
            "type": "RECTANGLE",
            "tags": [
                "monkey"
            ],
            "boundingBox": {
                "height": 149.67815912765042,
                "width": 113.0815145746614,
                "left": 101.45129588678863,
                "top": 13.275134125568938
            },
            "points": [
                {
                    "x": 101.45129588678863,
                    "y": 13.275134125568938
                },
                {
                    "x": 214.53281046145003,
                    "y": 13.275134125568938
                },
                {
                    "x": 214.53281046145003,
                    "y": 162.95329325321936
                },
                {
                    "x": 101.45129588678863,
                    "y": 162.95329325321936
                }
            ]
        }
    ],
    "version": "2.2.0"
}