{
    "asset": {
        "format": "jpg",
        "id": "dcc6fd1a9faaaa63deadbe0c1d461189",
        "name": "images%20(24).jpg",
        "path": "file:C:/Users/ragha/Downloads/rhesusmacaque/images%20(24).jpg",
        "size": {
            "width": 275,
            "height": 183
        },
        "state": 2,
        "type": 1
    },
    "regions": [
        {
            "id": "-uJzvk-ez",
            "type": "RECTANGLE",
            "tags": [
                "monkey"
            ],
            "boundingBox": {
                "height": 152.18982735326733,
                "width": 131.296992481203,
                "left": 75.23085766268852,
                "top": 10.338983050847457
            },
            "points": [
                {
                    "x": 75.23085766268852,
                    "y": 10.338983050847457
                },
                {
                    "x": 206.5278501438915,
                    "y": 10.338983050847457
                },
                {
                    "x": 206.5278501438915,
                    "y": 162.52881040411478
                },
                {
                    "x": 75.23085766268852,
                    "y": 162.52881040411478
                }
            ]
        }
    ],
    "version": "2.2.0"
}