{
    "asset": {
        "format": "jpg",
        "id": "dd119f1080e70b3c40abd35067689aee",
        "name": "WCZwaWQ9QXBp%20(1).jpg",
        "path": "file:C:/Users/ragha/Downloads/rhesusmacaque/WCZwaWQ9QXBp%20(1).jpg",
        "size": {
            "width": 147,
            "height": 225
        },
        "state": 2,
        "type": 1
    },
    "regions": [
        {
            "id": "Keip_sH7S",
            "type": "RECTANGLE",
            "tags": [
                "monkey"
            ],
            "boundingBox": {
                "height": 187.3728857202045,
                "width": 120.14544677734375,
                "left": 7.9187538840553975,
                "top": 10.67796561677577
            },
            "points": [
                {
                    "x": 7.9187538840553975,
                    "y": 10.67796561677577
                },
                {
                    "x": 128.06420066139916,
                    "y": 10.67796561677577
                },
                {
                    "x": 128.06420066139916,
                    "y": 198.05085133698026
                },
                {
                    "x": 7.9187538840553975,
                    "y": 198.05085133698026
                }
            ]
        }
    ],
    "version": "2.2.0"
}