{
    "asset": {
        "format": "jpg",
        "id": "dd70d032485f3df900f757a3dd9357e2",
        "name": "images%20-%202022-02-02T104626.057.jpg",
        "path": "file:C:/Users/ragha/Downloads/rhesusmacaque/images%20-%202022-02-02T104626.057.jpg",
        "size": {
            "width": 275,
            "height": 183
        },
        "state": 2,
        "type": 1
    },
    "regions": [
        {
            "id": "iPMe9qOTL",
            "type": "RECTANGLE",
            "tags": [
                "monkey"
            ],
            "boundingBox": {
                "height": 171.0025758771754,
                "width": 180.41749502982105,
                "left": 81.84394305553398,
                "top": 11.997424122824597
            },
            "points": [
                {
                    "x": 81.84394305553398,
                    "y": 11.997424122824597
                },
                {
                    "x": 262.26143808535505,
                    "y": 11.997424122824597
                },
                {
                    "x": 262.26143808535505,
                    "y": 183
                },
                {
                    "x": 81.84394305553398,
                    "y": 183
                }
            ]
        }
    ],
    "version": "2.2.0"
}