{
    "asset": {
        "format": "jpg",
        "id": "ddd0f4af9af2878d5e91ed4c485e96b1",
        "name": "images%20(21).jpg",
        "path": "file:C:/Users/ragha/Downloads/rhesusmacaque/images%20(21).jpg",
        "size": {
            "width": 194,
            "height": 259
        },
        "state": 2,
        "type": 1
    },
    "regions": [
        {
            "id": "yEWig2rk6",
            "type": "RECTANGLE",
            "tags": [
                "monkey"
            ],
            "boundingBox": {
                "height": 219.784179116373,
                "width": 150.22187338775058,
                "left": 16.494586642283313,
                "top": 9.95028416046315
            },
            "points": [
                {
                    "x": 16.494586642283313,
                    "y": 9.95028416046315
                },
                {
                    "x": 166.7164600300339,
                    "y": 9.95028416046315
                },
                {
                    "x": 166.7164600300339,
                    "y": 229.73446327683615
                },
                {
                    "x": 16.494586642283313,
                    "y": 229.73446327683615
                }
            ]
        }
    ],
    "version": "2.2.0"
}