{
    "asset": {
        "format": "jpg",
        "id": "deacddfe4c4709cdd484519e06eb9384",
        "name": "images%20(12).jpg",
        "path": "file:C:/Users/ragha/Downloads/rhesusmacaque/images%20(12).jpg",
        "size": {
            "width": 275,
            "height": 183
        },
        "state": 2,
        "type": 1
    },
    "regions": [
        {
            "id": "mnbjwYZc-",
            "type": "RECTANGLE",
            "tags": [
                "monkey"
            ],
            "boundingBox": {
                "height": 155.2915262125306,
                "width": 151.76690467318193,
                "left": 69.49307255278852,
                "top": 17.111016160350733
            },
            "points": [
                {
                    "x": 69.49307255278852,
                    "y": 17.111016160350733
                },
                {
                    "x": 221.2599772259705,
                    "y": 17.111016160350733
                },
                {
                    "x": 221.2599772259705,
                    "y": 172.4025423728813
                },
                {
                    "x": 69.49307255278852,
                    "y": 172.4025423728813
                }
            ]
        }
    ],
    "version": "2.2.0"
}