{
    "asset": {
        "format": "jpg",
        "id": "debaf75ecc4486a35cd19fdef14cb14c",
        "name": "eiZwaWQ9QXBp.jpg",
        "path": "file:C:/Users/ragha/Downloads/rhesusmacaque/eiZwaWQ9QXBp.jpg",
        "size": {
            "width": 347,
            "height": 225
        },
        "state": 2,
        "type": 1
    },
    "regions": [
        {
            "id": "vSKCDEYrx",
            "type": "RECTANGLE",
            "tags": [
                "monkey"
            ],
            "boundingBox": {
                "height": 188.32369842970303,
                "width": 119.93776547718852,
                "left": 227.06223452281148,
                "top": 17.147309518273858
            },
            "points": [
                {
                    "x": 227.06223452281148,
                    "y": 17.147309518273858
                },
                {
                    "x": 347,
                    "y": 17.147309518273858
                },
                {
                    "x": 347,
                    "y": 205.4710079479769
                },
                {
                    "x": 227.06223452281148,
                    "y": 205.4710079479769
                }
            ]
        }
    ],
    "version": "2.2.0"
}