{
    "asset": {
        "format": "jpg",
        "id": "e01ff7c39b6e05a6b1992964c53b9feb",
        "name": "SCZwaWQ9QXBp%20(6).jpg",
        "path": "file:C:/Users/ragha/Downloads/rhesusmacaque/SCZwaWQ9QXBp%20(6).jpg",
        "size": {
            "width": 150,
            "height": 225
        },
        "state": 2,
        "type": 1
    },
    "regions": [
        {
            "id": "nh4zgtfEE",
            "type": "RECTANGLE",
            "tags": [
                "monkey"
            ],
            "boundingBox": {
                "height": 176.4406769962634,
                "width": 105.50847457627118,
                "left": 21.610169491525422,
                "top": 19.322034868143373
            },
            "points": [
                {
                    "x": 21.610169491525422,
                    "y": 19.322034868143373
                },
                {
                    "x": 127.11864406779661,
                    "y": 19.322034868143373
                },
                {
                    "x": 127.11864406779661,
                    "y": 195.76271186440678
                },
                {
                    "x": 21.610169491525422,
                    "y": 195.76271186440678
                }
            ]
        }
    ],
    "version": "2.2.0"
}