{
    "asset": {
        "format": "jpg",
        "id": "e15a9313e2291f3754d4553b7c16d8f3",
        "name": "images%20-%202022-02-02T104626.386.jpg",
        "path": "file:C:/Users/ragha/Downloads/rhesusmacaque/images%20-%202022-02-02T104626.386.jpg",
        "size": {
            "width": 300,
            "height": 168
        },
        "state": 2,
        "type": 1
    },
    "regions": [
        {
            "id": "85EysmZux",
            "type": "RECTANGLE",
            "tags": [
                "monkey"
            ],
            "boundingBox": {
                "height": 166.42220066538076,
                "width": 229.0258540310869,
                "left": 41.09344482421875,
                "top": 1.5777993346192272
            },
            "points": [
                {
                    "x": 41.09344482421875,
                    "y": 1.5777993346192272
                },
                {
                    "x": 270.11929885530566,
                    "y": 1.5777993346192272
                },
                {
                    "x": 270.11929885530566,
                    "y": 168
                },
                {
                    "x": 41.09344482421875,
                    "y": 168
                }
            ]
        }
    ],
    "version": "2.2.0"
}