{
    "asset": {
        "format": "jpg",
        "id": "e1f7b724f77bcbb3d5d703f9342ddc88",
        "name": "images%20-%202022-02-02T104626.062.jpg",
        "path": "file:C:/Users/ragha/Downloads/rhesusmacaque/images%20-%202022-02-02T104626.062.jpg",
        "size": {
            "width": 300,
            "height": 168
        },
        "state": 2,
        "type": 1
    },
    "regions": [
        {
            "id": "erb-mxwoc",
            "type": "RECTANGLE",
            "tags": [
                "monkey"
            ],
            "boundingBox": {
                "height": 113.63126656513654,
                "width": 117.13718239877143,
                "left": 35.129230112489125,
                "top": 45.97992713074489
            },
            "points": [
                {
                    "x": 35.129230112489125,
                    "y": 45.97992713074489
                },
                {
                    "x": 152.26641251126054,
                    "y": 45.97992713074489
                },
                {
                    "x": 152.26641251126054,
                    "y": 159.61119369588144
                },
                {
                    "x": 35.129230112489125,
                    "y": 159.61119369588144
                }
            ]
        },
        {
            "id": "5M7kfchzF",
            "type": "RECTANGLE",
            "tags": [
                "monkey"
            ],
            "boundingBox": {
                "height": 74.95843603428897,
                "width": 87.31609973945389,
                "left": 71.63022232814053,
                "top": 5.3973384335451815
            },
            "points": [
                {
                    "x": 71.63022232814053,
                    "y": 5.3973384335451815
                },
                {
                    "x": 158.94632206759442,
                    "y": 5.3973384335451815
                },
                {
                    "x": 158.94632206759442,
                    "y": 80.35577446783414
                },
                {
                    "x": 71.63022232814053,
                    "y": 80.35577446783414
                }
            ]
        }
    ],
    "version": "2.2.0"
}