{
    "asset": {
        "format": "jpg",
        "id": "e22872d2a62d779e23bf6dfda7905e50",
        "name": "images%20(83).jpg",
        "path": "file:C:/Users/ragha/Downloads/rhesusmacaque/images%20(83).jpg",
        "size": {
            "width": 275,
            "height": 183
        },
        "state": 2,
        "type": 1
    },
    "regions": [
        {
            "id": "aHt0a2Ow8",
            "type": "RECTANGLE",
            "tags": [
                "monkey"
            ],
            "boundingBox": {
                "height": 77.57014508603224,
                "width": 82.8826904296875,
                "left": 73.971182972963,
                "top": 23.796830442058507
            },
            "points": [
                {
                    "x": 73.971182972963,
                    "y": 23.796830442058507
                },
                {
                    "x": 156.8538734026505,
                    "y": 23.796830442058507
                },
                {
                    "x": 156.8538734026505,
                    "y": 101.36697552809075
                },
                {
                    "x": 73.971182972963,
                    "y": 101.36697552809075
                }
            ]
        },
        {
            "id": "1HStiAuNY",
            "type": "RECTANGLE",
            "tags": [
                "monkey"
            ],
            "boundingBox": {
                "height": 121.49015425497026,
                "width": 183.91648931484335,
                "left": 61.72465709284333,
                "top": 47.395638912827216
            },
            "points": [
                {
                    "x": 61.72465709284333,
                    "y": 47.395638912827216
                },
                {
                    "x": 245.64114640768668,
                    "y": 47.395638912827216
                },
                {
                    "x": 245.64114640768668,
                    "y": 168.8857931677975
                },
                {
                    "x": 61.72465709284333,
                    "y": 168.8857931677975
                }
            ]
        }
    ],
    "version": "2.2.0"
}