{
    "asset": {
        "format": "jpg",
        "id": "e276d05026dd848de014425d68be8940",
        "name": "images%20-%202022-02-02T104626.391.jpg",
        "path": "file:C:/Users/ragha/Downloads/rhesusmacaque/images%20-%202022-02-02T104626.391.jpg",
        "size": {
            "width": 177,
            "height": 285
        },
        "state": 2,
        "type": 1
    },
    "regions": [
        {
            "id": "Ddsl5lZrx",
            "type": "RECTANGLE",
            "tags": [
                "monkey"
            ],
            "boundingBox": {
                "height": 237.33899165008026,
                "width": 161.87455527565697,
                "left": 10.725586769797586,
                "top": 6.76271309286861
            },
            "points": [
                {
                    "x": 10.725586769797586,
                    "y": 6.76271309286861
                },
                {
                    "x": 172.60014204545456,
                    "y": 6.76271309286861
                },
                {
                    "x": 172.60014204545456,
                    "y": 244.10170474294887
                },
                {
                    "x": 10.725586769797586,
                    "y": 244.10170474294887
                }
            ]
        }
    ],
    "version": "2.2.0"
}