{
    "asset": {
        "format": "jpg",
        "id": "e2efb0a6bbe082d27071bb253d8270f5",
        "name": "images%20(15).jpg",
        "path": "file:C:/Users/ragha/Downloads/rhesusmacaque/images%20(15).jpg",
        "size": {
            "width": 100,
            "height": 100
        },
        "state": 2,
        "type": 1
    },
    "regions": [
        {
            "id": "g4uCLJiDN",
            "type": "RECTANGLE",
            "tags": [
                "monkey"
            ],
            "boundingBox": {
                "height": 96.72316211765096,
                "width": 96.94916030107919,
                "left": 1.7372907218286546,
                "top": 0
            },
            "points": [
                {
                    "x": 1.7372907218286546,
                    "y": 0
                },
                {
                    "x": 98.68645102290785,
                    "y": 0
                },
                {
                    "x": 98.68645102290785,
                    "y": 96.72316211765096
                },
                {
                    "x": 1.7372907218286546,
                    "y": 96.72316211765096
                }
            ]
        }
    ],
    "version": "2.2.0"
}