{
    "asset": {
        "format": "jpg",
        "id": "e3984506e953274c703a65d1662f6998",
        "name": "images_1.jpg",
        "path": "file:C:/Users/ragha/Downloads/rhesusmacaque/images_1.jpg",
        "size": {
            "width": 275,
            "height": 183
        },
        "state": 2,
        "type": 1
    },
    "regions": [
        {
            "id": "IUDmu_I-4",
            "type": "RECTANGLE",
            "tags": [
                "monkey"
            ],
            "boundingBox": {
                "height": 178.6503349873557,
                "width": 228.31013415964176,
                "left": 34.82604206911849,
                "top": 4.349665012644298
            },
            "points": [
                {
                    "x": 34.82604206911849,
                    "y": 4.349665012644298
                },
                {
                    "x": 263.13617622876023,
                    "y": 4.349665012644298
                },
                {
                    "x": 263.13617622876023,
                    "y": 183
                },
                {
                    "x": 34.82604206911849,
                    "y": 183
                }
            ]
        }
    ],
    "version": "2.2.0"
}