{
    "asset": {
        "format": "jpg",
        "id": "e3a22ae15816e5c39dafc527db87693f",
        "name": "QSZwaWQ9QXBp%20(7).jpg",
        "path": "file:C:/Users/ragha/Downloads/rhesusmacaque/QSZwaWQ9QXBp%20(7).jpg",
        "size": {
            "width": 150,
            "height": 225
        },
        "state": 2,
        "type": 1
    },
    "regions": [
        {
            "id": "lnaNG1qX8",
            "type": "RECTANGLE",
            "tags": [
                "monkey"
            ],
            "boundingBox": {
                "height": 187.62712155358264,
                "width": 115.6779661016949,
                "left": 24.025435366873012,
                "top": 16.77966198678744
            },
            "points": [
                {
                    "x": 24.025435366873012,
                    "y": 16.77966198678744
                },
                {
                    "x": 139.70340146856793,
                    "y": 16.77966198678744
                },
                {
                    "x": 139.70340146856793,
                    "y": 204.4067835403701
                },
                {
                    "x": 24.025435366873012,
                    "y": 204.4067835403701
                }
            ]
        }
    ],
    "version": "2.2.0"
}