{
    "asset": {
        "format": "jpg",
        "id": "e50aa66c0f02034425e6505246c79320",
        "name": "ViZwaWQ9QXBp.jpg",
        "path": "file:C:/Users/ragha/Downloads/rhesusmacaque/ViZwaWQ9QXBp.jpg",
        "size": {
            "width": 179,
            "height": 225
        },
        "state": 2,
        "type": 1
    },
    "regions": [
        {
            "id": "GzvdjC_HF",
            "type": "RECTANGLE",
            "tags": [
                "monkey"
            ],
            "boundingBox": {
                "height": 170.33899274923033,
                "width": 120.05400809089836,
                "left": 11.966446220980655,
                "top": 50.08474770238844
            },
            "points": [
                {
                    "x": 11.966446220980655,
                    "y": 50.08474770238844
                },
                {
                    "x": 132.020454311879,
                    "y": 50.08474770238844
                },
                {
                    "x": 132.020454311879,
                    "y": 220.42374045161876
                },
                {
                    "x": 11.966446220980655,
                    "y": 220.42374045161876
                }
            ]
        },
        {
            "id": "uh_QtCU0V",
            "type": "RECTANGLE",
            "tags": [
                "monkey"
            ],
            "boundingBox": {
                "height": 161.94915933124088,
                "width": 79.35771870316663,
                "left": 85.4740877574968,
                "top": 2.796611139329813
            },
            "points": [
                {
                    "x": 85.4740877574968,
                    "y": 2.796611139329813
                },
                {
                    "x": 164.83180646066342,
                    "y": 2.796611139329813
                },
                {
                    "x": 164.83180646066342,
                    "y": 164.7457704705707
                },
                {
                    "x": 85.4740877574968,
                    "y": 164.7457704705707
                }
            ]
        }
    ],
    "version": "2.2.0"
}