{
    "asset": {
        "format": "jpg",
        "id": "e528e215ad652f73c0df1d8ea4b0024a",
        "name": "images%20-%202022-02-02T104626.257.jpg",
        "path": "file:C:/Users/ragha/Downloads/rhesusmacaque/images%20-%202022-02-02T104626.257.jpg",
        "size": {
            "width": 183,
            "height": 276
        },
        "state": 2,
        "type": 1
    },
    "regions": [
        {
            "id": "AUASdDhWHC",
            "type": "RECTANGLE",
            "tags": [
                "monkey"
            ],
            "boundingBox": {
                "height": 135.3491454043631,
                "width": 123.03829787234042,
                "left": 16.168230421999667,
                "top": 112.8949176335739
            },
            "points": [
                {
                    "x": 16.168230421999667,
                    "y": 112.8949176335739
                },
                {
                    "x": 139.2065282943401,
                    "y": 112.8949176335739
                },
                {
                    "x": 139.2065282943401,
                    "y": 248.24406303793697
                },
                {
                    "x": 16.168230421999667,
                    "y": 248.24406303793697
                }
            ]
        },
        {
            "id": "pQyeWM9dY",
            "type": "RECTANGLE",
            "tags": [
                "monkey"
            ],
            "boundingBox": {
                "height": 222.98305382162837,
                "width": 138.92425056619848,
                "left": 37.66100113239694,
                "top": 13.722035682807535
            },
            "points": [
                {
                    "x": 37.66100113239694,
                    "y": 13.722035682807535
                },
                {
                    "x": 176.5852516985954,
                    "y": 13.722035682807535
                },
                {
                    "x": 176.5852516985954,
                    "y": 236.70508950443593
                },
                {
                    "x": 37.66100113239694,
                    "y": 236.70508950443593
                }
            ]
        }
    ],
    "version": "2.2.0"
}