{
    "asset": {
        "format": "jpg",
        "id": "e55c04e886d2eaeee97bf1614eb07d71",
        "name": "OCZwaWQ9QXBp%20(18).jpg",
        "path": "file:C:/Users/ragha/Downloads/rhesusmacaque/OCZwaWQ9QXBp%20(18).jpg",
        "size": {
            "width": 338,
            "height": 225
        },
        "state": 2,
        "type": 1
    },
    "regions": [
        {
            "id": "UDqL3xgw-",
            "type": "RECTANGLE",
            "tags": [
                "monkey"
            ],
            "boundingBox": {
                "height": 175.43284401964786,
                "width": 46.76899018486736,
                "left": 18.613516835995746,
                "top": 29.83348931839217
            },
            "points": [
                {
                    "x": 18.613516835995746,
                    "y": 29.83348931839217
                },
                {
                    "x": 65.3825070208631,
                    "y": 29.83348931839217
                },
                {
                    "x": 65.3825070208631,
                    "y": 205.26633333804003
                },
                {
                    "x": 18.613516835995746,
                    "y": 205.26633333804003
                }
            ]
        },
        {
            "id": "gWKq8ONV7",
            "type": "RECTANGLE",
            "tags": [
                "monkey"
            ],
            "boundingBox": {
                "height": 121.16418525354187,
                "width": 133.3184952176589,
                "left": 30.17137792143623,
                "top": 74.96781562691305
            },
            "points": [
                {
                    "x": 30.17137792143623,
                    "y": 74.96781562691305
                },
                {
                    "x": 163.48987313909512,
                    "y": 74.96781562691305
                },
                {
                    "x": 163.48987313909512,
                    "y": 196.1320008804549
                },
                {
                    "x": 30.17137792143623,
                    "y": 196.1320008804549
                }
            ]
        },
        {
            "id": "JJih-H6IF",
            "type": "RECTANGLE",
            "tags": [
                "monkey"
            ],
            "boundingBox": {
                "height": 62.3283500102029,
                "width": 50.26321247320763,
                "left": 131.23539997806134,
                "top": 147.50513930818929
            },
            "points": [
                {
                    "x": 131.23539997806134,
                    "y": 147.50513930818929
                },
                {
                    "x": 181.49861245126897,
                    "y": 147.50513930818929
                },
                {
                    "x": 181.49861245126897,
                    "y": 209.8334893183922
                },
                {
                    "x": 131.23539997806134,
                    "y": 209.8334893183922
                }
            ]
        },
        {
            "id": "J7ZzGede3",
            "type": "RECTANGLE",
            "tags": [
                "monkey"
            ],
            "boundingBox": {
                "height": 119.82090167145232,
                "width": 74.72285051895658,
                "left": 180.96104610132176,
                "top": 92.43050219407723
            },
            "points": [
                {
                    "x": 180.96104610132176,
                    "y": 92.43050219407723
                },
                {
                    "x": 255.68389662027835,
                    "y": 92.43050219407723
                },
                {
                    "x": 255.68389662027835,
                    "y": 212.25140386552954
                },
                {
                    "x": 180.96104610132176,
                    "y": 212.25140386552954
                }
            ]
        },
        {
            "id": "kUcl6avMN",
            "type": "RECTANGLE",
            "tags": [
                "monkey"
            ],
            "boundingBox": {
                "height": 85.70150688513002,
                "width": 53.48869260025783,
                "left": 262.40357852882704,
                "top": 109.8931887612414
            },
            "points": [
                {
                    "x": 262.40357852882704,
                    "y": 109.8931887612414
                },
                {
                    "x": 315.89227112908486,
                    "y": 109.8931887612414
                },
                {
                    "x": 315.89227112908486,
                    "y": 195.59469564637143
                },
                {
                    "x": 262.40357852882704,
                    "y": 195.59469564637143
                }
            ]
        },
        {
            "id": "a5KYN-nwQ",
            "type": "RECTANGLE",
            "tags": [
                "monkey"
            ],
            "boundingBox": {
                "height": 129.22388162185896,
                "width": 94.3443298946555,
                "left": 241.43818327826014,
                "top": 48.37080172638395
            },
            "points": [
                {
                    "x": 241.43818327826014,
                    "y": 48.37080172638395
                },
                {
                    "x": 335.7825131729156,
                    "y": 48.37080172638395
                },
                {
                    "x": 335.7825131729156,
                    "y": 177.59468334824294
                },
                {
                    "x": 241.43818327826014,
                    "y": 177.59468334824294
                }
            ]
        }
    ],
    "version": "2.2.0"
}