{
    "asset": {
        "format": "jpg",
        "id": "e60f14c3341790dcac9aea43cfd0c33e",
        "name": "images%20-%202022-02-02T104626.395.jpg",
        "path": "file:C:/Users/ragha/Downloads/rhesusmacaque/images%20-%202022-02-02T104626.395.jpg",
        "size": {
            "width": 275,
            "height": 183
        },
        "state": 2,
        "type": 1
    },
    "regions": [
        {
            "id": "IMxTPAEfz",
            "type": "RECTANGLE",
            "tags": [
                "monkey"
            ],
            "boundingBox": {
                "height": 163.2250804616444,
                "width": 266.85387173419446,
                "left": 8.146128265805556,
                "top": 10.249366088411701
            },
            "points": [
                {
                    "x": 8.146128265805556,
                    "y": 10.249366088411701
                },
                {
                    "x": 275,
                    "y": 10.249366088411701
                },
                {
                    "x": 275,
                    "y": 173.47444655005611
                },
                {
                    "x": 8.146128265805556,
                    "y": 173.47444655005611
                }
            ]
        }
    ],
    "version": "2.2.0"
}