{
    "asset": {
        "format": "jpg",
        "id": "e6593449ba1e9bdf470298b8e196bb65",
        "name": "images%20-%202022-02-02T104626.354.jpg",
        "path": "file:C:/Users/ragha/Downloads/rhesusmacaque/images%20-%202022-02-02T104626.354.jpg",
        "size": {
            "width": 268,
            "height": 188
        },
        "state": 2,
        "type": 1
    },
    "regions": [
        {
            "id": "85z1rdS7f",
            "type": "RECTANGLE",
            "tags": [
                "monkey"
            ],
            "boundingBox": {
                "height": 120.36260623229461,
                "width": 153.87356840402896,
                "left": 84.87555647559954,
                "top": 45.285766904144715
            },
            "points": [
                {
                    "x": 84.87555647559954,
                    "y": 45.285766904144715
                },
                {
                    "x": 238.74912487962848,
                    "y": 45.285766904144715
                },
                {
                    "x": 238.74912487962848,
                    "y": 165.64837313643932
                },
                {
                    "x": 84.87555647559954,
                    "y": 165.64837313643932
                }
            ]
        }
    ],
    "version": "2.2.0"
}