{
    "asset": {
        "format": "jpg",
        "id": "e6a655106dee4a36ed098fb3421a20ab",
        "name": "65ytthggfh.jpg",
        "path": "file:C:/Users/ragha/Downloads/rhesusmacaque/65ytthggfh.jpg",
        "size": {
            "width": 217,
            "height": 232
        },
        "state": 2,
        "type": 1
    },
    "regions": [
        {
            "id": "VCasJqcOr",
            "type": "RECTANGLE",
            "tags": [
                "monkey"
            ],
            "boundingBox": {
                "height": 214.69831658487266,
                "width": 192.21872911712555,
                "left": 12.525847697185965,
                "top": 2.0971756412484552
            },
            "points": [
                {
                    "x": 12.525847697185965,
                    "y": 2.0971756412484552
                },
                {
                    "x": 204.7445768143115,
                    "y": 2.0971756412484552
                },
                {
                    "x": 204.7445768143115,
                    "y": 216.7954922261211
                },
                {
                    "x": 12.525847697185965,
                    "y": 216.7954922261211
                }
            ]
        }
    ],
    "version": "2.2.0"
}