{
    "asset": {
        "format": "jpg",
        "id": "e7bbc3471bc06ab747420b873ebeb60c",
        "name": "images%20-%202022-02-02T104626.241.jpg",
        "path": "file:C:/Users/ragha/Downloads/rhesusmacaque/images%20-%202022-02-02T104626.241.jpg",
        "size": {
            "width": 275,
            "height": 183
        },
        "state": 2,
        "type": 1
    },
    "regions": [
        {
            "id": "vi5Pbpsn4",
            "type": "RECTANGLE",
            "tags": [
                "monkey"
            ],
            "boundingBox": {
                "height": 115.37195113452512,
                "width": 47.23657717998648,
                "left": 68.50398615387752,
                "top": 37.12578233177982
            },
            "points": [
                {
                    "x": 68.50398615387752,
                    "y": 37.12578233177982
                },
                {
                    "x": 115.740563333864,
                    "y": 37.12578233177982
                },
                {
                    "x": 115.740563333864,
                    "y": 152.49773346630494
                },
                {
                    "x": 68.50398615387752,
                    "y": 152.49773346630494
                }
            ]
        },
        {
            "id": "SsVSvKirv",
            "type": "RECTANGLE",
            "tags": [
                "monkey"
            ],
            "boundingBox": {
                "height": 65.98925539842293,
                "width": 45.705768744466795,
                "left": 86.87375411835626,
                "top": 70.77593075197134
            },
            "points": [
                {
                    "x": 86.87375411835626,
                    "y": 70.77593075197134
                },
                {
                    "x": 132.57952286282307,
                    "y": 70.77593075197134
                },
                {
                    "x": 132.57952286282307,
                    "y": 136.76518615039427
                },
                {
                    "x": 86.87375411835626,
                    "y": 136.76518615039427
                }
            ]
        },
        {
            "id": "3Xhpm8wvT",
            "type": "RECTANGLE",
            "tags": [
                "monkey"
            ],
            "boundingBox": {
                "height": 135.25612690484346,
                "width": 120.93438362743461,
                "left": 123.61332341643498,
                "top": 33.84817039148131
            },
            "points": [
                {
                    "x": 123.61332341643498,
                    "y": 33.84817039148131
                },
                {
                    "x": 244.5477070438696,
                    "y": 33.84817039148131
                },
                {
                    "x": 244.5477070438696,
                    "y": 169.10429729632477
                },
                {
                    "x": 123.61332341643498,
                    "y": 169.10429729632477
                }
            ]
        }
    ],
    "version": "2.2.0"
}