{
    "asset": {
        "format": "jpg",
        "id": "e82a7d272e8b3ea5b6283bfab03891bb",
        "name": "425ertdfgcv.jpg",
        "path": "file:C:/Users/ragha/Downloads/rhesusmacaque/425ertdfgcv.jpg",
        "size": {
            "width": 275,
            "height": 183
        },
        "state": 2,
        "type": 1,
        "predicted": true
    },
    "regions": [
        {
            "id": "HMZszrJ_r",
            "type": "RECTANGLE",
            "tags": [
                "monkey"
            ],
            "boundingBox": {
                "left": 60.5447806417942,
                "top": 0,
                "width": 153.56119796633718,
                "height": 184.983627051115
            },
            "points": [
                {
                    "x": 60.5447806417942,
                    "y": 0
                },
                {
                    "x": 214.10597860813138,
                    "y": 0
                },
                {
                    "x": 214.10597860813138,
                    "y": 184.983627051115
                },
                {
                    "x": 60.5447806417942,
                    "y": 184.983627051115
                }
            ]
        }
    ],
    "version": "2.2.0"
}