{
    "asset": {
        "format": "jpg",
        "id": "e903ad5da59a53129b92934b41ff061a",
        "name": "images%20-%202022-02-02T104625.861.jpg",
        "path": "file:C:/Users/ragha/Downloads/rhesusmacaque/images%20-%202022-02-02T104625.861.jpg",
        "size": {
            "width": 260,
            "height": 194
        },
        "state": 2,
        "type": 1
    },
    "regions": [
        {
            "id": "cgRgwQsv5",
            "type": "RECTANGLE",
            "tags": [
                "monkey"
            ],
            "boundingBox": {
                "height": 148.40452144644354,
                "width": 202.08220181399827,
                "left": 24.010277316994863,
                "top": 13.590962124409648
            },
            "points": [
                {
                    "x": 24.010277316994863,
                    "y": 13.590962124409648
                },
                {
                    "x": 226.09247913099313,
                    "y": 13.590962124409648
                },
                {
                    "x": 226.09247913099313,
                    "y": 161.99548357085317
                },
                {
                    "x": 24.010277316994863,
                    "y": 161.99548357085317
                }
            ]
        }
    ],
    "version": "2.2.0"
}