{
    "asset": {
        "format": "jpg",
        "id": "e99c1a8248a30ff68ca9f9ee337549ee",
        "name": "745677hgdgfb.jpg",
        "path": "file:C:/Users/ragha/Downloads/rhesusmacaque/745677hgdgfb.jpg",
        "size": {
            "width": 275,
            "height": 183
        },
        "state": 2,
        "type": 1
    },
    "regions": [
        {
            "id": "OBAHoQ6qR",
            "type": "RECTANGLE",
            "tags": [
                "monkey"
            ],
            "boundingBox": {
                "height": 123.8610240483688,
                "width": 119.09774909342141,
                "left": 73.99025142640996,
                "top": 35.772883722337625
            },
            "points": [
                {
                    "x": 73.99025142640996,
                    "y": 35.772883722337625
                },
                {
                    "x": 193.08800051983135,
                    "y": 35.772883722337625
                },
                {
                    "x": 193.08800051983135,
                    "y": 159.63390777070643
                },
                {
                    "x": 73.99025142640996,
                    "y": 159.63390777070643
                }
            ]
        }
    ],
    "version": "2.2.0"
}