{
    "asset": {
        "format": "jpg",
        "id": "e9e310fb10f2c579d086a17fe57f7fd7",
        "name": "gfbsbgdytyhgfb.jpg",
        "path": "file:C:/Users/ragha/Downloads/rhesusmacaque/gfbsbgdytyhgfb.jpg",
        "size": {
            "width": 175,
            "height": 195
        },
        "state": 2,
        "type": 1
    },
    "regions": [
        {
            "id": "XlONV3Tz7",
            "type": "RECTANGLE",
            "tags": [
                "monkey"
            ],
            "boundingBox": {
                "height": 137.05084913868015,
                "width": 74.74015243410126,
                "left": 6.614173228346457,
                "top": 56.40678470417604
            },
            "points": [
                {
                    "x": 6.614173228346457,
                    "y": 56.40678470417604
                },
                {
                    "x": 81.35432566244772,
                    "y": 56.40678470417604
                },
                {
                    "x": 81.35432566244772,
                    "y": 193.45763384285618
                },
                {
                    "x": 6.614173228346457,
                    "y": 193.45763384285618
                }
            ]
        },
        {
            "id": "U1s-NiDGx",
            "type": "RECTANGLE",
            "tags": [
                "monkey"
            ],
            "boundingBox": {
                "height": 173.62712116564734,
                "width": 103.62203042338214,
                "left": 64.15748536117434,
                "top": 9.033899145611262
            },
            "points": [
                {
                    "x": 64.15748536117434,
                    "y": 9.033899145611262
                },
                {
                    "x": 167.77951578455648,
                    "y": 9.033899145611262
                },
                {
                    "x": 167.77951578455648,
                    "y": 182.6610203112586
                },
                {
                    "x": 64.15748536117434,
                    "y": 182.6610203112586
                }
            ]
        }
    ],
    "version": "2.2.0"
}