{
    "asset": {
        "format": "jpg",
        "id": "ec6e918d439b2ea025c21a22f46b81a3",
        "name": "hgjnvbghjhg.jpg",
        "path": "file:C:/Users/ragha/Downloads/rhesusmacaque/hgjnvbghjhg.jpg",
        "size": {
            "width": 259,
            "height": 195
        },
        "state": 2,
        "type": 1
    },
    "regions": [
        {
            "id": "NWWfaY1Jz",
            "type": "RECTANGLE",
            "tags": [
                "monkey"
            ],
            "boundingBox": {
                "height": 119.86440173650192,
                "width": 101.39574468085105,
                "left": 18.650066489361702,
                "top": 21.372883036985236
            },
            "points": [
                {
                    "x": 18.650066489361702,
                    "y": 21.372883036985236
                },
                {
                    "x": 120.04581117021276,
                    "y": 21.372883036985236
                },
                {
                    "x": 120.04581117021276,
                    "y": 141.23728477348715
                },
                {
                    "x": 18.650066489361702,
                    "y": 141.23728477348715
                }
            ]
        },
        {
            "id": "7Ajoju4oI",
            "type": "RECTANGLE",
            "tags": [
                "monkey"
            ],
            "boundingBox": {
                "height": 124.49153382899397,
                "width": 84.64340761874584,
                "left": 98.0032579787234,
                "top": 29.084747443764897
            },
            "points": [
                {
                    "x": 98.0032579787234,
                    "y": 29.084747443764897
                },
                {
                    "x": 182.64666559746922,
                    "y": 29.084747443764897
                },
                {
                    "x": 182.64666559746922,
                    "y": 153.57628127275888
                },
                {
                    "x": 98.0032579787234,
                    "y": 153.57628127275888
                }
            ]
        },
        {
            "id": "IYmK_aQp_",
            "type": "RECTANGLE",
            "tags": [
                "monkey"
            ],
            "boundingBox": {
                "height": 93.64405939134501,
                "width": 78.9123471523853,
                "left": 159.7224069148936,
                "top": 66.32203894146419
            },
            "points": [
                {
                    "x": 159.7224069148936,
                    "y": 66.32203894146419
                },
                {
                    "x": 238.63475406727892,
                    "y": 66.32203894146419
                },
                {
                    "x": 238.63475406727892,
                    "y": 159.9660983328092
                },
                {
                    "x": 159.7224069148936,
                    "y": 159.9660983328092
                }
            ]
        }
    ],
    "version": "2.2.0"
}