{
    "asset": {
        "format": "jpg",
        "id": "ec70421eaa6b25ca2eb146a4f23691a0",
        "name": "MSZwaWQ9QXBp%20(1).jpg",
        "path": "file:C:/Users/ragha/Downloads/rhesusmacaque/MSZwaWQ9QXBp%20(1).jpg",
        "size": {
            "width": 345,
            "height": 225
        },
        "state": 2,
        "type": 1
    },
    "regions": [
        {
            "id": "r4i5V1SSq",
            "type": "RECTANGLE",
            "tags": [
                "monkey"
            ],
            "boundingBox": {
                "height": 181.92072961388567,
                "width": 95.47515747798366,
                "left": 23.388672178355648,
                "top": 32.806784059943226
            },
            "points": [
                {
                    "x": 23.388672178355648,
                    "y": 32.806784059943226
                },
                {
                    "x": 118.8638296563393,
                    "y": 32.806784059943226
                },
                {
                    "x": 118.8638296563393,
                    "y": 214.7275136738289
                },
                {
                    "x": 23.388672178355648,
                    "y": 214.7275136738289
                }
            ]
        },
        {
            "id": "jharoB8IX",
            "type": "RECTANGLE",
            "tags": [
                "monkey"
            ],
            "boundingBox": {
                "height": 173.4146362397729,
                "width": 80.11132363533642,
                "left": 144.1043779437632,
                "top": 31.43483284043103
            },
            "points": [
                {
                    "x": 144.1043779437632,
                    "y": 31.43483284043103
                },
                {
                    "x": 224.21570157909963,
                    "y": 31.43483284043103
                },
                {
                    "x": 224.21570157909963,
                    "y": 204.84946908020393
                },
                {
                    "x": 144.1043779437632,
                    "y": 204.84946908020393
                }
            ]
        },
        {
            "id": "2BoQEAXF0",
            "type": "RECTANGLE",
            "tags": [
                "monkey"
            ],
            "boundingBox": {
                "height": 84.51220349567693,
                "width": 119.61830700368104,
                "left": 143.006958250497,
                "top": 119.78849347044783
            },
            "points": [
                {
                    "x": 143.006958250497,
                    "y": 119.78849347044783
                },
                {
                    "x": 262.62526525417803,
                    "y": 119.78849347044783
                },
                {
                    "x": 262.62526525417803,
                    "y": 204.30069696612475
                },
                {
                    "x": 143.006958250497,
                    "y": 204.30069696612475
                }
            ]
        }
    ],
    "version": "2.2.0"
}