{
    "asset": {
        "format": "jpg",
        "id": "ec8ce896485a36eb6fd8f550be24441e",
        "name": "sfsgbfgbgbv.jpg",
        "path": "file:C:/Users/ragha/Downloads/rhesusmacaque/sfsgbfgbgbv.jpg",
        "size": {
            "width": 225,
            "height": 225
        },
        "state": 2,
        "type": 1
    },
    "regions": [
        {
            "id": "dwbvuHirw",
            "type": "RECTANGLE",
            "tags": [
                "monkey"
            ],
            "boundingBox": {
                "height": 210.5084847595732,
                "width": 198.5593472496938,
                "left": 10.296608229814948,
                "top": 6.101696370011669
            },
            "points": [
                {
                    "x": 10.296608229814948,
                    "y": 6.101696370011669
                },
                {
                    "x": 208.85595547950874,
                    "y": 6.101696370011669
                },
                {
                    "x": 208.85595547950874,
                    "y": 216.61018112958487
                },
                {
                    "x": 10.296608229814948,
                    "y": 216.61018112958487
                }
            ]
        }
    ],
    "version": "2.2.0"
}