{
    "asset": {
        "format": "jpg",
        "id": "ec8e2ccc8992e5a35de0a93cceeabe48",
        "name": "6ythgfbn.jpg",
        "path": "file:C:/Users/ragha/Downloads/rhesusmacaque/6ythgfbn.jpg",
        "size": {
            "width": 244,
            "height": 206
        },
        "state": 2,
        "type": 1
    },
    "regions": [
        {
            "id": "bf6Eoqd1r",
            "type": "RECTANGLE",
            "tags": [
                "monkey"
            ],
            "boundingBox": {
                "height": 142.9197820027669,
                "width": 61.9608734058025,
                "left": 55.20936398745152,
                "top": 45.15706125895182
            },
            "points": [
                {
                    "x": 55.20936398745152,
                    "y": 45.15706125895182
                },
                {
                    "x": 117.17023739325403,
                    "y": 45.15706125895182
                },
                {
                    "x": 117.17023739325403,
                    "y": 188.07684326171875
                },
                {
                    "x": 55.20936398745152,
                    "y": 188.07684326171875
                }
            ]
        },
        {
            "id": "Xh4OY89C6",
            "type": "RECTANGLE",
            "tags": [
                "monkey"
            ],
            "boundingBox": {
                "height": 154.55818676275047,
                "width": 92.00952876780653,
                "left": 127.6523376319175,
                "top": 37.70847635215285
            },
            "points": [
                {
                    "x": 127.6523376319175,
                    "y": 37.70847635215285
                },
                {
                    "x": 219.66186639972403,
                    "y": 37.70847635215285
                },
                {
                    "x": 219.66186639972403,
                    "y": 192.26666311490334
                },
                {
                    "x": 127.6523376319175,
                    "y": 192.26666311490334
                }
            ]
        },
        {
            "id": "0ew21Qmk0",
            "type": "RECTANGLE",
            "tags": [
                "monkey"
            ],
            "boundingBox": {
                "height": 49.11412074202198,
                "width": 52.876374092193096,
                "left": 0.7024480778732846,
                "top": 140.12656432760636
            },
            "points": [
                {
                    "x": 0.7024480778732846,
                    "y": 140.12656432760636
                },
                {
                    "x": 53.578822170066374,
                    "y": 140.12656432760636
                },
                {
                    "x": 53.578822170066374,
                    "y": 189.24068506962834
                },
                {
                    "x": 0.7024480778732846,
                    "y": 189.24068506962834
                }
            ]
        }
    ],
    "version": "2.2.0"
}